39ecd53b8870a5a861411310ec24102007a3a30f09b9c715b8970d8a9d672f2b	2960	SUMMARY.json
ac42804bb7def9055b5bec7c80dd3b8a236d5ecaddc779efa2df7b6ba9435cf3	14536	records/P039.md
b9b8c5d45a59ca963651a9448cdd72e79e3d55d41e0f18f1b038448e96abb20f	15705	records/P052.md
d636b5ef8fe91538d08ff572abe237dea4332714639f5d429a2aee4791e6ec4a	9573	records/P126.md
0526460c1af47824bbce9d7dfe0feabda7fccbac45bef8e233291b3d715d9c7c	15017	traces/P039.jsonl
d62fa61455f66e33b5d06f34cc79239e10e6d5468ba7548cfd90718d7bd8a458	727	traces/P039.run.json
e3b0c44298fc1c149afbf4c8996fb92427ae41e4649b934ca495991b7852b855	0	traces/P039.stderr.txt
682563c93747f5b2df6c76104943bad2dc2d71bae5a877a2cbc7d8a941c2c027	16182	traces/P052.jsonl
6d45c207ae7b329c085b6bab0510ba33318c386ff0cdbded8dc138c9e2843364	727	traces/P052.run.json
e3b0c44298fc1c149afbf4c8996fb92427ae41e4649b934ca495991b7852b855	0	traces/P052.stderr.txt
357a02b40966f64682066e3fa9e948381f8b0c5d3978c74e93a3f0260943868b	10014	traces/P126.jsonl
5f7c500347481c761925b9f08f70b6b2ecf5e1022f572e88799d6ffbc0421b51	727	traces/P126.run.json
e3b0c44298fc1c149afbf4c8996fb92427ae41e4649b934ca495991b7852b855	0	traces/P126.stderr.txt
