entity_type	source_label	source_record_ids	decision	proposed_registry_id	canonical_label	parent_registry_id	variant_kind	language_code	jurisdiction	version	source_identifier	scope	aliases	note
Instrument	ASCOT	CNF-P011	ADD_GLOBAL	instrument:ascot	Adult Social Care Outcomes Toolkit							GLOBAL	ASCOT	New stable identity supported by the source.
Instrument	Acceptability Scale	CNF-P006	ADD_GLOBAL	instrument:acceptability-scale	Acceptability Scale							GLOBAL	Acceptability Scale	New stable identity supported by the source.
Instrument	Amharic version of EQ-5D	CNF-P004	ADD_GLOBAL	instrument:eq-5d-5l-am-et	EQ-5D-5L, Amharic, Ethiopia	instrument:eq-5d-5l	LANGUAGE_EDITION	am	ET		10.1186/s12955-024-02305-3	GLOBAL	Amharic version of EQ-5D	New stable identity supported by the source.
Instrument	Arabic version of the EQ-5D-5L	CNF-P008	ADD_GLOBAL	instrument:eq-5d-5l-ar-eg	EQ-5D-5L, Arabic, Egypt	instrument:eq-5d-5l	LANGUAGE_EDITION	ar	EG		10.1136/bmjopen-2021-051727	GLOBAL	Arabic version of the EQ-5D-5L	New stable identity supported by the source.
Instrument	CHU9D	CNF-P009	ADD_GLOBAL	instrument:chu9d	CHU9D							GLOBAL	CHU9D	New stable identity supported by the source.
Instrument	Dutch version of a validated word completion test	CNF-P002	ADD_SOURCE_SCOPED	instrument:cnf-p002-dutch-word-completion-test	Dutch death-thought-accessibility word-completion test		LOCAL_INSTRUMENT				10.1007/s11136-025-04145-0	CNF-P002	Dutch version of a validated word completion test	Source-defined identity; do not merge globally without cross-source evidence.
Instrument	EORTC QLQ-C30	CNF-P004	ADD_GLOBAL	instrument:eortc-qlq-c30	EORTC QLQ-C30							GLOBAL	EORTC QLQ-C30	New stable identity supported by the source.
Instrument	EORTC-QLQ-C30 global health subscale	CNF-P004	ADD_GLOBAL	instrument:eortc-qlq-c30-global-health	EORTC QLQ-C30 global health subscale	instrument:eortc-qlq-c30	SUBSCALE					GLOBAL	EORTC-QLQ-C30 global health subscale	A named subscale is a stable measure; the parent records its instrument family.
Instrument	EQ- 5D- 3L	CNF-P009	ALIAS_EXISTING	instrument:eq-5d-3l	EQ-5D-3L	instrument:eq-5d	LEVEL_VERSION			3L		GLOBAL	EQ- 5D- 3L	Exact semantic alias of the reviewed identity.
Instrument	EQ- 5D-Y- 3L	CNF-P009	ALIAS_EXISTING	instrument:eq-5d-y-3l	EQ-5D-Y-3L	instrument:eq-5d-y	LEVEL_VERSION			3L		GLOBAL	EQ- 5D-Y- 3L	Exact semantic alias of the reviewed identity.
Instrument	EQ- 5D-Y- 5L	CNF-P009	ALIAS_EXISTING	instrument:eq-5d-y-5l	EQ-5D-Y-5L	instrument:eq-5d-y	LEVEL_VERSION			5L		GLOBAL	EQ- 5D-Y- 5L	Exact semantic alias of the reviewed identity.
Instrument	EQ-5D proxy versions	CNF-P018	AMBIGUOUS											The plural label does not identify a level, language, respondent form, or exact proxy version.
Instrument	EQ-5D-3L descriptive system	CNF-P019	ALIAS_EXISTING	instrument:eq-5d-3l	EQ-5D-3L	instrument:eq-5d	LEVEL_VERSION			3L		GLOBAL	EQ-5D-3L descriptive system	Exact semantic alias of the reviewed identity.
Instrument	EQ-5D-5L questionnaire	CNF-P001	ALIAS_EXISTING	instrument:eq-5d-5l	EQ-5D-5L	instrument:eq-5d	LEVEL_VERSION			5L		GLOBAL	EQ-5D-5L questionnaire	Exact semantic alias of the reviewed identity.
Instrument	EQ-HWB-9	CNF-P010	ALIAS_EXISTING	instrument:eq-hwb-s	EQ-HWB-S	instrument:eq-hwb	FORM_VERSION			SHORT		GLOBAL	EQ-HWB-9	Exact semantic alias of the reviewed identity.
Instrument	EQ-HWB/EQ-HWB-S	CNF-P016	SPLIT_RECORD											Split the EQ-HWB and EQ-HWB-S uses. They are distinct instruments.
Instrument	EQ-VAS instrument	CNF-P002	ALIAS_EXISTING	instrument:eq-vas	EQ VAS							GLOBAL	EQ-VAS instrument	Exact semantic alias of the reviewed identity.
Instrument	EQ‐5D‐5L Alberta population norms	CNF-P013	TYPE_REPAIR	dataset:alberta-eq-5d-5l-population-norms	Alberta EQ-5D-5L population norms							GLOBAL	EQ‐5D‐5L Alberta population norms	Repair to a study-wide comparator dataset, not an instrument.
Instrument	Eastern Cooperative Oncology Group (ECOG) performance status	CNF-P004	ADD_GLOBAL	instrument:ecog-performance-status	ECOG Performance Status							GLOBAL	Eastern Cooperative Oncology Group (ECOG) performance status	New stable identity supported by the source.
Instrument	EuroQol’s EQ-5D-3L	CNF-P007	ALIAS_EXISTING	instrument:eq-5d-3l	EQ-5D-3L	instrument:eq-5d	LEVEL_VERSION			3L		GLOBAL	EuroQol’s EQ-5D-3L	Exact semantic alias of the reviewed identity.
Instrument	European quality of life five dimensions (EQ-5D)	CNF-P018	ALIAS_EXISTING	instrument:eq-5d	EQ-5D							GLOBAL	European quality of life five dimensions (EQ-5D)	Exact semantic alias of the reviewed identity.
Instrument	FSS	CNF-P014	ADD_GLOBAL	instrument:fatigue-severity-scale	Fatigue Severity Scale							GLOBAL	FSS	New stable identity supported by the source.
Instrument	HADS-A	CNF-P014	ADD_GLOBAL	instrument:hads-a	Hospital Anxiety and Depression Scale, Anxiety subscale		FORM_VERSION					GLOBAL	HADS-A	New stable identity supported by the source.
Instrument	HADS-D	CNF-P014	ADD_GLOBAL	instrument:hads-d	Hospital Anxiety and Depression Scale, Depression subscale		FORM_VERSION					GLOBAL	HADS-D	New stable identity supported by the source.
Instrument	HUI2	CNF-P009	ALIAS_EXISTING	instrument:hui2	Health Utilities Index Mark 2	instrument:hui	FORM_VERSION			Mark 2		GLOBAL	HUI2	Exact semantic alias of the reviewed identity.
Instrument	HUI3	CNF-P009	ALIAS_EXISTING	instrument:hui3	Health Utilities Index Mark 3	instrument:hui	FORM_VERSION			Mark 3		GLOBAL	HUI3	Exact semantic alias of the reviewed identity.
Instrument	Health Utility Index mark 3 [HUI3]	CNF-P018	ALIAS_EXISTING	instrument:hui3	Health Utilities Index Mark 3	instrument:hui	FORM_VERSION			Mark 3		GLOBAL	Health Utility Index mark 3 [HUI3]	Exact semantic alias of the reviewed identity.
Instrument	MSIS-29v2	CNF-P014	ADD_GLOBAL	instrument:msis-29-v2	MSIS-29 version 2		FORM_VERSION					GLOBAL	MSIS-29v2	New stable identity supported by the source.
Instrument	MSIS-8D	CNF-P014	ADD_GLOBAL	instrument:msis-8d	MSIS-8D							GLOBAL	MSIS-8D	New stable identity supported by the source.
Instrument	MSWS-12	CNF-P014	ADD_GLOBAL	instrument:msws-12	MS Walking Scale, 12-item version		FORM_VERSION					GLOBAL	MSWS-12	New stable identity supported by the source.
Instrument	PedsQL	CNF-P009	ADD_GLOBAL	instrument:pedsql	PedsQL							GLOBAL	PedsQL	New stable identity supported by the source.
Instrument	PedsQL 3.0 Cancer Module	CNF-P010	ADD_GLOBAL	instrument:pedsql-3-cancer-module	PedsQL 3.0 Cancer Module	instrument:pedsql	FORM_VERSION					GLOBAL	PedsQL 3.0 Cancer Module	New stable identity supported by the source.
Instrument	PedsQL generic core 4.0	CNF-P010	ADD_GLOBAL	instrument:pedsql-4-generic-core	PedsQL 4.0 Generic Core Scales	instrument:pedsql	FORM_VERSION					GLOBAL	PedsQL generic core 4.0	New stable identity supported by the source.
Instrument	Preparation for Decision Making Scale (PDMS)	CNF-P006	ADD_GLOBAL	instrument:preparation-decision-making-scale	Preparation for Decision Making Scale							GLOBAL	Preparation for Decision Making Scale (PDMS)	New stable identity supported by the source.
Instrument	QOL-ACC	CNF-P011	ADD_GLOBAL	instrument:qol-acc	Quality of Life-Aged Care Consumers							GLOBAL	QOL-ACC	New stable identity supported by the source.
Instrument	SF-6D	CNF-P018	ADD_GLOBAL	instrument:sf-6d	SF-6D							GLOBAL	SF-6D	Create the family identity; link the existing SF-6Dv1 identity to this family during registry application.
Instrument	Short Form-36 (SF-36)	CNF-P018	ADD_GLOBAL	instrument:sf-36	SF-36							GLOBAL	Short Form-36 (SF-36)	New stable identity supported by the source.
Instrument	System Usability Scale (SUS)	CNF-P006	ADD_GLOBAL	instrument:system-usability-scale	System Usability Scale							GLOBAL	System Usability Scale (SUS)	New stable identity supported by the source.
Instrument	VAS score Health	CNF-P015	ADD_SOURCE_SCOPED	instrument:cnf-p015-self-rated-health-vas	Study self-rated-health VAS		LOCAL_INSTRUMENT				10.1186/s12955-022-01989-9	CNF-P015	VAS score Health	The source does not identify this table covariate as EQ VAS.
Instrument	Vignette	CNF-P009	TYPE_REPAIR	task:health-state-vignette	Health-state vignette							GLOBAL	Vignette	Repair to a task stimulus or study material; a vignette is not an instrument identity.
Instrument	country-specific questionnaire designed for the Egyptian valuation study	CNF-P008	ADD_SOURCE_SCOPED	instrument:cnf-p008-egypt-valuation-questionnaire	Egypt valuation-study country questionnaire		LOCAL_INSTRUMENT				10.1136/bmjopen-2021-051727	CNF-P008	country-specific questionnaire designed for the Egyptian valuation study	Source-defined identity; do not merge globally without cross-source evidence.
Instrument	emotional lability questionnaire	CNF-P002	ADD_SOURCE_SCOPED	instrument:cnf-p002-emotional-lability-questionnaire	Study emotional-lability questionnaire		LOCAL_INSTRUMENT				10.1007/s11136-025-04145-0	CNF-P002	emotional lability questionnaire	Source-defined identity; do not merge globally without cross-source evidence.
Instrument	level of agreement with the medical doctor	CNF-P002	ADD_SOURCE_SCOPED	instrument:cnf-p002-doctor-agreement-scale	Study doctor-agreement scale		LOCAL_INSTRUMENT				10.1007/s11136-025-04145-0	CNF-P002	level of agreement with the medical doctor	Source-defined identity; do not merge globally without cross-source evidence.
Instrument	overall health assessment (OHA)	CNF-P010	ADD_GLOBAL	instrument:overall-health-assessment	Overall Health Assessment							GLOBAL	overall health assessment (OHA)	New stable identity supported by the source.
Instrument	revised individualized decision aid	CNF-P006	ADD_SOURCE_SCOPED	instrument:cnf-p006-revised-knee-decision-aid	Revised individualized knee decision aid		LOCAL_INSTRUMENT				10.1016/j.pecinn.2025.100421	CNF-P006	revised individualized decision aid	Source-defined identity; do not merge globally without cross-source evidence.
Instrument	self-rated EQ-5D-5L health state	CNF-P005	ALIAS_EXISTING	instrument:eq-5d-5l	EQ-5D-5L	instrument:eq-5d	LEVEL_VERSION			5L		GLOBAL	self-rated EQ-5D-5L health state	Exact semantic alias of the reviewed identity.
Instrument	simplified Chinese version of the EQ-5D-Y-3 L instrument	CNF-P003	ADD_GLOBAL	instrument:eq-5d-y-3l-zh-hans-cn	EQ-5D-Y-3L, Simplified Chinese, China	instrument:eq-5d-y-3l	LANGUAGE_EDITION	zh-Hans	CN		10.1007/s11136-025-03917-y	GLOBAL	simplified Chinese version of the EQ-5D-Y-3 L instrument	New stable identity supported by the source.
Instrument	validated Dutch version of the Experiences in Close Relationships	CNF-P002	ADD_GLOBAL	instrument:experiences-close-relationships-nl	Experiences in Close Relationships, Dutch edition		LANGUAGE_EDITION	nl	NL			GLOBAL	validated Dutch version of the Experiences in Close Relationships	New stable identity supported by the source.
Instrument	web-EDSS	CNF-P014	ADD_GLOBAL	instrument:web-edss	web-EDSS							GLOBAL	web-EDSS	New stable identity supported by the source.
Method	ANOVA comparisons across severity levels	CNF-P010	ALIAS_EXISTING	method:analysis-of-variance	Analysis of variance							GLOBAL	ANOVA comparisons across severity levels	Exact semantic alias of the reviewed identity.
Method	ANOVAs with planned comparisons	CNF-P002	ALIAS_EXISTING	method:analysis-of-variance	Analysis of variance							GLOBAL	ANOVAs with planned comparisons	Exact semantic alias of the reviewed identity.
Method	Bayesian Markov chain Monte Carlo (MCMC) methods	CNF-P005	ADD_GLOBAL	method:bayesian-mcmc	Bayesian Markov chain Monte Carlo							GLOBAL	Bayesian Markov chain Monte Carlo (MCMC) methods	New stable identity supported by the source.
Method	Bonferroni correction for multiple comparisons	CNF-P002	ALIAS_EXISTING	method:bonferroni-correction	Bonferroni correction							GLOBAL	Bonferroni correction for multiple comparisons	Exact semantic alias of the reviewed identity.
Method	Chi square tests	CNF-P017	ALIAS_EXISTING	method:chi-square-test	Chi-square test							GLOBAL	Chi square tests	Exact semantic alias of the reviewed identity.
Method	Cohen’s d effect sizes	CNF-P010	ADD_GLOBAL	method:cohens-d	Cohen d effect size	method:standardized-effect-size	METHOD_VARIANT					GLOBAL	Cohen’s d effect sizes	New stable identity supported by the source.
Method	Cross validation of the MEs	CNF-P005	ALIAS_EXISTING	method:cross-validation	Cross-validation							GLOBAL	Cross validation of the MEs	Exact semantic alias of the proposed identity.
Method	DCE-death	CNF-P005	ADD_GLOBAL	method:dce-death	DCE with death	method:dce	METHOD_VARIANT					GLOBAL	DCE-death	New stable identity supported by the source.
Method	DCE-duration	CNF-P005	ADD_GLOBAL	method:dce-duration	DCE with duration	method:dce	METHOD_VARIANT					GLOBAL	DCE-duration	New stable identity supported by the source.
Method	Database search in Ovid MEDLINE, Ovid EMBASE, and EconLit	CNF-P009	ADD_SOURCE_SCOPED	method:cnf-p009-database-search	CNF-P009 database-search workflow		STUDY_ADAPTATION				10.1007/s40273-025-01493-0	CNF-P009	Database search in Ovid MEDLINE, Ovid EMBASE, and EconLit	Source-defined identity; do not merge globally without cross-source evidence.
Method	Descriptive statistics	CNF-P012	ADD_GLOBAL	method:descriptive-statistics	Descriptive statistics							GLOBAL	Descriptive statistics	New stable identity supported by the source.
Method	Descriptive statistics including proportions and their 95% confidence intervals (95% CIs)	CNF-P007	ALIAS_EXISTING	method:descriptive-statistics	Descriptive statistics							GLOBAL	Descriptive statistics including proportions and their 95% confidence intervals (95% CIs)	Exact semantic alias of the proposed identity.
Method	Descriptive summary	CNF-P009	ALIAS_EXISTING	method:narrative-synthesis	Narrative synthesis							GLOBAL	Descriptive summary	Exact semantic alias of the reviewed identity.
Method	Differential item functioning (DIF) analysis using a hybrid logistic ordinal regression/IRT approach	CNF-P016	ADD_GLOBAL	method:dif-hybrid-logistic-ordinal-irt	DIF analysis with hybrid ordinal-logistic and IRT approach		INTEGRATED_WORKFLOW					GLOBAL	Differential item functioning (DIF) analysis using a hybrid logistic ordinal regression/IRT approach	New stable identity supported by the source.
Method	EuroQol Valuation Technology (EQ-VT) (version 2.1)	CNF-P001	TYPE_REPAIR	protocol:eq-vt-2-1	EQ-VT 2.1	protocol:eq-vt	PROTOCOL_VERSION			2.1		GLOBAL	EuroQol Valuation Technology (EQ-VT) (version 2.1)	Repair from MethodUse to ProtocolUse.
Method	Forest plots	CNF-P009	ADD_GLOBAL	method:forest-plot	Forest plot							GLOBAL	Forest plots	New stable identity supported by the source.
Method	Glass’ Δ effect sizes and response means	CNF-P010	SPLIT_RECORD											Split Glass delta and response-mean summaries.
Method	Gwet’s AC1	CNF-P010	ADD_GLOBAL	method:gwet-ac1	Gwet AC1 coefficient	method:gwet-agreement-coefficient	METHOD_VARIANT					GLOBAL	Gwet’s AC1	New stable identity supported by the source.
Method	Item Response Theory analysis	CNF-P016	ADD_GLOBAL	method:item-response-theory-analysis	Item response theory analysis							GLOBAL	Item Response Theory analysis	New stable identity supported by the source.
Method	Kruskal Wallis U test	CNF-P004	ALIAS_EXISTING	method:kruskal-wallis-test	Kruskal-Wallis test							GLOBAL	Kruskal Wallis U test	Exact semantic alias of the reviewed identity.
Method	Kruskal-Wallis tests	CNF-P012	ALIAS_EXISTING	method:kruskal-wallis-test	Kruskal-Wallis test							GLOBAL	Kruskal-Wallis tests	Exact semantic alias of the reviewed identity.
Method	Level Sum Score (LSS) calculated by summing the scores across all five EQ-5D-5L dimensions	CNF-P012	TYPE_REPAIR	scoring:level-sum-score	Level sum score		PRODUCT_VERSION					GLOBAL	Level Sum Score (LSS) calculated by summing the scores across all five EQ-5D-5L dimensions	Repair from MethodUse to ScoringUse.
Method	Level sum score (LSS)	CNF-P009	TYPE_REPAIR	scoring:level-sum-score	Level sum score		PRODUCT_VERSION					GLOBAL	Level sum score (LSS)	Repair from MethodUse to ScoringUse.
Method	Loevinger’s homogeneity coefficients H	CNF-P020	ADD_GLOBAL	method:loevinger-h	Loevinger H coefficient							GLOBAL	Loevinger’s homogeneity coefficients H	New stable identity supported by the source.
Method	Mann-Whitney U tests	CNF-P012	ALIAS_EXISTING	method:mann-whitney-u-test	Mann-Whitney U test							GLOBAL	Mann-Whitney U tests	Exact semantic alias of the reviewed identity.
Method	Mann–Whitney-U test	CNF-P017	ALIAS_EXISTING	method:mann-whitney-u-test	Mann-Whitney U test							GLOBAL	Mann–Whitney-U test	Exact semantic alias of the reviewed identity.
Method	Mokken scale analysis	CNF-P020	ADD_GLOBAL	method:mokken-scale-analysis	Mokken scale analysis							GLOBAL	Mokken scale analysis	New stable identity supported by the source.
Method	Narrative summary	CNF-P009	ALIAS_EXISTING	method:narrative-synthesis	Narrative synthesis							GLOBAL	Narrative summary	Exact semantic alias of the reviewed identity.
Method	Ordinal logistic regression	CNF-P016	TYPE_REPAIR	model:ordinal-logit	Ordinal logistic model							GLOBAL	Ordinal logistic regression	Repair from MethodUse to ModelUse.
Method	Pearson's correlation	CNF-P015	ALIAS_EXISTING	method:pearson-correlation	Pearson correlation coefficient							GLOBAL	Pearson's correlation	Exact semantic alias of the reviewed identity.
Method	Pearson’s correlations	CNF-P002	ALIAS_EXISTING	method:pearson-correlation	Pearson correlation coefficient							GLOBAL	Pearson’s correlations	Exact semantic alias of the reviewed identity.
Method	QC tool	CNF-P008	ADD_SOURCE_SCOPED	method:cnf-p008-eq-vt-qc-tool	Egypt EQ-VT quality-control tool		STUDY_ADAPTATION				10.1136/bmjopen-2021-051727	CNF-P008	QC tool	Source-defined identity; do not merge globally without cross-source evidence.
Method	Qualtrics caregiver panel recruitment	CNF-P016	ADD_SOURCE_SCOPED	method:cnf-p016-qualtrics-panel-recruitment	Qualtrics caregiver-panel recruitment		STUDY_ADAPTATION				10.1007/s11136-025-04003-z	CNF-P016	Qualtrics caregiver panel recruitment	Source-defined identity; do not merge globally without cross-source evidence.
Method	Recruitment from Dynata existing voluntary panels	CNF-P012	ADD_SOURCE_SCOPED	method:cnf-p012-dynata-panel-recruitment	Dynata voluntary-panel recruitment		STUDY_ADAPTATION				10.1007/s11136-026-04285-x	CNF-P012	Recruitment from Dynata existing voluntary panels	Source-defined identity; do not merge globally without cross-source evidence.
Method	Self-reporting scoring system	CNF-P009	ADD_SOURCE_SCOPED	method:cnf-p009-self-report-scoring-category	Self-report scoring category		STUDY_ADAPTATION				10.1007/s40273-025-01493-0	CNF-P009	Self-reporting scoring system	This is the review authors' category for PedsQL studies, not a sufficiently defined global method.
Method	Shannon’s Index (H’) and Shannon’s Evenness Index (J’)	CNF-P016	SPLIT_RECORD											Split to the existing Shannon H and Shannon J method identities.
Method	Shapiro–Wilk test	CNF-P017	ADD_GLOBAL	method:shapiro-wilk-test	Shapiro-Wilk test							GLOBAL	Shapiro–Wilk test	New stable identity supported by the source.
Method	Spearman correlation coefficient	CNF-P004	ALIAS_EXISTING	method:spearman-rank-correlation	Spearman's rank correlation							GLOBAL	Spearman correlation coefficient	Exact semantic alias of the reviewed identity.
Method	Spearman rank-order coefficients	CNF-P016	ALIAS_EXISTING	method:spearman-rank-correlation	Spearman's rank correlation							GLOBAL	Spearman rank-order coefficients	Exact semantic alias of the reviewed identity.
Method	Spearman’s correlation coefficients	CNF-P014	ALIAS_EXISTING	method:spearman-rank-correlation	Spearman's rank correlation							GLOBAL	Spearman’s correlation coefficients	Exact semantic alias of the reviewed identity.
Method	Spearman’s correlations	CNF-P010	ALIAS_EXISTING	method:spearman-rank-correlation	Spearman's rank correlation							GLOBAL	Spearman’s correlations	Exact semantic alias of the reviewed identity.
Method	Survey Sampling International (SSI) online panel	CNF-P005	ADD_SOURCE_SCOPED	method:cnf-p005-ssi-panel-recruitment	SSI online-panel recruitment		STUDY_ADAPTATION				10.1007/s40273-018-0694-6	CNF-P005	Survey Sampling International (SSI) online panel	Source-defined identity; do not merge globally without cross-source evidence.
Method	TTO scores were flagged as inconsistent if more than one preference switch occurred	CNF-P002	ADD_GLOBAL	method:cnf-p002-multiple-switch-qc	Multiple-switch TTO consistency check		STUDY_ADAPTATION					GLOBAL	TTO scores were flagged as inconsistent if more than one preference switch occurred	New stable identity supported by the source.
Method	Time Trade-off (TTO) method	CNF-P002	ALIAS_EXISTING	method:tto	TTO							GLOBAL	Time Trade-off (TTO) method	Exact semantic alias of the reviewed identity.
Method	Wilcoxon Signed Rank Test for paired samples	CNF-P014	ALIAS_EXISTING	method:wilcoxon-signed-rank-test	Wilcoxon signed-rank test							GLOBAL	Wilcoxon Signed Rank Test for paired samples	Exact semantic alias of the reviewed identity.
Method	Youden index	CNF-P004	ADD_GLOBAL	method:youden-index	Youden index							GLOBAL	Youden index	New stable identity supported by the source.
Method	adapted coding framework from van Leeuwen et al. based on Tourangeau’s model of survey response	CNF-P011	ADD_SOURCE_SCOPED	method:cnf-p011-adapted-tourangeau-coding-framework	Adapted Tourangeau response-process coding framework		STUDY_ADAPTATION				10.1007/s40271-023-00647-6	CNF-P011	adapted coding framework from van Leeuwen et al. based on Tourangeau’s model of survey response	Source-defined identity; do not merge globally without cross-source evidence.
Method	anchor-based method	CNF-P004	ADD_GLOBAL	method:anchor-based-method	Anchor-based method							GLOBAL	anchor-based method	New stable identity supported by the source.
Method	asking them about their feedback	CNF-P008	ADD_SOURCE_SCOPED	method:cnf-p008-pictorial-tool-feedback	Pictorial-tool participant-feedback procedure		STUDY_ADAPTATION				10.1136/bmjopen-2021-051727	CNF-P008	asking them about their feedback	Source-defined identity; do not merge globally without cross-source evidence.
Method	automated item selection procedure (AISP)	CNF-P020	ADD_GLOBAL	method:automated-item-selection	Automated item selection procedure							GLOBAL	automated item selection procedure (AISP)	New stable identity supported by the source.
Method	backward selection method	CNF-P001	ADD_GLOBAL	method:backward-selection	Backward selection							GLOBAL	backward selection method	New stable identity supported by the source.
Method	best–worst scaling (BWS)	CNF-P009	ALIAS_EXISTING	method:bws	BWS							GLOBAL	best–worst scaling (BWS)	Exact semantic alias of the reviewed identity.
Method	best–worst scaling case 2 (BWS case 2)	CNF-P015	ADD_GLOBAL	method:bws-case-2	Best-worst scaling case 2	method:bws	METHOD_VARIANT					GLOBAL	best–worst scaling case 2 (BWS case 2)	New stable identity supported by the source.
Method	case-control matching procedure (1:1 exact matching based on sex and age)	CNF-P007	ADD_GLOBAL	method:exact-case-control-matching	Exact case-control matching		METHOD_VARIANT					GLOBAL	case-control matching procedure (1:1 exact matching based on sex and age)	New stable identity supported by the source.
Method	cognitive think-aloud interviews	CNF-P011	ADD_GLOBAL	method:cognitive-think-aloud-interview	Cognitive think-aloud interview	method:think-aloud	METHOD_VARIANT					GLOBAL	cognitive think-aloud interviews	New stable identity supported by the source.
Method	comparison with Alberta general population norms matched by age and sex	CNF-P013	KEEP_COMPOUND	method:cnf-p013-alberta-norm-matched-comparison	Age- and sex-matched Alberta norms comparison		STUDY_ADAPTATION				10.1002/hsr2.70308	CNF-P013	comparison with Alberta general population norms matched by age and sex	Keep as one integrated age- and sex-matched comparator workflow.
Method	composite time trade off (cTTO)	CNF-P008	ALIAS_EXISTING	method:ctto	cTTO	method:tto	METHOD_VARIANT					GLOBAL	composite time trade off (cTTO)	Exact semantic alias of the reviewed identity.
Method	computer-assisted personal interviews	CNF-P017	ADD_GLOBAL	method:computer-assisted-personal-interview	Computer-assisted personal interview	method:interview	METHOD_VARIANT					GLOBAL	computer-assisted personal interviews	New stable identity supported by the source.
Method	concurrent think-aloud techniques	CNF-P011	ADD_GLOBAL	method:concurrent-think-aloud	Concurrent think-aloud	method:think-aloud	METHOD_VARIANT					GLOBAL	concurrent think-aloud techniques	New stable identity supported by the source.
Method	cross-validation procedure	CNF-P001	ADD_GLOBAL	method:cross-validation	Cross-validation							GLOBAL	cross-validation procedure	New stable identity supported by the source.
Method	data saturation assessment	CNF-P011	ADD_GLOBAL	method:data-saturation-assessment	Data-saturation assessment							GLOBAL	data saturation assessment	New stable identity supported by the source.
Method	descriptive analysis by EQ‐5D‐5L dimension, index, and visual analog scale scores	CNF-P013	ALIAS_EXISTING	method:descriptive-analysis	descriptive analysis							GLOBAL	descriptive analysis by EQ‐5D‐5L dimension, index, and visual analog scale scores	Exact semantic alias of the reviewed identity.
Method	descriptive statistics	CNF-P006;CNF-P008;CNF-P015;CNF-P017	ALIAS_EXISTING	method:descriptive-statistics	Descriptive statistics							GLOBAL	descriptive statistics	Exact semantic alias of the proposed identity.
Method	distribution-based method	CNF-P004	ADD_GLOBAL	method:distribution-based-method	Distribution-based method							GLOBAL	distribution-based method	New stable identity supported by the source.
Method	effect size (ES)	CNF-P004	ALIAS_EXISTING	method:standardized-effect-size	Standardized effect size							GLOBAL	effect size (ES)	Exact semantic alias of the reviewed identity.
Method	effect size of change calculated as average change score divided by baseline score standard deviation	CNF-P013	ALIAS_EXISTING	method:standardized-effect-size	Standardized effect size							GLOBAL	effect size of change calculated as average change score divided by baseline score standard deviation	Exact semantic alias of the reviewed identity.
Method	face-to-face interview	CNF-P004	ADD_GLOBAL	method:face-to-face-interview	Face-to-face interview	method:interview	METHOD_VARIANT					GLOBAL	face-to-face interview	New stable identity supported by the source.
Method	framework adapted from the existing model of response issues by Penton et al.	CNF-P003	ADD_SOURCE_SCOPED	method:cnf-p003-adapted-penton-response-framework	Adapted Penton response-issue framework		STUDY_ADAPTATION				10.1007/s11136-025-03917-y	CNF-P003	framework adapted from the existing model of response issues by Penton et al.	Source-defined identity; do not merge globally without cross-source evidence.
Method	framework analysis	CNF-P011	ADD_GLOBAL	method:framework-analysis	Framework analysis							GLOBAL	framework analysis	New stable identity supported by the source.
Method	framework analysis method outlined by Ritchie & Spencer	CNF-P003	ALIAS_EXISTING	method:framework-analysis	Framework analysis							GLOBAL	framework analysis method outlined by Ritchie & Spencer	Exact semantic alias of the proposed identity.
Method	health state density curves (HSDCs)	CNF-P014	ADD_GLOBAL	method:health-state-density-curve	Health-state density curve							GLOBAL	health state density curves (HSDCs)	New stable identity supported by the source.
Method	health state density indices (HSDIs)	CNF-P014	ADD_GLOBAL	method:health-state-density-index	Health-state density index							GLOBAL	health state density indices (HSDIs)	New stable identity supported by the source.
Method	health state frequencies	CNF-P014	ADD_GLOBAL	method:health-state-frequency	Health-state frequency analysis							GLOBAL	health state frequencies	New stable identity supported by the source.
Method	heterogeneous DCE design algorithms	CNF-P005	ADD_GLOBAL	method:heterogeneous-dce-design	Heterogeneous DCE design algorithm	method:dce	METHOD_VARIANT					GLOBAL	heterogeneous DCE design algorithms	New stable identity supported by the source.
Method	independent t-tests	CNF-P014	ADD_GLOBAL	method:independent-t-test	Independent t-test	method:t-test	METHOD_VARIANT					GLOBAL	independent t-tests	New stable identity supported by the source.
Method	intraclass correlation coefficients	CNF-P010	ALIAS_EXISTING	method:intraclass-correlation-coefficient	Intraclass correlation coefficient							GLOBAL	intraclass correlation coefficients	Exact semantic alias of the reviewed identity.
Method	manifest invariant item ordering (MIIO)	CNF-P020	ADD_GLOBAL	method:manifest-invariant-item-ordering	Manifest invariant item ordering							GLOBAL	manifest invariant item ordering (MIIO)	New stable identity supported by the source.
Method	manifest monotonicity	CNF-P020	ADD_GLOBAL	method:manifest-monotonicity	Manifest monotonicity							GLOBAL	manifest monotonicity	New stable identity supported by the source.
Method	maximum likelihood	CNF-P015	ADD_GLOBAL	method:maximum-likelihood	Maximum-likelihood estimation							GLOBAL	maximum likelihood	New stable identity supported by the source.
Method	mean errors (MEs)	CNF-P005	ADD_GLOBAL	method:mean-error	Mean error							GLOBAL	mean errors (MEs)	New stable identity supported by the source.
Method	minimal detectable change (MDC) calculation	CNF-P004	ADD_GLOBAL	method:minimal-detectable-change	Minimal detectable change calculation							GLOBAL	minimal detectable change (MDC) calculation	New stable identity supported by the source.
Method	mixed-mode (online and postal questionnaires) method	CNF-P007	ADD_GLOBAL	method:mixed-online-postal-survey	Mixed online and postal survey		INTEGRATED_WORKFLOW					GLOBAL	mixed-mode (online and postal questionnaires) method	New stable identity supported by the source.
Method	multiple linear regression analyses	CNF-P012	TYPE_REPAIR	model:multiple-linear-regression	Multiple linear regression							GLOBAL	multiple linear regression analyses	Repair from MethodUse to ModelUse.
Method	one sample z-test for a population proportion	CNF-P008	ADD_GLOBAL	method:one-sample-proportion-z-test	One-sample proportion z-test	method:z-test	METHOD_VARIANT					GLOBAL	one sample z-test for a population proportion	New stable identity supported by the source.
Method	one-way ANOVAs	CNF-P014	ALIAS_EXISTING	method:analysis-of-variance	Analysis of variance							GLOBAL	one-way ANOVAs	Exact semantic alias of the reviewed identity.
Method	online evaluation survey	CNF-P006	ADD_GLOBAL	method:online-survey	Online survey							GLOBAL	online evaluation survey	New stable identity supported by the source.
Method	open-ended questions in the online evaluation survey	CNF-P006	ADD_GLOBAL	method:open-ended-survey-questions	Open-ended survey questions							GLOBAL	open-ended questions in the online evaluation survey	New stable identity supported by the source.
Method	paired comparison (PC)	CNF-P015	ADD_GLOBAL	method:paired-comparison	Paired comparison							GLOBAL	paired comparison (PC)	New stable identity supported by the source.
Method	previously published minimally important differences (MID): 0.04 for the EQ‐5D‐5L index and 7.0 for the VAS	CNF-P013	ALIAS_EXISTING	method:minimally-important-difference-mid	minimally important difference (MID)							GLOBAL	previously published minimally important differences (MID): 0.04 for the EQ‐5D‐5L index and 7.0 for the VAS	Exact semantic alias of the reviewed identity.
Method	quota sampling method	CNF-P001	ADD_GLOBAL	method:quota-sampling	Quota sampling							GLOBAL	quota sampling method	New stable identity supported by the source.
Method	quota-based sampling approach	CNF-P017	ALIAS_EXISTING	method:quota-sampling	Quota sampling							GLOBAL	quota-based sampling approach	Exact semantic alias of the proposed identity.
Method	rates of missing data	CNF-P014	ALIAS_EXISTING	method:missingness-analysis	Missingness analysis		METHOD_VARIANT					GLOBAL	rates of missing data	Exact semantic alias of the reviewed identity.
Method	receiver operating characteristic (ROC) curve	CNF-P004	ADD_GLOBAL	method:roc-curve-analysis	Receiver operating characteristic curve analysis							GLOBAL	receiver operating characteristic (ROC) curve	New stable identity supported by the source.
Method	receiver operating characteristic curves and area under the curve assessments	CNF-P010	ALIAS_EXISTING	method:roc-curve-analysis	Receiver operating characteristic curve analysis							GLOBAL	receiver operating characteristic curves and area under the curve assessments	Exact semantic alias of the proposed identity.
Method	recruited consecutively	CNF-P004	ADD_GLOBAL	method:consecutive-sampling	Consecutive sampling							GLOBAL	recruited consecutively	New stable identity supported by the source.
Method	recruitment after the surgical screening appointment at a high-volume urban hip and knee clinic	CNF-P006	ADD_SOURCE_SCOPED	method:cnf-p006-post-screening-clinic-recruitment	Post-screening clinic recruitment		STUDY_ADAPTATION				10.1016/j.pecinn.2025.100421	CNF-P006	recruitment after the surgical screening appointment at a high-volume urban hip and knee clinic	Source-defined identity; do not merge globally without cross-source evidence.
Method	reporting health-utility alongside mortality on Kaplan-Meier curves	CNF-P018	ADD_GLOBAL	method:health-utility-mortality-kaplan-meier	Health-utility and mortality Kaplan-Meier reporting						10.5492/wjccm.v11.i4.236	GLOBAL	reporting health-utility alongside mortality on Kaplan-Meier curves	The source article defines this reporting approach.
Method	retrospective think-aloud techniques	CNF-P011	ADD_GLOBAL	method:retrospective-think-aloud	Retrospective think-aloud	method:think-aloud	METHOD_VARIANT					GLOBAL	retrospective think-aloud techniques	New stable identity supported by the source.
Method	semi-structured health interviews	CNF-P003	ADD_GLOBAL	method:semi-structured-interview	Semi-structured interview	method:interview	METHOD_VARIANT					GLOBAL	semi-structured health interviews	New stable identity supported by the source.
Method	semistructured, face-to-face, one-on-one interviews	CNF-P010	ALIAS_EXISTING	method:semi-structured-interview	Semi-structured interview	method:interview	METHOD_VARIANT					GLOBAL	semistructured, face-to-face, one-on-one interviews	Exact semantic alias of the proposed identity.
Method	severity-stratified designs	CNF-P005	ADD_GLOBAL	method:severity-stratified-dce-design	Severity-stratified DCE design	method:dce	METHOD_VARIANT					GLOBAL	severity-stratified designs	New stable identity supported by the source.
Method	standard DCE	CNF-P005	ALIAS_EXISTING	method:dce	DCE							GLOBAL	standard DCE	Exact semantic alias of the reviewed identity.
Method	standardised effect sizes (SES)	CNF-P014	ALIAS_EXISTING	method:standardized-effect-size	Standardized effect size							GLOBAL	standardised effect sizes (SES)	Exact semantic alias of the reviewed identity.
Method	standardised response means (SRM)	CNF-P014	ALIAS_EXISTING	method:standardized-response-mean	Standardized response mean							GLOBAL	standardised response means (SRM)	Exact semantic alias of the reviewed identity.
Method	stepwise removal of non-significant variables	CNF-P007	ALIAS_EXISTING	method:backward-selection	Backward selection							GLOBAL	stepwise removal of non-significant variables	Exact semantic alias of the proposed identity.
Method	structured survey administered during baseline and follow-up assessments	CNF-P010	ADD_GLOBAL	method:longitudinal-structured-survey	Longitudinal structured survey							GLOBAL	structured survey administered during baseline and follow-up assessments	New stable identity supported by the source.
Method	thematic analysis following Braun and Clarke’s six-phase framework	CNF-P010	ADD_GLOBAL	method:thematic-analysis	Thematic analysis							GLOBAL	thematic analysis following Braun and Clarke’s six-phase framework	New stable identity supported by the source.
Method	tobit modelling	CNF-P001	TYPE_REPAIR	model:tobit	Tobit model							GLOBAL	tobit modelling	Repair from MethodUse to ModelUse.
Method	unstratified efficient designs	CNF-P005	ADD_GLOBAL	method:unstratified-efficient-dce-design	Unstratified efficient DCE design	method:dce	METHOD_VARIANT					GLOBAL	unstratified efficient designs	New stable identity supported by the source.
Method	web-based survey	CNF-P012	ALIAS_EXISTING	method:online-survey	Online survey							GLOBAL	web-based survey	Exact semantic alias of the proposed identity.
Method	z-test	CNF-P007	ADD_GLOBAL	method:z-test	z-test							GLOBAL	z-test	New stable identity supported by the source.
Method	χ2 goodness-of-fit test	CNF-P008	ALIAS_EXISTING	method:chi-square-test	Chi-square test							GLOBAL	χ2 goodness-of-fit test	Exact semantic alias of the reviewed identity.
Model	ADD20	CNF-P001	ADD_GLOBAL	model:add20	ADD20						10.1007/s40273-025-01519-7	GLOBAL	ADD20	New stable identity supported by the source.
Model	ADD20-I model accounting for heteroskedasticity	CNF-P001	ADD_GLOBAL	model:add20-i	ADD20-I	model:add20	MODEL_VARIANT				10.1007/s40273-025-01519-7	GLOBAL	ADD20-I model accounting for heteroskedasticity	New stable identity supported by the source.
Model	ADD20-P	CNF-P001	ADD_GLOBAL	model:add20-p	ADD20-P	model:add20	MODEL_VARIANT				10.1007/s40273-025-01519-7	GLOBAL	ADD20-P	New stable identity supported by the source.
Model	CALE	CNF-P001	ADD_GLOBAL	model:cale	CALE						10.1007/s40273-025-01519-7	GLOBAL	CALE	New stable identity supported by the source.
Model	CALE-I	CNF-P001	ADD_GLOBAL	model:cale-i	CALE-I	model:cale	MODEL_VARIANT				10.1007/s40273-025-01519-7	GLOBAL	CALE-I	New stable identity supported by the source.
Model	CALE-P	CNF-P001	ADD_GLOBAL	model:cale-p	CALE-P	model:cale	MODEL_VARIANT				10.1007/s40273-025-01519-7	GLOBAL	CALE-P	New stable identity supported by the source.
Model	Multiple linear regression model for EQ VAS	CNF-P012	ALIAS_EXISTING	model:multiple-linear-regression	Multiple linear regression							GLOBAL	Multiple linear regression model for EQ VAS	Exact semantic alias of the reviewed identity.
Model	Multiple linear regression model for EQ-5D-5L LSS	CNF-P012	ALIAS_EXISTING	model:multiple-linear-regression	Multiple linear regression							GLOBAL	Multiple linear regression model for EQ-5D-5L LSS	Exact semantic alias of the reviewed identity.
Model	OLS regression	CNF-P007	ALIAS_EXISTING	model:ordinary-least-squares-regression	Ordinary least squares regression							GLOBAL	OLS regression	Exact semantic alias of the reviewed identity.
Model	Separate ordinal logistic regression models for each of the four EQ-HWB physical pain and discomfort items	CNF-P016	ALIAS_EXISTING	model:ordinal-logit	Ordinal logistic model							GLOBAL	Separate ordinal logistic regression models for each of the four EQ-HWB physical pain and discomfort items	Exact semantic alias of the reviewed identity.
Model	Tobit regression	CNF-P007	ALIAS_EXISTING	model:tobit	Tobit model							GLOBAL	Tobit regression	Exact semantic alias of the reviewed identity.
Model	analysis of covariance (ANCOVA)	CNF-P019	ADD_GLOBAL	model:ancova	Analysis of covariance							GLOBAL	analysis of covariance (ANCOVA)	New stable identity supported by the source.
Model	double monotonicity model (DMM)	CNF-P020	ADD_GLOBAL	model:double-monotonicity	Double monotonicity model							GLOBAL	double monotonicity model (DMM)	New stable identity supported by the source.
Model	graded response model (GRM)	CNF-P016	ADD_GLOBAL	model:graded-response	Graded response model							GLOBAL	graded response model (GRM)	New stable identity supported by the source.
Model	heteroskedastic conditional logit (HCL) model	CNF-P015	ADD_GLOBAL	model:heteroskedastic-conditional-logit	Heteroskedastic conditional logit model	model:conditional-logit	MODEL_VARIANT					GLOBAL	heteroskedastic conditional logit (HCL) model	New stable identity supported by the source.
Model	heteroskedastic scale-adjusted latent class (SALC) model	CNF-P015	ADD_GLOBAL	model:heteroskedastic-salc	Heteroskedastic scale-adjusted latent class model							GLOBAL	heteroskedastic scale-adjusted latent class (SALC) model	New stable identity supported by the source.
Model	interaction model (controlling heteroskedasticity)	CNF-P015	ADD_SOURCE_SCOPED	model:cnf-p015-heteroskedastic-interaction	CNF-P015 heteroskedastic interaction model		MODEL_VARIANT				10.1186/s12955-022-01989-9	CNF-P015	interaction model (controlling heteroskedasticity)	Source-defined identity; do not merge globally without cross-source evidence.
Model	logistic regression models	CNF-P010	ADD_GLOBAL	model:logistic-regression	Logistic regression							GLOBAL	logistic regression models	New stable identity supported by the source.
Model	mixed logit model	CNF-P005	ADD_GLOBAL	model:mixed-logit	Mixed logit model							GLOBAL	mixed logit model	New stable identity supported by the source.
Model	monotone homogeneity model (MHM)	CNF-P020	ADD_GLOBAL	model:monotone-homogeneity	Monotone homogeneity model							GLOBAL	monotone homogeneity model (MHM)	New stable identity supported by the source.
Model	multi-level meta-regression using the restricted maximum likelihood method	CNF-P009	ADD_GLOBAL	model:multilevel-meta-regression-reml	Multilevel meta-regression with REML		MODEL_VARIANT					GLOBAL	multi-level meta-regression using the restricted maximum likelihood method	New stable identity supported by the source.
Model	regression techniques	CNF-P010	AMBIGUOUS											The source label does not identify a model family or specification.
Model	two-level random intercept model	CNF-P019	ADD_GLOBAL	model:two-level-random-intercept	Two-level random-intercept model							GLOBAL	two-level random intercept model	New stable identity supported by the source.
Product	Canadian scoring algorithm for the EQ-5D index	CNF-P018	ALIAS_EXISTING	product:eq-5d-5l-ca	Canadian EQ-5D-5L value set		PRODUCT_VERSION		CA	5L	10.1097/MLR.0000000000000447	GLOBAL	Canadian scoring algorithm for the EQ-5D index	Exact semantic alias of the reviewed identity.
Product	Dutch EQ-5D-5L value set on a pits scale	CNF-P015	ADD_GLOBAL	product:eq-5d-5l-nl-pits-2022	Netherlands EQ-5D-5L value set on a pits scale	instrument:eq-5d-5l	PRODUCT_VERSION		NL	2022	10.1186/s12955-022-01989-9	GLOBAL	Dutch EQ-5D-5L value set on a pits scale	New stable identity supported by the source.
Product	Dutch tariff	CNF-P005	ALIAS_EXISTING	product:eq-5d-5l-nl-2016	Netherlands EQ-5D-5L value set (2016)		PRODUCT_VERSION		NL	2016	10.1016/j.jval.2016.01.003	GLOBAL	Dutch tariff	Exact semantic alias of the reviewed identity.
Product	EQ-5D-5L Level Sum Score (LSS)	CNF-P012	ALIAS_EXISTING	product:level-sum-score	Level sum score		PRODUCT_VERSION					GLOBAL	EQ-5D-5L Level Sum Score (LSS)	Exact semantic alias of the reviewed identity.
Product	Ethiopian value sets	CNF-P004	ADD_GLOBAL	product:eq-5d-5l-et-2020	Ethiopian EQ-5D-5L value set	instrument:eq-5d-5l	PRODUCT_VERSION		ET	2020	10.1016/j.vhri.2019.08.475	GLOBAL	Ethiopian value sets	New stable identity supported by the source.
Product	European value set	CNF-P007	ADD_GLOBAL	product:eq-5d-3l-european-vas	European EQ-5D-3L VAS value set	instrument:eq-5d-3l	PRODUCT_VERSION		EU	2003	10.1007/s10198-003-0182-5	GLOBAL	European value set	New stable identity supported by the source.
Product	Singapore EQ-5D-5L value set estimated using the ADD20-I model	CNF-P001	ADD_GLOBAL	product:eq-5d-5l-sg-2025	Singapore EQ-5D-5L value set (2025)	instrument:eq-5d-5l	PRODUCT_VERSION		SG	2025	10.1007/s40273-025-01519-7	GLOBAL	Singapore EQ-5D-5L value set estimated using the ADD20-I model	New stable identity supported by the source.
Product	Swedish experience-based EQ-5D-3L TTO value set	CNF-P019	ADD_GLOBAL	product:eq-5d-3l-se-experience-tto	Swedish experience-based EQ-5D-3L TTO value set	instrument:eq-5d-3l	PRODUCT_VERSION		SE	2014	10.1007/s11136-013-0496-4	GLOBAL	Swedish experience-based EQ-5D-3L TTO value set	New stable identity supported by the source.
Product	Swedish experience-based EQ-5D-3L VAS value set	CNF-P019	ADD_GLOBAL	product:eq-5d-3l-se-experience-vas	Swedish experience-based EQ-5D-3L VAS value set	instrument:eq-5d-3l	PRODUCT_VERSION		SE	2014	10.1007/s11136-013-0496-4	GLOBAL	Swedish experience-based EQ-5D-3L VAS value set	New stable identity supported by the source.
Product	UK value set	CNF-P014	ALIAS_EXISTING	product:eq-5d-3l-gb	United Kingdom EQ-5D-3L value set		PRODUCT_VERSION		GB	3L	10.1097/00005650-199711000-00002	GLOBAL	UK value set	Exact semantic alias of the reviewed identity.
Product	original Dutch EQ-5D-5L values	CNF-P015	ALIAS_EXISTING	product:eq-5d-5l-nl-2016	Netherlands EQ-5D-5L value set (2016)		PRODUCT_VERSION		NL	2016	10.1016/j.jval.2016.01.003	GLOBAL	original Dutch EQ-5D-5L values	Exact semantic alias of the reviewed identity.
Product	published algorithm based on the preferences of a representative sample of the general UK population	CNF-P014	ADD_GLOBAL	product:msis-8d-gb	United Kingdom MSIS-8D scoring algorithm	instrument:msis-8d	PRODUCT_VERSION		GB	2015	10.1016/j.jval.2015.10.004	GLOBAL	published algorithm based on the preferences of a representative sample of the general UK population	New stable identity supported by the source.
Product	recommended value set for Germany by Ludwig et al.	CNF-P017	ALIAS_EXISTING	product:eq-5d-5l-de	German EQ-5D-5L value set		PRODUCT_VERSION		DE	5L	10.1007/s40273-018-0615-8	GLOBAL	recommended value set for Germany by Ludwig et al.	Exact semantic alias of the reviewed identity.
Protocol	Consolidated Criteria for Reporting Qualitative Research (COREQ) checklist	CNF-P003;CNF-P010	ALIAS_EXISTING	protocol:coreq	COREQ							GLOBAL	Consolidated Criteria for Reporting Qualitative Research (COREQ) checklist	Exact semantic alias of the reviewed identity.
Protocol	EQ-VT-2.1 protocol	CNF-P008	ALIAS_EXISTING	protocol:eq-vt-2-1	EQ-VT 2.1	protocol:eq-vt	PROTOCOL_VERSION			2.1		GLOBAL	EQ-VT-2.1 protocol	Exact semantic alias of the reviewed identity.
Protocol	Mixed Methods Appraisal Tool (MMAT)	CNF-P009	ADD_GLOBAL	protocol:mmat	Mixed Methods Appraisal Tool							GLOBAL	Mixed Methods Appraisal Tool (MMAT)	New stable identity supported by the source.
Protocol	PROSPERO ID: CRD42023429906	CNF-P009	ADD_GLOBAL	protocol:prospero-crd42023429906	PROSPERO record CRD42023429906						CRD42023429906	GLOBAL	PROSPERO ID: CRD42023429906	New stable identity supported by the source.
Protocol	QC process for the EQ-5D-5L valuation studies	CNF-P008	ADD_GLOBAL	protocol:eq-5d-5l-valuation-qc-2017	EQ-5D-5L valuation quality-control process		PROTOCOL_VERSION			2017	10.1016/j.jval.2016.10.012	GLOBAL	QC process for the EQ-5D-5L valuation studies	New stable identity supported by the source.
Protocol	RETRIEVE checklist	CNF-P009	ADD_GLOBAL	protocol:retrieve-checklist	RETRIEVE checklist						10.1007/s40273-023-01333-z	GLOBAL	RETRIEVE checklist	New stable identity supported by the source.
Protocol	REporting of studies Conducted using Observational Routinely collected health Data (RECORD) checklist	CNF-P019	ADD_GLOBAL	protocol:record-checklist	RECORD checklist						10.1371/journal.pmed.1001885	GLOBAL	REporting of studies Conducted using Observational Routinely collected health Data (RECORD) checklist	New stable identity supported by the source.
Protocol	checklist developed for this review	CNF-P009	ADD_SOURCE_SCOPED	protocol:cnf-p009-review-quality-checklist	CNF-P009 review quality checklist		STUDY_ADAPTATION				10.1007/s40273-025-01493-0	CNF-P009	checklist developed for this review	Source-defined identity; do not merge globally without cross-source evidence.
Protocol	protocol and topic guide outlined in Appendix 2	CNF-P003	ADD_SOURCE_SCOPED	protocol:cnf-p003-interview-topic-guide	CNF-P003 interview protocol and topic guide		STUDY_ADAPTATION				10.1007/s11136-025-03917-y	CNF-P003	protocol and topic guide outlined in Appendix 2	Source-defined identity; do not merge globally without cross-source evidence.
Protocol	revised COSMIN reporting guideline for studies on measurement properties of patient-reported outcome measures	CNF-P014	ADD_GLOBAL	protocol:cosmin-reporting-guideline-revised	Revised COSMIN reporting guideline	protocol:cosmin-guidelines	PROTOCOL_VERSION			2.0	10.1007/s11136-025-03950-x	GLOBAL	revised COSMIN reporting guideline for studies on measurement properties of patient-reported outcome measures	New stable identity supported by the source.
Protocol	standard quality control process developed by the EuroQol Group	CNF-P001	ALIAS_EXISTING	protocol:eq-5d-5l-valuation-qc-2017	EQ-5D-5L valuation quality-control process		PROTOCOL_VERSION			2017	10.1016/j.jval.2016.10.012	GLOBAL	standard quality control process developed by the EuroQol Group	Same published EuroQol valuation quality-control process.
Protocol	‘lite’ version of the EuroQol’s EQ-5D-5L valuation protocol	CNF-P001	ADD_GLOBAL	protocol:eq-5d-5l-valuation-lite	EQ-5D-5L lite valuation protocol	protocol:eq-vt	PROTOCOL_VERSION			lite	10.1007/s40273-021-01101-x	GLOBAL	‘lite’ version of the EuroQol’s EQ-5D-5L valuation protocol	New stable identity supported by the source.
