person_id	scheme	value	source
person:eqmember:17787	OPENALEX	A5061701004	doi:10.1186/s12955-024-02305-3
person:eqmember:17787	ORCID	0000-0003-4661-7287	doi:10.1186/s12955-024-02305-3
person:eqmember:17790	OPENALEX	A5015417862	doi:10.1186/s12955-021-01858-x
person:eqmember:17790	ORCID	0000-0003-4245-5399	doi:10.1186/s12955-021-01858-x
person:eqmember:17791	OPENALEX	A5031114648	doi:10.3390/children8100920
person:eqmember:17791	OPENALEX	A5035121844	doi:10.1007/s11136-024-03875-x
person:eqmember:17791	ORCID	0000-0002-2253-1342	doi:10.1007/s11136-024-03875-x
person:eqmember:17791	ORCID	0000-0002-7597-6556	doi:10.3390/children8100920
person:eqmember:17795	OPENALEX	A5087246819	doi:10.1186/s12955-023-02207-w
person:eqmember:17795	ORCID	0000-0002-7094-1573	doi:10.1186/s12955-023-02207-w
person:eqmember:17797	OPENALEX	A5071771037	doi:10.1007/s11136-021-03075-x
person:eqmember:17797	ORCID	0000-0001-6307-6916	doi:10.1007/s11136-021-03075-x
person:eqmember:17799	OPENALEX	A5032690231	doi:10.1007/s11136-022-03304-x
person:eqmember:17799	ORCID	0000-0001-9698-6094	doi:10.1007/s11136-022-03304-x
person:eqmember:17803	OPENALEX	A5076720276	doi:10.1186/s12955-026-02478-z
person:eqmember:17803	OPENALEX	A5088093819	doi:10.1007/s12311-024-01657-2
person:eqmember:17803	OPENALEX	A5132642210	doi:10.1007/s11136-026-04229-5
person:eqmember:17803	ORCID	0000-0002-3425-0089	doi:10.1007/s12311-024-01657-2
person:eqmember:17805	OPENALEX	A5028508726	doi:10.1186/s12955-024-02323-1
person:eqmember:17805	ORCID	0000-0001-5000-0875	doi:10.1186/s12955-024-02323-1
person:eqmember:17807	OPENALEX	A5090013218	doi:10.3390/children8080714
person:eqmember:17807	ORCID	0000-0003-3656-8063	doi:10.3390/children8080714
person:eqmember:17811	OPENALEX	A5041610413	doi:10.1186/s12955-023-02177-z
person:eqmember:17811	ORCID	0000-0002-6895-6071	doi:10.1186/s12955-023-02177-z
person:eqmember:17817	OPENALEX	A5047944478	doi:10.1007/s40258-021-00639-3
person:eqmember:17817	ORCID	0000-0003-3881-9890	doi:10.1007/s40258-021-00639-3
person:eqmember:17819	OPENALEX	A5043083823	doi:10.1186/s12955-024-02303-5
person:eqmember:17819	ORCID	0000-0003-4318-1481	doi:10.1186/s12955-024-02303-5
person:eqmember:17821	OPENALEX	A5009132187	doi:10.1177/0272989x21999607
person:eqmember:17821	ORCID	0000-0001-5959-8447	doi:10.1177/0272989x21999607
person:eqmember:17823	OPENALEX	A5081956728	doi:10.2196/27669
person:eqmember:17823	ORCID	0000-0002-9990-8208	doi:10.2196/27669
person:eqmember:17827	OPENALEX	A5053497885	doi:10.1007/s40271-025-00735-9
person:eqmember:17827	ORCID	0000-0002-4476-0656	doi:10.1007/s40271-025-00735-9
person:eqmember:17829	OPENALEX	A5038664789	doi:10.1186/s12955-020-01410-3
person:eqmember:17829	ORCID	0000-0003-3943-7392	doi:10.1186/s12955-020-01410-3
person:eqmember:17831	OPENALEX	A5035126117	doi:10.1017/s0266462326103602
person:eqmember:17831	ORCID	0000-0001-7741-4760	doi:10.1017/s0266462326103602
person:eqmember:17833	OPENALEX	A5067226056	doi:10.1186/s12955-021-01858-x
person:eqmember:17833	ORCID	0000-0003-3018-5109	doi:10.1186/s12955-021-01858-x
person:eqmember:17835	OPENALEX	A5029465719	doi:10.3390/curroncol32110645
person:eqmember:17835	ORCID	0000-0003-4265-1330	doi:10.3390/curroncol32110645
person:eqmember:17837	OPENALEX	A5033903811	doi:10.3389/fpsyg.2023.1175402
person:eqmember:17837	ORCID	0000-0001-5968-0416	doi:10.3389/fpsyg.2023.1175402
person:eqmember:17839	OPENALEX	A5037314317	doi:10.3390/nu16162591
person:eqmember:17839	OPENALEX	A5138147876	doi:10.1007/s11136-026-04285-x
person:eqmember:17839	ORCID	0000-0001-9962-7775	doi:10.3390/nu16162591
person:eqmember:17843	OPENALEX	A5056976700	doi:10.1007/s10198-018-0987-x
person:eqmember:17843	ORCID	0000-0003-4689-265x	doi:10.1007/s10198-018-0987-x
person:eqmember:17845	OPENALEX	A5024021740	doi:10.1186/s12955-026-02521-z
person:eqmember:17845	OPENALEX	A5076618112	doi:10.1007/s11136-026-04242-8
person:eqmember:17845	OPENALEX	A5124885266	doi:10.1007/s11136-025-04145-0
person:eqmember:17845	ORCID	0000-0001-9674-620x	doi:10.1186/s12955-026-02521-z
person:eqmember:17847	OPENALEX	A5026033494	doi:10.1186/s12955-023-02207-w
person:eqmember:17847	OPENALEX	A5058978537	doi:10.1186/s41687-025-00985-z
person:eqmember:17847	OPENALEX	A5130247173	doi:10.1097/mlr.0000000000002315
person:eqmember:17847	ORCID	0000-0003-3891-5452	doi:10.1186/s12955-023-02207-w
person:eqmember:17849	OPENALEX	A5126969419	doi:10.1017/s0266462326103602
person:eqmember:17851	OPENALEX	A5102994482	doi:10.5492/wjccm.v11.i4.236
person:eqmember:17851	OPENALEX	A5124054846	doi:10.1186/s12955-026-02478-z
person:eqmember:17851	ORCID	0000-0003-3454-6266	doi:10.5492/wjccm.v11.i4.236
person:eqmember:17855	OPENALEX	A5059806422	doi:10.1371/journal.pone.0200966
person:eqmember:17855	OPENALEX	A5126954425	doi:10.1017/s0266462326103602
person:eqmember:17855	ORCID	0000-0002-7336-3043	doi:10.1371/journal.pone.0200966
person:eqmember:17861	OPENALEX	A5047977076	doi:10.3390/nu16162591
person:eqmember:17861	ORCID	0000-0002-8364-1086	doi:10.3390/nu16162591
person:eqmember:17867	OPENALEX	A5090969739	doi:10.1186/s12955-024-02323-1
person:eqmember:17867	ORCID	0000-0002-4479-9948	doi:10.1186/s12955-024-02323-1
person:eqmember:17869	OPENALEX	A5043257626	doi:10.1007/s40273-022-01172-4
person:eqmember:17869	ORCID	0000-0001-9729-6992	doi:10.1007/s40273-022-01172-4
person:eqmember:17871	OPENALEX	A5055862397	doi:10.1007/s11136-020-02712-1
person:eqmember:17871	ORCID	0000-0002-7019-3720	doi:10.1007/s11136-020-02712-1
person:eqmember:17873	OPENALEX	A5052181611	doi:10.1007/s11136-026-04294-w
person:eqmember:17873	ORCID	0000-0001-9472-2669	doi:10.1007/s11136-026-04294-w
person:eqmember:17875	OPENALEX	A5020122364	doi:10.1371/journal.pone.0197098
person:eqmember:17875	ORCID	0000-0002-8602-0381	doi:10.1371/journal.pone.0197098
person:eqmember:17877	OPENALEX	A5006452129	doi:10.3390/children8100920
person:eqmember:17877	OPENALEX	A5122371586	doi:10.1007/s11136-025-04150-3
person:eqmember:17877	ORCID	0000-0002-1148-4747	doi:10.3390/children8100920
person:eqmember:17879	OPENALEX	A5067514299	doi:10.5492/wjccm.v11.i4.236
person:eqmember:17879	ORCID	0000-0001-8290-2857	doi:10.5492/wjccm.v11.i4.236
person:eqmember:17881	OPENALEX	A5064611767	doi:10.3390/children8100920
person:eqmember:17881	ORCID	0000-0003-4049-8395	doi:10.3390/children8100920
person:eqmember:17885	OPENALEX	A5007276743	doi:10.1186/s12955-021-01858-x
person:eqmember:17885	ORCID	0000-0001-8645-4780	doi:10.1186/s12955-021-01858-x
person:eqmember:17889	OPENALEX	A5050078092	doi:10.3390/nu16162591
person:eqmember:17889	ORCID	0000-0003-0424-6887	doi:10.3390/nu16162591
person:eqmember:17893	OPENALEX	A5047957689	doi:10.3390/ijerph19138208
person:eqmember:17893	OPENALEX	A5049678494	doi:10.1371/journal.pone.0305983
person:eqmember:17893	ORCID	0000-0002-9568-5190	doi:10.3390/ijerph19138208
person:eqmember:17895	OPENALEX	A5060133399	doi:10.3390/nu16162591
person:eqmember:17895	OPENALEX	A5114155705	doi:10.3389/ijph.2026.1608807
person:eqmember:17895	OPENALEX	A5138175377	doi:10.1007/s11136-026-04285-x
person:eqmember:17895	ORCID	0000-0002-2055-548x	doi:10.3390/nu16162591
person:eqmember:17897	OPENALEX	A5041551368	doi:10.1186/s41687-020-00247-0
person:eqmember:17897	ORCID	0000-0001-7692-4099	doi:10.1186/s41687-020-00247-0
person:eqmember:17899	OPENALEX	A5033845511	doi:10.1007/s11136-025-04133-4
person:eqmember:17899	ORCID	0000-0003-4512-8000	doi:10.1007/s11136-025-04133-4
person:eqmember:17901	OPENALEX	A5083575745	doi:10.1371/journal.pone.0302886
person:eqmember:17901	ORCID	0000-0002-4927-7858	doi:10.1371/journal.pone.0302886
person:eqmember:17905	OPENALEX	A5035184665	doi:10.1186/s12955-017-0617-9
person:eqmember:17905	ORCID	0000-0002-4306-4667	doi:10.1186/s12955-017-0617-9
person:eqmember:17911	OPENALEX	A5039737173	doi:10.1186/s12955-026-02478-z
person:eqmember:17911	ORCID	0000-0002-7959-3149	doi:10.1186/s12955-026-02478-z
person:eqmember:17913	OPENALEX	A5057802030	doi:10.1186/s12955-023-02131-z
person:eqmember:17913	ORCID	0000-0001-8043-0411	doi:10.1186/s12955-022-02083-w
person:eqmember:17916	OPENALEX	A5046647690	doi:10.1017/s0266462326103602
person:eqmember:17916	ORCID	0000-0003-2512-4862	doi:10.1017/s0266462326103602
person:eqmember:17918	OPENALEX	A5121517102	doi:10.1017/s0266462326103602
person:eqmember:17920	OPENALEX	A5063358434	doi:10.3389/fpsyg.2023.1175402
person:eqmember:17920	ORCID	0000-0001-8433-1402	doi:10.3389/fpsyg.2023.1175402
person:eqmember:17922	OPENALEX	A5070231679	doi:10.1007/s40273-024-01404-9
person:eqmember:17922	ORCID	0000-0002-2174-6800	doi:10.1007/s40273-024-01404-9
person:eqmember:17924	OPENALEX	A5023709885	doi:10.1007/s40273-019-00876-4
person:eqmember:17924	ORCID	0000-0003-4286-8855	doi:10.1007/s40273-019-00876-4
person:eqmember:17928	OPENALEX	A5086031530	doi:10.1002/hec.4529
person:eqmember:17928	ORCID	0000-0003-4804-235x	doi:10.1002/hec.4529
person:eqmember:17930	OPENALEX	A5006750775	doi:10.3961/jpmph.22.151
person:eqmember:17930	OPENALEX	A5101442953	doi:10.1007/s40273-025-01473-4
person:eqmember:17930	OPENALEX	A5107835766	doi:10.1186/s12955-024-02290-7
person:eqmember:17930	OPENALEX	A5122382360	doi:10.1186/s13643-025-03060-2
person:eqmember:17930	ORCID	0000-0002-8189-5357	doi:10.3961/jpmph.22.151
person:eqmember:17930	ORCID	0000-0003-0423-6005	doi:10.1007/s40273-025-01473-4
person:eqmember:17934	OPENALEX	A5015781187	doi:10.1186/s12955-024-02271-w
person:eqmember:17934	ORCID	0000-0002-0006-6769	doi:10.1186/s12955-024-02271-w
person:eqmember:17936	OPENALEX	A5112963139	doi:10.1007/s11136-025-03983-2
person:eqmember:17937	OPENALEX	A5076374306	doi:10.1007/s11136-022-03304-x
person:eqmember:17937	ORCID	0000-0002-5298-174x	doi:10.1007/s11136-022-03304-x
person:eqmember:17938	OPENALEX	A5055089597	doi:10.1186/s13643-025-03060-2
person:eqmember:17938	ORCID	0000-0002-6711-5262	doi:10.1186/s13643-025-03060-2
person:eqmember:17940	OPENALEX	A5015763173	doi:10.3961/jpmph.22.151
person:eqmember:17940	ORCID	0000-0002-4574-1318	doi:10.3961/jpmph.22.151
person:eqmember:17944	OPENALEX	A5064398143	doi:10.3961/jpmph.22.151
person:eqmember:17944	OPENALEX	A5126954647	doi:10.1017/s0266462326103602
person:eqmember:17944	OPENALEX	A5133014501	doi:10.1186/s12955-026-02521-z
person:eqmember:17944	ORCID	0000-0001-7980-6979	doi:10.3961/jpmph.22.151
person:eqmember:17946	OPENALEX	A5029151069	doi:10.1177/0272989x251380556
person:eqmember:17946	OPENALEX	A5103206776	doi:10.3390/children8080714
person:eqmember:17946	OPENALEX	A5108295899	doi:10.1371/journal.pone.0302886
person:eqmember:17946	OPENALEX	A5122364749	doi:10.1007/s11136-025-04150-3
person:eqmember:17946	ORCID	0000-0002-1561-5361	doi:10.3390/children8080714
person:eqmember:17948	OPENALEX	A5042480120	doi:10.1007/s11136-019-02115-x
person:eqmember:17948	ORCID	0000-0002-1001-8883	doi:10.1007/s11136-019-02115-x
person:eqmember:17952	OPENALEX	A5052496992	doi:10.1097/mlr.0000000000002315
person:eqmember:17952	OPENALEX	A5108322539	doi:10.1017/s0266462326103602
person:eqmember:17952	ORCID	0000-0002-1510-3462	doi:10.1097/mlr.0000000000002315
person:eqmember:17954	OPENALEX	A5023093255	doi:10.1136/bmjopen-2023-080985
person:eqmember:17954	ORCID	0000-0002-2833-0621	doi:10.1136/bmjopen-2023-080985
person:eqmember:17956	OPENALEX	A5063972558	doi:10.1186/s41687-025-00928-8
person:eqmember:17956	ORCID	0000-0002-1250-7605	doi:10.1186/s41687-025-00928-8
person:eqmember:17958	OPENALEX	A5033160244	doi:10.1371/journal.pone.0290606
person:eqmember:17958	ORCID	0000-0002-2576-9110	doi:10.1371/journal.pone.0290606
person:eqmember:17960	OPENALEX	A5014510851	doi:10.1186/s12955-021-01858-x
person:eqmember:17960	ORCID	0000-0003-2233-6544	doi:10.1186/s12955-021-01858-x
person:eqmember:17962	OPENALEX	A5013594779	doi:10.1007/s11136-019-02115-x
person:eqmember:17962	ORCID	0000-0003-2377-1652	doi:10.1007/s11136-019-02115-x
person:eqmember:17964	OPENALEX	A5061371202	doi:10.1371/journal.pone.0190111
person:eqmember:17964	ORCID	0000-0001-6042-1243	doi:10.1371/journal.pone.0190111
person:eqmember:17966	OPENALEX	A5003004412	doi:10.1017/s0266462326103602
person:eqmember:17968	OPENALEX	A5013523692	doi:10.1177/0272989x19841587
person:eqmember:17968	ORCID	0000-0002-7553-562x	doi:10.1177/0272989x19841587
person:eqmember:17974	OPENALEX	A5057393757	doi:10.1007/s40271-025-00735-9
person:eqmember:17974	OPENALEX	A5101841802	doi:10.1371/journal.pone.0319227
person:eqmember:17974	OPENALEX	A5132592218	doi:10.1007/s11136-026-04230-y
person:eqmember:17974	ORCID	0000-0002-3112-3893	doi:10.1371/journal.pone.0319227
person:eqmember:17974	ORCID	0000-0002-8210-9936	doi:10.1007/s40271-025-00735-9
person:eqmember:17976	OPENALEX	A5076742980	doi:10.1371/journal.pone.0302886
person:eqmember:17976	OPENALEX	A5137922693	doi:10.1017/s0266462326103602
person:eqmember:17976	ORCID	0000-0002-0039-9635	doi:10.1371/journal.pone.0302886
person:eqmember:17980	OPENALEX	A5049026946	doi:10.1186/s12955-022-02031-8
person:eqmember:17980	ORCID	0000-0003-1737-2989	doi:10.1186/s12955-022-02031-8
person:eqmember:17982	OPENALEX	A5021576811	doi:10.1186/s13643-025-03060-2
person:eqmember:17982	ORCID	0000-0003-2867-0498	doi:10.1186/s13643-025-03060-2
person:eqmember:17984	OPENALEX	A5043932217	doi:10.1007/s40271-022-00573-z
person:eqmember:17984	ORCID	0000-0002-7315-3230	doi:10.1007/s40271-022-00573-z
person:eqmember:17988	OPENALEX	A5058888906	doi:10.1371/journal.pone.0305983
person:eqmember:17988	ORCID	0000-0001-5645-7091	doi:10.1371/journal.pone.0305983
person:eqmember:17990	OPENALEX	A5117152200	doi:10.1007/s40273-025-01550-8
person:eqmember:17992	OPENALEX	A5078862538	doi:10.1007/s40271-020-00490-z
person:eqmember:17992	ORCID	0000-0002-8784-9650	doi:10.1007/s40271-020-00490-z
person:eqmember:17994	OPENALEX	A5015667412	doi:10.1097/mlr.0000000000002315
person:eqmember:17994	ORCID	0000-0001-7093-3058	doi:10.1097/mlr.0000000000002315
person:eqmember:17996	OPENALEX	A5081188742	doi:10.1186/s12955-022-02083-w
person:eqmember:17996	ORCID	0000-0001-5948-3025	doi:10.1186/s12955-022-02083-w
person:eqmember:17998	OPENALEX	A5022446221	doi:10.1371/journal.pone.0319227
person:eqmember:17998	ORCID	0000-0001-8024-7801	doi:10.1371/journal.pone.0319227
person:eqmember:18000	OPENALEX	A5031953969	doi:10.1007/s40273-018-0642-5
person:eqmember:18000	ORCID	0000-0002-5956-8309	doi:10.1007/s40273-018-0642-5
person:eqmember:18002	OPENALEX	A5044860561	doi:10.1371/journal.pone.0319227
person:eqmember:18002	ORCID	0000-0002-2243-8818	doi:10.1371/journal.pone.0319227
person:eqmember:18004	OPENALEX	A5022698267	doi:10.1186/s13643-025-03060-2
person:eqmember:18004	ORCID	0000-0001-8452-2591	doi:10.1186/s13643-025-03060-2
person:eqmember:18006	OPENALEX	A5091343801	doi:10.1016/j.jval.2021.03.019
person:eqmember:18006	ORCID	0000-0002-1238-7156	doi:10.1016/j.jval.2021.03.019
person:eqmember:18008	OPENALEX	A5074565937	doi:10.1007/s11136-025-03983-2
person:eqmember:18008	ORCID	0000-0001-9145-3694	doi:10.1007/s11136-025-03983-2
person:eqmember:18010	OPENALEX	A5001823062	doi:10.1371/journal.pone.0290606
person:eqmember:18010	ORCID	0000-0001-9552-6969	doi:10.1371/journal.pone.0290606
person:eqmember:18012	OPENALEX	A5008581679	doi:10.1007/s40273-022-01216-9
person:eqmember:18012	ORCID	0000-0003-3513-2364	doi:10.1007/s40273-022-01216-9
person:eqmember:18016	OPENALEX	A5027316988	doi:10.1136/bmjopen-2024-084440
person:eqmember:18016	ORCID	0000-0003-4436-1126	doi:10.1136/bmjopen-2024-084440
person:eqmember:18018	OPENALEX	A5091571513	doi:10.1007/s40273-018-0642-5
person:eqmember:18018	ORCID	0000-0003-1509-3409	doi:10.1007/s40273-018-0642-5
person:eqmember:18019	OPENALEX	A5028809099	doi:10.1186/s12955-023-02131-z
person:eqmember:18019	OPENALEX	A5051597671	doi:10.1186/s12955-026-02521-z
person:eqmember:18019	ORCID	0000-0001-5468-0847	doi:10.1186/s12955-023-02131-z
person:eqmember:18019	ORCID	0000-0001-6186-2024	doi:10.1186/s12955-026-02521-z
person:eqmember:18021	OPENALEX	A5002022038	doi:10.1007/s11136-025-04038-2
person:eqmember:18021	ORCID	0000-0002-7444-1584	doi:10.1007/s11136-025-04038-2
person:eqmember:18646	OPENALEX	A5011344482	doi:10.1007/s10198-023-01569-8
person:eqmember:18646	ORCID	0000-0001-7918-839x	doi:10.1007/s10198-023-01569-8
person:eqmember:18648	OPENALEX	A5047279366	doi:10.1186/s12955-024-02290-7
person:eqmember:18648	ORCID	0000-0002-4610-1195	doi:10.1186/s12955-024-02290-7
person:eqmember:19003	OPENALEX	A5055927783	doi:10.1177/0272989x20969686
person:eqmember:19003	ORCID	0000-0003-1438-321x	doi:10.1007/s41669-024-00486-7
person:eqmember:19003	ORCID	0000-0003-3950-9210	doi:10.1177/0272989x20969686
person:eqmember:19005	OPENALEX	A5020933378	doi:10.3390/nu16162591
person:eqmember:19005	ORCID	0000-0001-6602-6949	doi:10.3390/nu16162591
person:eqmember:19028	OPENALEX	A5082193621	doi:10.1007/s40273-025-01519-7
person:eqmember:19028	ORCID	0000-0002-5338-578x	doi:10.1007/s40273-025-01519-7
person:eqmember:19030	OPENALEX	A5007210675	doi:10.1186/s12955-022-02031-8
person:eqmember:19030	ORCID	0000-0003-3696-9086	doi:10.1186/s12955-022-02031-8
person:eqmember:19032	OPENALEX	A5068470091	doi:10.3390/children10101604
person:eqmember:19032	ORCID	0000-0002-6915-1865	doi:10.3390/children10101604
person:eqmember:19813	OPENALEX	A5029949490	doi:10.1186/s12955-024-02271-w
person:eqmember:19813	ORCID	0000-0003-1121-1316	doi:10.1186/s12955-024-02271-w
person:eqmember:21677	OPENALEX	A5020867003	doi:10.1371/journal.pone.0319227
person:eqmember:21677	ORCID	0000-0001-5030-430x	doi:10.1371/journal.pone.0319227
person:eqmember:21678	OPENALEX	A5057171540	doi:10.1007/s10198-024-01682-2
person:eqmember:21678	ORCID	0000-0002-4720-5172	doi:10.1007/s10198-024-01682-2
person:leader:04cf56c7a04c	OPENALEX	A5026880787	doi:10.1136/bmjopen-2023-080985
person:leader:04cf56c7a04c	ORCID	0000-0003-4318-6100	doi:10.1136/bmjopen-2023-080985
person:leader:0687af044b11	OPENALEX	A5124206108	doi:10.1007/s11136-026-04223-x
person:leader:086bfe1b27fe	OPENALEX	A5088028488	doi:10.1007/s11136-025-04053-3
person:leader:086bfe1b27fe	OPENALEX	A5135071520	doi:10.1007/s11136-026-04242-8
person:leader:086bfe1b27fe	ORCID	0000-0003-3981-0951	doi:10.1007/s11136-025-04053-3
person:leader:08f441c510b7	OPENALEX	A5109074641	doi:10.3389/ijph.2026.1608807
person:leader:09fa3c498378	OPENALEX	A5089160643	doi:10.1007/s11136-021-03075-x
person:leader:09fa3c498378	ORCID	0000-0002-5629-9270	doi:10.1007/s11136-021-03075-x
person:leader:0a4ba2690908	OPENALEX	A5007136182	doi:10.1007/s40273-025-01545-5
person:leader:0a4ba2690908	ORCID	0000-0003-3552-1087	doi:10.1007/s40273-025-01545-5
person:leader:1064c67128ac	OPENALEX	A5056962219	doi:10.3389/fpsyg.2023.1175402
person:leader:1064c67128ac	ORCID	0000-0002-7703-7114	doi:10.3389/fpsyg.2023.1175402
person:leader:1ed27ee96b5d	OPENALEX	A5070658848	doi:10.1007/s40273-025-01493-0
person:leader:1ed27ee96b5d	ORCID	0009-0007-8055-5450	doi:10.1007/s40273-025-01493-0
person:leader:22c287b45ebd	OPENALEX	A5035818265	doi:10.1007/s11136-026-04230-y
person:leader:22c287b45ebd	ORCID	0000-0001-9326-8492	doi:10.1007/s11136-026-04230-y
person:leader:2f6e9bb0322d	OPENALEX	A5070605387	doi:10.3390/cancers16111952
person:leader:2f6e9bb0322d	ORCID	0000-0002-5416-5893	doi:10.3390/cancers16111952
person:leader:31a5417532b0	OPENALEX	A5033480820	doi:10.1007/s11136-021-03075-x
person:leader:31a5417532b0	ORCID	0000-0001-9983-6219	doi:10.1007/s11136-021-03075-x
person:leader:33ce5d686145	OPENALEX	A5016414995	doi:10.1007/s40273-025-01476-1
person:leader:33ce5d686145	ORCID	0000-0001-7668-3934	doi:10.1007/s40273-025-01476-1
person:leader:33e259cba916	OPENALEX	A5010221662	doi:10.1007/s11136-026-04230-y
person:leader:33e259cba916	ORCID	0000-0002-8025-5841	doi:10.1007/s11136-026-04230-y
person:leader:35b2f2d48116	OPENALEX	A5102727513	doi:10.1007/s40258-021-00639-3
person:leader:35b2f2d48116	ORCID	0000-0001-7300-254x	doi:10.1007/s40258-021-00639-3
person:leader:39e3bb2019e3	OPENALEX	A5091305227	doi:10.1136/bmjopen-2021-051727
person:leader:39e3bb2019e3	ORCID	0000-0002-6048-847x	doi:10.1136/bmjopen-2021-051727
person:leader:4001f58df21c	OPENALEX	A5007564965	doi:10.1177/0272989x211001859
person:leader:4001f58df21c	ORCID	0000-0003-3055-9932	doi:10.1177/0272989x211001859
person:leader:45e0db20f70b	OPENALEX	A5117116214	doi:10.1007/s10198-025-01823-1
person:leader:45e0db20f70b	ORCID	0009-0004-2252-454x	doi:10.1007/s10198-025-01823-1
person:leader:49d1d576ca39	OPENALEX	A5063513647	doi:10.1007/s41669-022-00353-3
person:leader:49d1d576ca39	ORCID	0000-0001-6211-3471	doi:10.1007/s41669-022-00353-3
person:leader:4a5cd1710c94	OPENALEX	A5006458172	doi:10.1007/s11136-025-03989-w
person:leader:4a5cd1710c94	ORCID	0000-0002-3530-7921	doi:10.1007/s11136-025-03989-w
person:leader:4fa690feeeb8	OPENALEX	A5008052793	doi:10.1007/s40258-022-00772-7
person:leader:4fa690feeeb8	ORCID	0000-0002-3607-0508	doi:10.1007/s40258-022-00772-7
person:leader:50cca9cff5d9	OPENALEX	A5078953009	doi:10.3390/children8080714
person:leader:50cca9cff5d9	OPENALEX	A5122330159	doi:10.1007/s11136-025-04150-3
person:leader:50cca9cff5d9	OPENALEX	A5138004883	doi:10.1007/s11136-026-04246-4
person:leader:50cca9cff5d9	ORCID	0000-0003-4972-8871	doi:10.3390/children8080714
person:leader:510242c8d95e	OPENALEX	A5063482306	doi:10.1186/s41687-024-00761-5
person:leader:510242c8d95e	ORCID	0000-0002-2695-8917	doi:10.1186/s41687-024-00761-5
person:leader:53444d26184b	OPENALEX	A5003956817	doi:10.1007/s11136-021-03075-x
person:leader:53444d26184b	OPENALEX	A5100874069	doi:10.1371/journal.pone.0305983
person:leader:53444d26184b	OPENALEX	A5108671876	doi:10.1371/journal.pone.0209344
person:leader:53444d26184b	ORCID	0000-0002-6771-6746	doi:10.1007/s11136-021-03075-x
person:leader:557995e71b4d	OPENALEX	A5064794823	doi:10.1177/0272989x211001859
person:leader:557995e71b4d	ORCID	0000-0002-1866-2155	doi:10.1177/0272989x211001859
person:leader:5b6527858de5	OPENALEX	A5005862614	doi:10.2196/27669
person:leader:5b6527858de5	ORCID	0000-0001-9996-4317	doi:10.2196/27669
person:leader:5fdc94f27d8c	OPENALEX	A5008650274	doi:10.1186/s12955-024-02305-3
person:leader:5fdc94f27d8c	ORCID	0000-0002-2747-7955	doi:10.1186/s12955-024-02305-3
person:leader:606823d7ed51	OPENALEX	A5033743427	doi:10.1186/s12955-024-02303-5
person:leader:606823d7ed51	ORCID	0000-0003-2546-9449	doi:10.1186/s12955-024-02303-5
person:leader:63cb6b329986	OPENALEX	A5003198517	doi:10.1007/s11136-026-04230-y
person:leader:63cb6b329986	OPENALEX	A5051490866	doi:10.1007/s40273-025-01550-8
person:leader:63cb6b329986	ORCID	0000-0002-9373-7663	doi:10.1007/s40273-025-01550-8
person:leader:697a63a74011	OPENALEX	A5029600163	doi:10.1007/s11136-025-04003-z
person:leader:697a63a74011	ORCID	0000-0003-4202-7116	doi:10.1007/s11136-025-04003-z
person:leader:6998de5ea5d5	OPENALEX	A5049401142	doi:10.1186/s12891-024-07304-5
person:leader:6998de5ea5d5	ORCID	0000-0002-8467-8008	doi:10.1186/s12891-024-07304-5
person:leader:6cc4c9299d70	OPENALEX	A5009462612	doi:10.1186/s13643-025-03060-2
person:leader:6cc4c9299d70	ORCID	0000-0002-9344-3390	doi:10.1186/s13643-025-03060-2
person:leader:6fe4e81455db	OPENALEX	A5067862987	doi:10.1186/s12955-024-02271-w
person:leader:6fe4e81455db	ORCID	0009-0008-0180-7224	doi:10.1186/s12955-024-02271-w
person:leader:708432e727df	OPENALEX	A5025678242	doi:10.1186/s12955-025-02421-8
person:leader:708432e727df	ORCID	0000-0002-6943-753x	doi:10.1186/s12955-025-02421-8
person:leader:73598c4735dd	OPENALEX	A5080372262	doi:10.1136/bmjopen-2025-102509
person:leader:73598c4735dd	OPENALEX	A5101270720	doi:10.1007/s10198-021-01309-w
person:leader:73598c4735dd	ORCID	0000-0003-0770-4564	doi:10.1136/bmjopen-2025-102509
person:leader:78acf91f717f	OPENALEX	A5091811569	doi:10.1007/s11136-024-03875-x
person:leader:78acf91f717f	ORCID	0000-0002-6826-3865	doi:10.1007/s11136-024-03875-x
person:leader:78f0dc6cb8d8	OPENALEX	A5082166488	doi:10.1007/s10198-025-01812-4
person:leader:78f0dc6cb8d8	ORCID	0000-0003-3607-6579	doi:10.1007/s10198-025-01812-4
person:leader:7fbd807010a1	OPENALEX	A5040157120	doi:10.1186/s12955-025-02421-8
person:leader:7fbd807010a1	ORCID	0000-0002-7363-1327	doi:10.1186/s12955-025-02421-8
person:leader:82320ccd878a	OPENALEX	A5024629360	doi:10.1007/s40273-024-01404-9
person:leader:82320ccd878a	ORCID	0000-0002-6826-4278	doi:10.1007/s40273-024-01404-9
person:leader:8677f310bcd0	OPENALEX	A5011536590	doi:10.1007/s10198-025-01823-1
person:leader:8677f310bcd0	ORCID	0000-0001-8722-3431	doi:10.1007/s10198-025-01823-1
person:leader:8873fe2331bf	OPENALEX	A5076822287	doi:10.1007/s11136-025-04038-2
person:leader:8873fe2331bf	ORCID	0009-0006-8112-628x	doi:10.1007/s11136-025-04038-2
person:leader:8b1b3321c511	OPENALEX	A5054828864	doi:10.1007/s40258-021-00639-3
person:leader:8b1b3321c511	ORCID	0000-0001-6512-5566	doi:10.1007/s40258-021-00639-3
person:leader:942313d653a7	OPENALEX	A5085975930	doi:10.1007/s40273-019-00876-4
person:leader:942313d653a7	ORCID	0000-0002-5941-6823	doi:10.1007/s40273-019-00876-4
person:leader:9f2c2404b4d6	OPENALEX	A5003389681	doi:10.1186/s12955-022-01989-9
person:leader:9f2c2404b4d6	ORCID	0000-0002-3370-1554	doi:10.1186/s12955-022-01989-9
person:leader:a0721a90a44f	OPENALEX	A5093433205	doi:10.1186/s12891-024-07304-5
person:leader:a88a6c88814a	OPENALEX	A5036883637	doi:10.3389/ijph.2026.1608807
person:leader:a88a6c88814a	ORCID	0000-0001-9488-887x	doi:10.3389/ijph.2026.1608807
person:leader:ad6bbe401f11	OPENALEX	A5040546783	doi:10.1007/s11136-021-03075-x
person:leader:ad6bbe401f11	ORCID	0000-0003-1426-6777	doi:10.1007/s11136-021-03075-x
person:leader:b101d0407270	OPENALEX	A5010929980	doi:10.1007/s40273-018-0694-6
person:leader:b101d0407270	ORCID	0000-0002-2227-8906	doi:10.1007/s40273-018-0694-6
person:leader:b74a5997703c	OPENALEX	A5061680498	doi:10.1007/s12311-024-01657-2
person:leader:b74a5997703c	OPENALEX	A5124110567	doi:10.1186/s12955-026-02478-z
person:leader:b74a5997703c	ORCID	0000-0002-4486-8632	doi:10.1186/s12955-026-02478-z
person:leader:b9c067658879	OPENALEX	A5132559868	doi:10.1007/s11136-026-04226-8
person:leader:ba7c286781f3	OPENALEX	A5069574274	doi:10.1186/s12955-022-02083-w
person:leader:ba7c286781f3	ORCID	0000-0002-3975-4868	doi:10.1186/s12955-022-02083-w
person:leader:bc605a168c15	OPENALEX	A5089652474	doi:10.3390/curroncol32110645
person:leader:bc605a168c15	ORCID	0000-0002-9806-9393	doi:10.3390/curroncol32110645
person:leader:c2d00c5008f7	OPENALEX	A5090783923	doi:10.1213/ane.0000000000007107
person:leader:c2d00c5008f7	ORCID	0000-0002-9143-5506	doi:10.1213/ane.0000000000007107
person:leader:c4a44baaa49e	OPENALEX	A5030831609	doi:10.1007/s11136-025-04038-2
person:leader:c4a44baaa49e	ORCID	0000-0003-1311-8510	doi:10.1007/s11136-025-04038-2
person:leader:c52a5fd501e9	OPENALEX	A5037683865	doi:10.1007/s11136-019-02115-x
person:leader:c52a5fd501e9	ORCID	0000-0003-2504-343x	doi:10.1007/s11136-019-02115-x
person:leader:c776fcba6574	OPENALEX	A5071601943	doi:10.1007/s11136-022-03143-w
person:leader:c776fcba6574	ORCID	0000-0003-4042-5997	doi:10.1007/s11136-022-03143-w
person:leader:c9be2e978859	OPENALEX	A5034831401	doi:10.1007/s40273-024-01404-9
person:leader:c9be2e978859	ORCID	0000-0002-5228-1292	doi:10.1007/s40273-024-01404-9
person:leader:d9674d98607b	OPENALEX	A5086002810	doi:10.1186/s41687-025-00928-8
person:leader:d9674d98607b	ORCID	0000-0001-5473-3857	doi:10.1186/s41687-025-00928-8
person:leader:da1bac7dcc2d	OPENALEX	A5053689562	doi:10.1186/s12955-025-02397-5
person:leader:da1bac7dcc2d	ORCID	0000-0001-5824-9405	doi:10.1186/s12955-025-02397-5
person:leader:da2b6bcaceb6	OPENALEX	A5007225491	doi:10.1017/s0266462326103602
person:leader:da2b6bcaceb6	ORCID	0000-0001-7261-1255	doi:10.1017/s0266462326103602
person:leader:db0cd1478ab2	OPENALEX	A5031359113	doi:10.1007/s11136-026-04315-8
person:leader:db0cd1478ab2	ORCID	0000-0002-4899-7538	doi:10.1007/s11136-026-04315-8
person:leader:e26a260838e7	OPENALEX	A5043601549	doi:10.1007/s40273-025-01509-9
person:leader:e26a260838e7	ORCID	0000-0001-7645-2079	doi:10.1007/s40273-025-01509-9
person:leader:e441983c0a65	OPENALEX	A5113241600	doi:10.1007/s11136-024-03618-y
person:leader:e448059d8472	OPENALEX	A5072704582	doi:10.1186/s12955-021-01858-x
person:leader:e448059d8472	ORCID	0000-0003-1169-3431	doi:10.1186/s12955-021-01858-x
person:leader:eb823a3d3fe9	OPENALEX	A5010948852	doi:10.1007/s40258-023-00798-5
person:leader:eb823a3d3fe9	ORCID	0000-0002-3879-6193	doi:10.1007/s40258-023-00798-5
person:leader:ece94cf47888	OPENALEX	A5013305477	doi:10.1186/s41687-025-00928-8
person:leader:ece94cf47888	ORCID	0000-0003-0071-732x	doi:10.1186/s41687-025-00928-8
person:leader:ef46534448d4	OPENALEX	A5022213392	doi:10.5492/wjccm.v11.i4.236
person:leader:ef46534448d4	ORCID	0000-0002-9939-7348	doi:10.5492/wjccm.v11.i4.236
person:leader:f5a715e2f518	OPENALEX	A5079423723	doi:10.1186/s12955-026-02521-z
person:leader:f5a715e2f518	ORCID	0000-0001-7859-3684	doi:10.1186/s12955-026-02521-z
person:leader:f6aec8a6037d	OPENALEX	A5024805890	doi:10.1007/s11136-025-03930-1
person:leader:f6aec8a6037d	ORCID	0000-0002-4212-8438	doi:10.1007/s11136-025-03930-1
person:leader:fa3dd095d626	OPENALEX	A5100462659	doi:10.3389/fpsyg.2023.1175402
person:leader:fa3dd095d626	ORCID	0000-0003-3661-3944	doi:10.3389/fpsyg.2023.1175402
person:leader:fa9a063b5705	OPENALEX	A5018887750	doi:10.1186/s12955-023-02144-8
person:leader:fa9a063b5705	ORCID	0000-0002-8718-5516	doi:10.1186/s12955-023-02144-8
person:leader:fbb9eb69f451	OPENALEX	A5049547434	doi:10.1371/journal.pone.0197098
person:leader:fbb9eb69f451	ORCID	0000-0001-5062-6886	doi:10.1371/journal.pone.0197098
person:leader:fc07b6540d1a	OPENALEX	A5038451583	doi:10.1007/s41669-024-00486-7
person:leader:fc07b6540d1a	ORCID	0000-0003-0092-5970	doi:10.1007/s41669-024-00486-7
person:openalex:A5011128673	OPENALEX	A5011128673	doi:10.1186/s12955-023-02177-z
person:openalex:A5011340679	OPENALEX	A5011340679	doi:10.1007/s11136-018-1985-2
person:openalex:A5012652576	OPENALEX	A5012652576	doi:10.1186/s12955-023-02177-z
person:openalex:A5013588948	OPENALEX	A5013588948	doi:10.3390/children8080714
person:openalex:A5013644553	OPENALEX	A5013644553	doi:10.1007/s40273-019-00811-7
person:openalex:A5014702512	OPENALEX	A5014702512	doi:10.1007/s11136-025-03930-1
person:openalex:A5014870235	OPENALEX	A5014870235	doi:10.1186/s12955-021-01889-4
person:openalex:A5018364694	OPENALEX	A5018364694	doi:10.1007/s10198-025-01804-4
person:openalex:A5019640605	OPENALEX	A5019640605	doi:10.1136/bmjopen-2021-051727
person:openalex:A5031125763	OPENALEX	A5031125763	doi:10.1007/s11136-024-03875-x
person:openalex:A5032068645	OPENALEX	A5032068645	doi:10.1002/hsr2.70308
person:openalex:A5035696719	OPENALEX	A5035696719	doi:10.1007/s11136-022-03143-w
person:openalex:A5040717022	OPENALEX	A5040717022	doi:10.1186/s12955-023-02207-w
person:openalex:A5045399261	OPENALEX	A5045399261	doi:10.3389/fepid.2023.1144162
person:openalex:A5046103327	OPENALEX	A5046103327	doi:10.1097/mlr.0000000000002315
person:openalex:A5048456007	OPENALEX	A5048456007	doi:10.1007/s40273-019-00854-w
person:openalex:A5050491421	OPENALEX	A5050491421	doi:10.1186/s12955-024-02305-3
person:openalex:A5053842557	OPENALEX	A5053842557	doi:10.1136/bmjopen-2025-102509
person:openalex:A5054412185	OPENALEX	A5054412185	doi:10.1038/s41433-023-02860-x
person:openalex:A5054515213	OPENALEX	A5054515213	doi:10.1186/s12955-019-1139-4
person:openalex:A5058173329	OPENALEX	A5058173329	doi:10.1097/mlr.0000000000002315
person:openalex:A5058639972	OPENALEX	A5058639972	doi:10.1186/s12955-023-02207-w
person:openalex:A5061247569	OPENALEX	A5061247569	doi:10.1007/s11136-022-03143-w
person:openalex:A5062656907	OPENALEX	A5062656907	doi:10.1007/s11136-026-04223-x
person:openalex:A5062956353	OPENALEX	A5062956353	doi:10.3390/children8080714
person:openalex:A5063917571	OPENALEX	A5063917571	doi:10.1186/s13643-025-03060-2
person:openalex:A5069067858	OPENALEX	A5069067858	doi:10.1007/s11136-022-03143-w
person:openalex:A5072165119	OPENALEX	A5072165119	doi:10.1186/s12955-024-02305-3
person:openalex:A5072547675	OPENALEX	A5072547675	doi:10.1007/s10198-021-01306-z
person:openalex:A5073821926	OPENALEX	A5073821926	doi:10.3389/ijph.2026.1608807
person:openalex:A5074077987	OPENALEX	A5074077987	doi:10.1007/s40273-025-01545-5
person:openalex:A5077284198	OPENALEX	A5077284198	doi:10.1007/s11136-025-03996-x
person:openalex:A5078510482	OPENALEX	A5078510482	doi:10.1007/s11136-025-03917-y
person:openalex:A5080215797	OPENALEX	A5080215797	doi:10.1038/s41433-023-02860-x
person:openalex:A5086528283	OPENALEX	A5086528283	doi:10.1007/s40273-024-01355-1
person:openalex:A5086528283	OPENALEX	A5130215476	doi:10.1007/s10198-025-01804-4
person:openalex:A5087010532	OPENALEX	A5087010532	doi:10.1038/s41433-023-02860-x
person:openalex:A5087311184	OPENALEX	A5087311184	doi:10.1186/s12955-023-02131-z
person:openalex:A5088417854	OPENALEX	A5088417854	doi:10.1177/0272989x19841587
person:openalex:A5090671455	OPENALEX	A5090671455	doi:10.1007/s11136-024-03875-x
person:openalex:A5091194414	OPENALEX	A5091194414	doi:10.1007/s11136-021-03069-9
person:openalex:A5102432342	OPENALEX	A5102432342	doi:10.1186/s12955-023-02177-z
person:openalex:A5102623414	OPENALEX	A5102623414	doi:10.1186/s12891-024-07304-5
person:openalex:A5104134946	OPENALEX	A5104134946	doi:10.1007/s11136-025-03996-x
person:openalex:A5108557660	OPENALEX	A5108557660	doi:10.1007/s11136-025-03996-x
person:openalex:A5108712913	OPENALEX	A5108712913	doi:10.1002/hsr2.70308
person:openalex:A5109331936	OPENALEX	A5109331936	doi:10.1007/s11136-022-03143-w
person:openalex:A5109630235	OPENALEX	A5109630235	doi:10.1186/s12955-023-02177-z
person:openalex:A5109778098	OPENALEX	A5109778098	doi:10.1038/s41433-023-02860-x
person:openalex:A5110068367	OPENALEX	A5110068367	doi:10.1371/journal.pone.0305983
person:openalex:A5110255509	OPENALEX	A5110255509	doi:10.1007/s10198-025-01804-4
person:openalex:A5111023994	OPENALEX	A5111023994	doi:10.1186/s12955-023-02177-z
person:openalex:A5111246879	OPENALEX	A5111246879	doi:10.1007/s40273-024-01404-9
person:openalex:A5111788632	OPENALEX	A5111788632	doi:10.1007/s10198-021-01306-z
person:openalex:A5111900822	OPENALEX	A5111900822	doi:10.1177/0272989x251380556
person:openalex:A5112406075	OPENALEX	A5112406075	doi:10.1371/journal.pone.0209344
person:openalex:A5112406075	OPENALEX	A5114222750	doi:10.1371/journal.pone.0305983
person:openalex:A5112728116	OPENALEX	A5112728116	doi:10.1007/s40258-023-00798-5
person:openalex:A5112901636	OPENALEX	A5112901636	doi:10.1007/s12311-024-01657-2
person:openalex:A5113535557	OPENALEX	A5113535557	doi:10.1371/journal.pone.0200966
person:openalex:A5114202758	OPENALEX	A5114202758	doi:10.1007/s11136-025-03917-y
person:openalex:A5114345756	OPENALEX	A5114345756	doi:10.1007/s11136-026-04226-8
person:openalex:A5117455132	OPENALEX	A5117455132	doi:10.3389/ijph.2026.1608807
person:openalex:A5117715736	OPENALEX	A5117715736	doi:10.3390/curroncol32060308
person:openalex:A5117785012	OPENALEX	A5117785012	doi:10.1007/s11136-025-03996-x
person:openalex:A5117785013	OPENALEX	A5117785013	doi:10.1007/s11136-025-03996-x
person:openalex:A5118390306	OPENALEX	A5118390306	doi:10.1136/bmjopen-2025-102509
person:openalex:A5119599136	OPENALEX	A5119599136	doi:10.1007/s10198-025-01812-4
person:openalex:A5122353169	OPENALEX	A5122353169	doi:10.1007/s11136-025-04150-3
person:openalex:A5122380022	OPENALEX	A5122380022	doi:10.1007/s11136-025-04150-3
person:openalex:A5122382176	OPENALEX	A5122382176	doi:10.1007/s11136-025-04150-3
person:openalex:A5122911844	OPENALEX	A5122911844	doi:10.1007/s11136-025-04145-0
person:openalex:A5123867361	OPENALEX	A5123867361	doi:10.1007/s11136-026-04223-x
person:openalex:A5124253158	OPENALEX	A5124253158	doi:10.1007/s11136-026-04223-x
person:openalex:A5125700763	OPENALEX	A5125700763	doi:10.1186/s41687-025-00985-z
person:openalex:A5125757955	OPENALEX	A5125757955	doi:10.1186/s41687-025-00985-z
person:openalex:A5129360275	OPENALEX	A5129360275	doi:10.1186/s12955-026-02521-z
person:openalex:A5130219809	OPENALEX	A5130219809	doi:10.1097/mlr.0000000000002315
person:openalex:A5132638343	OPENALEX	A5132638343	doi:10.1007/s11136-026-04285-x
person:openalex:A5132705166	OPENALEX	A5132705166	doi:10.1007/s11136-026-04230-y
person:openalex:A5138142464	OPENALEX	A5138142464	doi:10.1007/s11136-026-04285-x
person:orcid:0000-0001-5091-3180	OPENALEX	A5046364454	doi:10.1371/journal.pone.0200966
person:orcid:0000-0001-5091-3180	ORCID	0000-0001-5091-3180	doi:10.1371/journal.pone.0200966
person:orcid:0000-0001-5099-3483	OPENALEX	A5005876438	doi:10.1186/s12955-024-02290-7
person:orcid:0000-0001-5099-3483	ORCID	0000-0001-5099-3483	doi:10.1186/s12955-024-02290-7
person:orcid:0000-0001-5126-9104	OPENALEX	A5014483970	doi:10.1371/journal.pone.0200966
person:orcid:0000-0001-5126-9104	ORCID	0000-0001-5126-9104	doi:10.1371/journal.pone.0200966
person:orcid:0000-0001-5193-918x	OPENALEX	A5122377113	doi:10.1007/s11136-025-04150-3
person:orcid:0000-0001-5193-918x	ORCID	0000-0001-5193-918x	doi:10.1007/s11136-025-04150-3
person:orcid:0000-0001-5307-0692	OPENALEX	A5117554996	doi:10.1007/s11136-026-04223-x
person:orcid:0000-0001-5307-0692	ORCID	0000-0001-5307-0692	doi:10.1007/s11136-026-04223-x
person:orcid:0000-0001-5374-5100	OPENALEX	A5111744360	doi:10.1007/s40258-023-00798-5
person:orcid:0000-0001-5374-5100	ORCID	0000-0001-5374-5100	doi:10.1007/s40258-023-00798-5
person:orcid:0000-0001-5396-0265	OPENALEX	A5070819422	doi:10.1007/s11136-025-03996-x
person:orcid:0000-0001-5396-0265	ORCID	0000-0001-5396-0265	doi:10.1007/s11136-025-03996-x
person:orcid:0000-0001-5416-042x	OPENALEX	A5079118485	doi:10.1007/s11136-019-02156-2
person:orcid:0000-0001-5416-042x	ORCID	0000-0001-5416-042x	doi:10.1007/s11136-019-02156-2
person:orcid:0000-0001-5430-9810	OPENALEX	A5002846176	doi:10.1371/journal.pone.0200966
person:orcid:0000-0001-5430-9810	ORCID	0000-0001-5430-9810	doi:10.1371/journal.pone.0200966
person:orcid:0000-0001-5541-5930	OPENALEX	A5086268973	doi:10.3390/curroncol32060308
person:orcid:0000-0001-5541-5930	ORCID	0000-0001-5541-5930	doi:10.3390/curroncol32060308
person:orcid:0000-0001-5559-2574	OPENALEX	A5101609487	doi:10.1007/s40273-025-01473-4
person:orcid:0000-0001-5559-2574	ORCID	0000-0001-5559-2574	doi:10.1007/s40273-025-01473-4
person:orcid:0000-0001-5823-7375	OPENALEX	A5003131836	doi:10.1186/s12955-020-01394-0
person:orcid:0000-0001-5823-7375	ORCID	0000-0001-5823-7375	doi:10.1186/s12955-020-01394-0
person:orcid:0000-0001-5913-0297	OPENALEX	A5035192108	doi:10.1136/bmjopen-2023-080985
person:orcid:0000-0001-5913-0297	ORCID	0000-0001-5913-0297	doi:10.1136/bmjopen-2023-080985
person:orcid:0000-0001-6121-5409	OPENALEX	A5081215319	doi:10.1007/s11136-026-04230-y
person:orcid:0000-0001-6121-5409	ORCID	0000-0001-6121-5409	doi:10.1007/s11136-026-04230-y
person:orcid:0000-0001-6159-2482	OPENALEX	A5022672409	doi:10.1007/s40273-021-01109-3
person:orcid:0000-0001-6159-2482	ORCID	0000-0001-6159-2482	doi:10.1007/s40273-021-01109-3
person:orcid:0000-0001-6174-5442	OPENALEX	A5037328125	doi:10.1007/s12311-024-01657-2
person:orcid:0000-0001-6174-5442	ORCID	0000-0001-6174-5442	doi:10.1007/s12311-024-01657-2
person:orcid:0000-0001-6241-0249	OPENALEX	A5021997891	doi:10.1007/s10198-018-0993-z
person:orcid:0000-0001-6241-0249	ORCID	0000-0001-6241-0249	doi:10.1007/s10198-018-0993-z
person:orcid:0000-0001-6404-1117	OPENALEX	A5091956404	doi:10.1007/s11136-025-03996-x
person:orcid:0000-0001-6404-1117	ORCID	0000-0001-6404-1117	doi:10.1007/s11136-025-03996-x
person:orcid:0000-0001-6489-171x	OPENALEX	A5054647242	doi:10.1186/s12955-023-02144-8
person:orcid:0000-0001-6489-171x	ORCID	0000-0001-6489-171x	doi:10.1186/s12955-023-02144-8
person:orcid:0000-0001-6534-1242	OPENALEX	A5044372933	doi:10.2196/27669
person:orcid:0000-0001-6534-1242	ORCID	0000-0001-6534-1242	doi:10.2196/27669
person:orcid:0000-0001-6610-3369	OPENALEX	A5109576149	doi:10.5492/wjccm.v11.i4.236
person:orcid:0000-0001-6610-3369	ORCID	0000-0001-6610-3369	doi:10.5492/wjccm.v11.i4.236
person:orcid:0000-0001-6638-421x	OPENALEX	A5073774833	doi:10.1007/s11136-026-04294-w
person:orcid:0000-0001-6638-421x	ORCID	0000-0001-6638-421x	doi:10.1007/s11136-026-04294-w
person:orcid:0000-0001-6660-5246	OPENALEX	A5079399532	doi:10.1371/journal.pone.0305983
person:orcid:0000-0001-6660-5246	ORCID	0000-0001-6660-5246	doi:10.1371/journal.pone.0305983
person:orcid:0000-0001-6699-6072	OPENALEX	A5108017545	doi:10.1186/s12955-021-01889-4
person:orcid:0000-0001-6699-6072	ORCID	0000-0001-6699-6072	doi:10.1186/s12955-021-01889-4
person:orcid:0000-0001-6712-5535	OPENALEX	A5039986019	doi:10.1007/s40273-025-01519-7
person:orcid:0000-0001-6712-5535	ORCID	0000-0001-6712-5535	doi:10.1007/s40273-025-01519-7
person:orcid:0000-0001-6780-0019	OPENALEX	A5001054264	doi:10.1007/s40273-015-0292-9
person:orcid:0000-0001-6780-0019	ORCID	0000-0001-6780-0019	doi:10.1007/s40273-015-0292-9
person:orcid:0000-0001-6783-0023	OPENALEX	A5001433251	doi:10.1007/s40273-019-00876-4
person:orcid:0000-0001-6783-0023	ORCID	0000-0001-6783-0023	doi:10.1007/s40273-019-00876-4
person:orcid:0000-0001-6962-0564	OPENALEX	A5065576118	doi:10.1007/s11136-020-02469-7
person:orcid:0000-0001-6962-0564	ORCID	0000-0001-6962-0564	doi:10.1007/s11136-020-02469-7
person:orcid:0000-0001-6983-0166	OPENALEX	A5039674186	doi:10.1007/s11136-025-03996-x
person:orcid:0000-0001-6983-0166	ORCID	0000-0001-6983-0166	doi:10.1007/s11136-025-03996-x
person:orcid:0000-0001-7058-5102	OPENALEX	A5002493085	doi:10.1213/ane.0000000000007107
person:orcid:0000-0001-7058-5102	ORCID	0000-0001-7058-5102	doi:10.1213/ane.0000000000007107
person:orcid:0000-0001-7147-2222	OPENALEX	A5016809145	doi:10.5492/wjccm.v11.i4.236
person:orcid:0000-0001-7147-2222	ORCID	0000-0001-7147-2222	doi:10.5492/wjccm.v11.i4.236
person:orcid:0000-0001-7161-6767	OPENALEX	A5003468874	doi:10.1007/s10198-024-01719-6
person:orcid:0000-0001-7161-6767	ORCID	0000-0001-7161-6767	doi:10.1007/s10198-024-01719-6
person:orcid:0000-0001-7335-4852	OPENALEX	A5079589572	doi:10.1007/s40273-025-01509-9
person:orcid:0000-0001-7335-4852	ORCID	0000-0001-7335-4852	doi:10.1007/s40273-025-01509-9
person:orcid:0000-0001-7458-6460	OPENALEX	A5004621550	doi:10.1007/s11136-020-02712-1
person:orcid:0000-0001-7458-6460	ORCID	0000-0001-7458-6460	doi:10.1007/s11136-020-02712-1
person:orcid:0000-0001-7470-528x	OPENALEX	A5020538411	doi:10.1371/journal.pone.0305983
person:orcid:0000-0001-7470-528x	ORCID	0000-0001-7470-528x	doi:10.1371/journal.pone.0305983
person:orcid:0000-0001-7472-2039	OPENALEX	A5092392626	doi:10.1007/s40273-025-01550-8
person:orcid:0000-0001-7472-2039	ORCID	0000-0001-7472-2039	doi:10.1007/s40273-025-01550-8
person:orcid:0000-0001-7536-8481	OPENALEX	A5015626145	doi:10.1186/s12955-023-02177-z
person:orcid:0000-0001-7536-8481	ORCID	0000-0001-7536-8481	doi:10.1186/s12955-023-02177-z
person:orcid:0000-0001-7548-1775	OPENALEX	A5067948587	doi:10.3389/fepid.2023.1144162
person:orcid:0000-0001-7548-1775	ORCID	0000-0001-7548-1775	doi:10.3389/fepid.2023.1144162
person:orcid:0000-0001-7644-8088	OPENALEX	A5056854306	doi:10.3961/jpmph.22.151
person:orcid:0000-0001-7644-8088	ORCID	0000-0001-7644-8088	doi:10.3961/jpmph.22.151
person:orcid:0000-0001-7928-1260	OPENALEX	A5102780130	doi:10.1007/s40273-022-01216-9
person:orcid:0000-0001-7928-1260	ORCID	0000-0001-7928-1260	doi:10.1007/s40273-022-01216-9
person:orcid:0000-0001-8076-9626	OPENALEX	A5020157030	doi:10.5492/wjccm.v11.i4.236
person:orcid:0000-0001-8076-9626	ORCID	0000-0001-8076-9626	doi:10.5492/wjccm.v11.i4.236
person:orcid:0000-0001-8144-6220	OPENALEX	A5043629216	doi:10.1007/s40273-022-01216-9
person:orcid:0000-0001-8144-6220	ORCID	0000-0001-8144-6220	doi:10.1007/s40273-022-01216-9
person:orcid:0000-0001-8574-8429	OPENALEX	A5000940073	doi:10.1186/s12955-023-02144-8
person:orcid:0000-0001-8574-8429	ORCID	0000-0001-8574-8429	doi:10.1186/s12955-023-02144-8
person:orcid:0000-0001-8685-3212	OPENALEX	A5082999537	doi:10.1097/mlr.0000000000002315
person:orcid:0000-0001-8685-3212	ORCID	0000-0001-8685-3212	doi:10.1097/mlr.0000000000002315
person:orcid:0000-0001-8771-6578	OPENALEX	A5088184178	doi:10.1007/s40273-025-01473-4
person:orcid:0000-0001-8771-6578	ORCID	0000-0001-8771-6578	doi:10.1007/s40273-025-01473-4
person:orcid:0000-0001-8778-5055	OPENALEX	A5059117288	doi:10.1007/s40271-022-00573-z
person:orcid:0000-0001-8778-5055	ORCID	0000-0001-8778-5055	doi:10.1007/s40271-022-00573-z
person:orcid:0000-0001-9005-9185	OPENALEX	A5015764426	doi:10.1186/s12955-020-01404-1
person:orcid:0000-0001-9005-9185	ORCID	0000-0001-9005-9185	doi:10.1186/s12955-020-01404-1
person:orcid:0000-0001-9071-2842	OPENALEX	A5079445531	doi:10.1007/s10198-021-01306-z
person:orcid:0000-0001-9071-2842	ORCID	0000-0001-9071-2842	doi:10.1007/s10198-021-01306-z
person:orcid:0000-0001-9074-7359	OPENALEX	A5009099235	doi:10.1016/j.pecinn.2025.100421
person:orcid:0000-0001-9074-7359	ORCID	0000-0001-9074-7359	doi:10.1016/j.pecinn.2025.100421
person:orcid:0000-0001-9125-1697	OPENALEX	A5112390873	doi:10.1371/journal.pone.0190111
person:orcid:0000-0001-9125-1697	ORCID	0000-0001-9125-1697	doi:10.1371/journal.pone.0190111
person:orcid:0000-0001-9364-5788	OPENALEX	A5037182915	doi:10.1136/bmjopen-2024-097598
person:orcid:0000-0001-9364-5788	ORCID	0000-0001-9364-5788	doi:10.1136/bmjopen-2024-097598
person:orcid:0000-0001-9502-4678	OPENALEX	A5049552804	doi:10.1007/s40273-021-01100-y
person:orcid:0000-0001-9502-4678	ORCID	0000-0001-9502-4678	doi:10.1007/s40273-021-01100-y
person:orcid:0000-0001-9558-304x	OPENALEX	A5027996110	doi:10.1007/s40273-022-01216-9
person:orcid:0000-0001-9558-304x	ORCID	0000-0001-9558-304x	doi:10.1007/s40273-022-01216-9
person:orcid:0000-0001-9571-576x	OPENALEX	A5048316196	doi:10.3389/fpubh.2021.744405
person:orcid:0000-0001-9571-576x	ORCID	0000-0001-9571-576x	doi:10.3389/fpubh.2021.744405
person:orcid:0000-0001-9610-8507	OPENALEX	A5025677569	doi:10.1007/s11136-025-03930-1
person:orcid:0000-0001-9610-8507	ORCID	0000-0001-9610-8507	doi:10.1007/s11136-025-03930-1
person:orcid:0000-0001-9749-1747	OPENALEX	A5007375599	doi:10.5492/wjccm.v11.i4.236
person:orcid:0000-0001-9749-1747	ORCID	0000-0001-9749-1747	doi:10.5492/wjccm.v11.i4.236
person:orcid:0000-0001-9784-6472	OPENALEX	A5100318622	doi:10.1007/s10198-024-01682-2
person:orcid:0000-0001-9784-6472	ORCID	0000-0001-9784-6472	doi:10.1007/s10198-024-01682-2
person:orcid:0000-0001-9937-4149	OPENALEX	A5003942201	doi:10.1186/s12955-024-02290-7
person:orcid:0000-0001-9937-4149	ORCID	0000-0001-9937-4149	doi:10.1186/s12955-024-02290-7
person:orcid:0000-0001-9949-9224	OPENALEX	A5066116202	doi:10.3961/jpmph.22.151
person:orcid:0000-0001-9949-9224	ORCID	0000-0001-9949-9224	doi:10.3961/jpmph.22.151
person:orcid:0000-0001-9970-3045	OPENALEX	A5055015672	doi:10.1016/j.jval.2021.03.019
person:orcid:0000-0001-9970-3045	ORCID	0000-0001-9970-3045	doi:10.1016/j.jval.2021.03.019
person:orcid:0000-0002-0109-3283	OPENALEX	A5079763600	doi:10.1007/s11136-021-03069-9
person:orcid:0000-0002-0109-3283	ORCID	0000-0002-0109-3283	doi:10.1007/s11136-021-03069-9
person:orcid:0000-0002-0113-6917	OPENALEX	A5023025376	doi:10.1007/s40273-025-01476-1
person:orcid:0000-0002-0113-6917	ORCID	0000-0002-0113-6917	doi:10.1007/s40273-025-01476-1
person:orcid:0000-0002-0115-9596	OPENALEX	A5078816855	doi:10.1186/s41687-020-00247-0
person:orcid:0000-0002-0115-9596	ORCID	0000-0002-0115-9596	doi:10.1186/s41687-020-00247-0
person:orcid:0000-0002-0122-0123	OPENALEX	A5023707610	doi:10.1007/s11136-026-04230-y
person:orcid:0000-0002-0122-0123	ORCID	0000-0002-0122-0123	doi:10.1007/s11136-026-04230-y
person:orcid:0000-0002-0138-9252	OPENALEX	A5004062547	doi:10.3390/ijerph19138208
person:orcid:0000-0002-0138-9252	ORCID	0000-0002-0138-9252	doi:10.3390/ijerph19138208
person:orcid:0000-0002-0177-0192	OPENALEX	A5005167530	doi:10.1007/s11136-021-03075-x
person:orcid:0000-0002-0177-0192	ORCID	0000-0002-0177-0192	doi:10.1007/s11136-021-03075-x
person:orcid:0000-0002-0178-7007	OPENALEX	A5100628332	doi:10.1136/bmjopen-2025-102509
person:orcid:0000-0002-0178-7007	ORCID	0000-0002-0178-7007	doi:10.1136/bmjopen-2025-102509
person:orcid:0000-0002-0245-9849	OPENALEX	A5083810753	doi:10.1007/s40258-022-00772-7
person:orcid:0000-0002-0245-9849	ORCID	0000-0002-0245-9849	doi:10.1007/s40258-022-00772-7
person:orcid:0000-0002-0273-824x	OPENALEX	A5075329771	doi:10.3390/cancers16111952
person:orcid:0000-0002-0273-824x	ORCID	0000-0002-0273-824x	doi:10.3390/cancers16111952
person:orcid:0000-0002-0360-3427	OPENALEX	A5037956429	doi:10.5492/wjccm.v11.i4.236
person:orcid:0000-0002-0360-3427	ORCID	0000-0002-0360-3427	doi:10.5492/wjccm.v11.i4.236
person:orcid:0000-0002-0377-3389	OPENALEX	A5055643997	doi:10.3389/fpsyg.2023.1175402
person:orcid:0000-0002-0377-3389	ORCID	0000-0002-0377-3389	doi:10.3389/fpsyg.2023.1175402
person:orcid:0000-0002-0412-4276	OPENALEX	A5033508635	doi:10.1007/s40273-018-0694-6
person:orcid:0000-0002-0412-4276	ORCID	0000-0002-0412-4276	doi:10.1007/s40273-018-0694-6
person:orcid:0000-0002-0457-2175	OPENALEX	A5069767747	doi:10.1186/s12955-022-02083-w
person:orcid:0000-0002-0457-2175	ORCID	0000-0002-0457-2175	doi:10.1186/s12955-022-02083-w
person:orcid:0000-0002-0476-8397	OPENALEX	A5053906209	doi:10.1007/s10198-025-01823-1
person:orcid:0000-0002-0476-8397	ORCID	0000-0002-0476-8397	doi:10.1007/s10198-025-01823-1
person:orcid:0000-0002-0484-1419	OPENALEX	A5017199089	doi:10.1007/s11136-017-1512-x
person:orcid:0000-0002-0484-1419	ORCID	0000-0002-0484-1419	doi:10.1007/s11136-017-1512-x
person:orcid:0000-0002-0525-8516	OPENALEX	A5028331339	doi:10.1007/s40271-025-00787-x
person:orcid:0000-0002-0525-8516	ORCID	0000-0002-0525-8516	doi:10.1007/s40271-025-00787-x
person:orcid:0000-0002-0680-7353	OPENALEX	A5076030034	doi:10.1007/s10198-021-01306-z
person:orcid:0000-0002-0680-7353	ORCID	0000-0002-0680-7353	doi:10.1007/s10198-021-01306-z
person:orcid:0000-0002-0702-1715	OPENALEX	A5077743133	doi:10.1186/s12955-023-02144-8
person:orcid:0000-0002-0702-1715	ORCID	0000-0002-0702-1715	doi:10.1186/s12955-023-02144-8
person:orcid:0000-0002-0918-7540	OPENALEX	A5077107645	doi:10.1007/s40273-025-01476-1
person:orcid:0000-0002-0918-7540	ORCID	0000-0002-0918-7540	doi:10.1007/s40273-025-01476-1
person:orcid:0000-0002-1000-4780	OPENALEX	A5079625782	doi:10.1007/s11136-025-04133-4
person:orcid:0000-0002-1000-4780	ORCID	0000-0002-1000-4780	doi:10.1007/s11136-025-04133-4
person:orcid:0000-0002-1002-2989	OPENALEX	A5101640408	doi:10.5492/wjccm.v11.i4.236
person:orcid:0000-0002-1002-2989	ORCID	0000-0002-1002-2989	doi:10.5492/wjccm.v11.i4.236
person:orcid:0000-0002-1175-2211	OPENALEX	A5042363960	doi:10.1007/s10198-025-01770-x
person:orcid:0000-0002-1175-2211	ORCID	0000-0002-1175-2211	doi:10.1007/s10198-025-01770-x
person:orcid:0000-0002-1323-4223	OPENALEX	A5089476882	doi:10.3390/children10101604
person:orcid:0000-0002-1323-4223	ORCID	0000-0002-1323-4223	doi:10.3390/children10101604
person:orcid:0000-0002-1332-0500	OPENALEX	A5065319610	doi:10.1007/s11136-021-03069-9
person:orcid:0000-0002-1332-0500	ORCID	0000-0002-1332-0500	doi:10.1007/s11136-021-03069-9
person:orcid:0000-0002-1336-5899	OPENALEX	A5055528451	doi:10.1007/s11136-026-04229-5
person:orcid:0000-0002-1336-5899	ORCID	0000-0002-1336-5899	doi:10.1007/s11136-026-04229-5
person:orcid:0000-0002-1387-8686	OPENALEX	A5062636955	doi:10.3390/cancers16111952
person:orcid:0000-0002-1387-8686	ORCID	0000-0002-1387-8686	doi:10.3390/cancers16111952
person:orcid:0000-0002-1433-818x	OPENALEX	A5086352962	doi:10.1007/s40273-024-01404-9
person:orcid:0000-0002-1433-818x	ORCID	0000-0002-1433-818x	doi:10.1007/s40273-024-01404-9
person:orcid:0000-0002-1502-0659	OPENALEX	A5019279420	doi:10.1186/s12891-024-07304-5
person:orcid:0000-0002-1502-0659	ORCID	0000-0002-1502-0659	doi:10.1186/s12891-024-07304-5
person:orcid:0000-0002-1541-3989	OPENALEX	A5066034131	doi:10.3390/ijerph19138208
person:orcid:0000-0002-1541-3989	ORCID	0000-0002-1541-3989	doi:10.3390/ijerph19138208
person:orcid:0000-0002-1633-2179	OPENALEX	A5019500608	doi:10.1186/s12955-022-02083-w
person:orcid:0000-0002-1633-2179	ORCID	0000-0002-1633-2179	doi:10.1186/s12955-022-02083-w
person:orcid:0000-0002-1686-4458	OPENALEX	A5036875819	doi:10.1007/s11136-026-04223-x
person:orcid:0000-0002-1686-4458	ORCID	0000-0002-1686-4458	doi:10.1007/s11136-026-04223-x
person:orcid:0000-0002-1716-9123	OPENALEX	A5079012811	doi:10.3390/cancers16111952
person:orcid:0000-0002-1716-9123	ORCID	0000-0002-1716-9123	doi:10.3390/cancers16111952
person:orcid:0000-0002-1998-9408	OPENALEX	A5035248555	doi:10.1007/s40273-015-0292-9
person:orcid:0000-0002-1998-9408	ORCID	0000-0002-1998-9408	doi:10.1007/s40273-015-0292-9
person:orcid:0000-0002-2013-6963	OPENALEX	A5067989104	doi:10.1186/s41687-024-00761-5
person:orcid:0000-0002-2013-6963	ORCID	0000-0002-2013-6963	doi:10.1186/s41687-024-00761-5
person:orcid:0000-0002-2022-4939	OPENALEX	A5043862933	doi:10.1097/mlr.0000000000002315
person:orcid:0000-0002-2022-4939	ORCID	0000-0002-2022-4939	doi:10.1097/mlr.0000000000002315
person:orcid:0000-0002-2115-2447	OPENALEX	A5059399152	doi:10.1097/mlr.0000000000002315
person:orcid:0000-0002-2115-2447	ORCID	0000-0002-2115-2447	doi:10.1097/mlr.0000000000002315
person:orcid:0000-0002-2130-4420	OPENALEX	A5001251972	doi:10.1007/s11136-026-04229-5
person:orcid:0000-0002-2130-4420	ORCID	0000-0002-2130-4420	doi:10.1007/s11136-026-04229-5
person:orcid:0000-0002-2399-6942	OPENALEX	A5038625794	doi:10.1007/s40273-025-01493-0
person:orcid:0000-0002-2399-6942	ORCID	0000-0002-2399-6942	doi:10.1007/s40273-025-01493-0
person:orcid:0000-0002-2485-505x	OPENALEX	A5040701844	doi:10.1186/s12955-024-02305-3
person:orcid:0000-0002-2485-505x	ORCID	0000-0002-2485-505x	doi:10.1186/s12955-024-02305-3
person:orcid:0000-0002-2501-3057	OPENALEX	A5008282524	doi:10.3390/curroncol32110645
person:orcid:0000-0002-2501-3057	ORCID	0000-0002-2501-3057	doi:10.3390/curroncol32110645
person:orcid:0000-0002-2559-6483	OPENALEX	A5023608008	doi:10.1007/s10198-023-01569-8
person:orcid:0000-0002-2559-6483	ORCID	0000-0002-2559-6483	doi:10.1007/s10198-023-01569-8
person:orcid:0000-0002-2570-1685	OPENALEX	A5063120574	doi:10.1136/bmjopen-2023-080985
person:orcid:0000-0002-2570-1685	ORCID	0000-0002-2570-1685	doi:10.1136/bmjopen-2023-080985
person:orcid:0000-0002-2592-8310	OPENALEX	A5100374778	doi:10.1186/s12955-023-02177-z
person:orcid:0000-0002-2592-8310	ORCID	0000-0002-2592-8310	doi:10.1186/s12955-023-02177-z
person:orcid:0000-0002-2635-7484	OPENALEX	A5067876565	doi:10.1007/s11136-022-03143-w
person:orcid:0000-0002-2635-7484	ORCID	0000-0002-2635-7484	doi:10.1007/s11136-022-03143-w
person:orcid:0000-0002-2739-6995	OPENALEX	A5010029872	doi:10.1007/s40273-022-01216-9
person:orcid:0000-0002-2739-6995	ORCID	0000-0002-2739-6995	doi:10.1007/s40273-022-01216-9
person:orcid:0000-0002-2791-9960	OPENALEX	A5042834834	doi:10.1007/s40273-025-01545-5
person:orcid:0000-0002-2791-9960	ORCID	0000-0002-2791-9960	doi:10.1007/s40273-025-01545-5
person:orcid:0000-0002-2862-2990	OPENALEX	A5071078329	doi:10.1007/s40258-022-00772-7
person:orcid:0000-0002-2862-2990	ORCID	0000-0002-2862-2990	doi:10.1007/s40258-022-00772-7
person:orcid:0000-0002-2874-8948	OPENALEX	A5088664027	doi:10.5492/wjccm.v11.i4.236
person:orcid:0000-0002-2874-8948	ORCID	0000-0002-2874-8948	doi:10.5492/wjccm.v11.i4.236
person:orcid:0000-0002-2903-1631	OPENALEX	A5052266669	doi:10.5492/wjccm.v11.i4.236
person:orcid:0000-0002-2903-1631	ORCID	0000-0002-2903-1631	doi:10.5492/wjccm.v11.i4.236
person:orcid:0000-0002-3025-4066	OPENALEX	A5082582215	doi:10.1038/s41433-023-02860-x
person:orcid:0000-0002-3025-4066	ORCID	0000-0002-3025-4066	doi:10.1038/s41433-023-02860-x
person:orcid:0000-0002-3216-9076	OPENALEX	A5001251189	doi:10.1186/s41687-025-00985-z
person:orcid:0000-0002-3216-9076	ORCID	0000-0002-3216-9076	doi:10.1186/s41687-025-00985-z
person:orcid:0000-0002-3288-036x	OPENALEX	A5025954491	doi:10.1007/s40271-024-00715-5
person:orcid:0000-0002-3288-036x	ORCID	0000-0002-3288-036x	doi:10.1007/s40271-024-00715-5
person:orcid:0000-0002-3379-2433	OPENALEX	A5076665198	doi:10.1007/s11136-018-1985-2
person:orcid:0000-0002-3379-2433	ORCID	0000-0002-3379-2433	doi:10.1007/s11136-018-1985-2
person:orcid:0000-0002-3405-6577	OPENALEX	A5008093471	doi:10.1007/s11136-025-03930-1
person:orcid:0000-0002-3405-6577	ORCID	0000-0002-3405-6577	doi:10.1007/s11136-025-03930-1
person:orcid:0000-0002-3531-0389	OPENALEX	A5059680031	doi:10.1007/s11136-024-03817-7
person:orcid:0000-0002-3531-0389	ORCID	0000-0002-3531-0389	doi:10.1007/s11136-024-03817-7
person:orcid:0000-0002-3581-6451	OPENALEX	A5019890398	doi:10.1186/s12955-024-02305-3
person:orcid:0000-0002-3581-6451	ORCID	0000-0002-3581-6451	doi:10.1186/s12955-024-02305-3
person:orcid:0000-0002-3614-2401	OPENALEX	A5057552039	doi:10.1186/s12955-024-02305-3
person:orcid:0000-0002-3614-2401	ORCID	0000-0002-3614-2401	doi:10.1186/s12955-024-02305-3
person:orcid:0000-0002-3730-1996	OPENALEX	A5068277876	doi:10.1007/s40273-019-00811-7
person:orcid:0000-0002-3730-1996	ORCID	0000-0002-3730-1996	doi:10.1007/s40273-019-00811-7
person:orcid:0000-0002-3745-4060	OPENALEX	A5018451810	doi:10.1186/s12955-017-0617-9
person:orcid:0000-0002-3745-4060	ORCID	0000-0002-3745-4060	doi:10.1186/s12955-017-0617-9
person:orcid:0000-0002-3797-949x	OPENALEX	A5021624866	doi:10.1007/s40273-024-01404-9
person:orcid:0000-0002-3797-949x	ORCID	0000-0002-3797-949x	doi:10.1007/s40273-024-01404-9
person:orcid:0000-0002-3816-9106	OPENALEX	A5024956914	doi:10.1136/bmjopen-2023-080985
person:orcid:0000-0002-3816-9106	ORCID	0000-0002-3816-9106	doi:10.1136/bmjopen-2023-080985
person:orcid:0000-0002-3948-6488	OPENALEX	A5005601386	doi:10.1007/s10198-024-01719-6
person:orcid:0000-0002-3948-6488	ORCID	0000-0002-3948-6488	doi:10.1007/s10198-024-01719-6
person:orcid:0000-0002-4186-314x	OPENALEX	A5004840956	doi:10.1007/s40271-025-00787-x
person:orcid:0000-0002-4186-314x	ORCID	0000-0002-4186-314x	doi:10.1007/s40271-025-00787-x
person:orcid:0000-0002-4290-4863	OPENALEX	A5015914274	doi:10.1007/s11136-025-03996-x
person:orcid:0000-0002-4290-4863	ORCID	0000-0002-4290-4863	doi:10.1007/s11136-025-03996-x
person:orcid:0000-0002-4331-3141	OPENALEX	A5068551112	doi:10.3389/fpubh.2021.744405
person:orcid:0000-0002-4331-3141	OPENALEX	A5107870629	doi:10.1186/s12955-019-1139-4
person:orcid:0000-0002-4331-3141	ORCID	0000-0002-4331-3141	doi:10.3389/fpubh.2021.744405
person:orcid:0000-0002-4441-6687	OPENALEX	A5049309526	doi:10.1007/s41669-024-00486-7
person:orcid:0000-0002-4441-6687	ORCID	0000-0002-4441-6687	doi:10.1007/s41669-024-00486-7
person:orcid:0000-0002-4601-0955	OPENALEX	A5102876935	doi:10.1177/0272989x211001859
person:orcid:0000-0002-4601-0955	ORCID	0000-0002-4601-0955	doi:10.1177/0272989x211001859
person:orcid:0000-0002-4749-5536	OPENALEX	A5059651488	doi:10.1007/s11136-021-03075-x
person:orcid:0000-0002-4749-5536	ORCID	0000-0002-4749-5536	doi:10.1007/s11136-021-03075-x
person:orcid:0000-0002-4758-7588	OPENALEX	A5076426425	doi:10.1007/s11136-025-04003-z
person:orcid:0000-0002-4758-7588	OPENALEX	A5083342500	doi:10.1007/s40273-022-01222-x
person:orcid:0000-0002-4758-7588	ORCID	0000-0002-4758-7588	doi:10.1007/s11136-025-04003-z
person:orcid:0000-0002-4832-7833	OPENALEX	A5033965888	doi:10.1016/j.jval.2021.03.019
person:orcid:0000-0002-4832-7833	ORCID	0000-0002-4832-7833	doi:10.1016/j.jval.2021.03.019
person:orcid:0000-0002-4867-929x	OPENALEX	A5101514432	doi:10.1186/s12955-023-02131-z
person:orcid:0000-0002-4867-929x	ORCID	0000-0002-4867-929x	doi:10.1186/s12955-023-02131-z
person:orcid:0000-0002-4875-5379	OPENALEX	A5044375482	doi:10.1186/s12955-022-01989-9
person:orcid:0000-0002-4875-5379	ORCID	0000-0002-4875-5379	doi:10.1186/s12955-022-01989-9
person:orcid:0000-0002-4949-9303	OPENALEX	A5009664731	doi:10.3390/nu16162591
person:orcid:0000-0002-4949-9303	ORCID	0000-0002-4949-9303	doi:10.3390/nu16162591
person:orcid:0000-0002-5332-5226	OPENALEX	A5066738880	doi:10.3390/children8080714
person:orcid:0000-0002-5332-5226	ORCID	0000-0002-5332-5226	doi:10.3390/children8080714
person:orcid:0000-0002-5373-410x	OPENALEX	A5006980504	doi:10.3390/ijerph19138208
person:orcid:0000-0002-5373-410x	ORCID	0000-0002-5373-410x	doi:10.3390/ijerph19138208
person:orcid:0000-0002-5416-5658	OPENALEX	A5008347262	doi:10.1007/s11136-025-03930-1
person:orcid:0000-0002-5416-5658	ORCID	0000-0002-5416-5658	doi:10.1007/s11136-025-03930-1
person:orcid:0000-0002-5473-1592	OPENALEX	A5101501282	doi:10.1186/s12955-025-02397-5
person:orcid:0000-0002-5473-1592	ORCID	0000-0002-5473-1592	doi:10.1186/s12955-025-02397-5
person:orcid:0000-0002-5569-3188	OPENALEX	A5000650976	doi:10.1007/s11136-020-02496-4
person:orcid:0000-0002-5569-3188	ORCID	0000-0002-5569-3188	doi:10.1007/s11136-020-02496-4
person:orcid:0000-0002-5599-2209	OPENALEX	A5083477903	doi:10.1007/s40273-024-01355-1
person:orcid:0000-0002-5599-2209	ORCID	0000-0002-5599-2209	doi:10.1007/s40273-024-01355-1
person:orcid:0000-0002-5626-8116	OPENALEX	A5007295820	doi:10.3390/ijerph19138208
person:orcid:0000-0002-5626-8116	ORCID	0000-0002-5626-8116	doi:10.3390/ijerph19138208
person:orcid:0000-0002-5649-6768	OPENALEX	A5021404933	doi:10.3389/fpsyg.2023.1175402
person:orcid:0000-0002-5649-6768	ORCID	0000-0002-5649-6768	doi:10.3389/fpsyg.2023.1175402
person:orcid:0000-0002-5692-8882	OPENALEX	A5057363004	doi:10.1007/s11136-026-04246-4
person:orcid:0000-0002-5692-8882	ORCID	0000-0002-5692-8882	doi:10.1007/s11136-026-04246-4
person:orcid:0000-0002-5882-6070	OPENALEX	A5100357092	doi:10.1007/s10198-025-01812-4
person:orcid:0000-0002-5882-6070	ORCID	0000-0002-5882-6070	doi:10.1007/s10198-025-01812-4
person:orcid:0000-0002-5956-8990	OPENALEX	A5032499712	doi:10.1186/s41687-025-00985-z
person:orcid:0000-0002-5956-8990	ORCID	0000-0002-5956-8990	doi:10.1186/s41687-025-00985-z
person:orcid:0000-0002-6012-2785	OPENALEX	A5051441138	doi:10.1007/s40273-022-01216-9
person:orcid:0000-0002-6012-2785	ORCID	0000-0002-6012-2785	doi:10.1007/s40273-022-01216-9
person:orcid:0000-0002-6048-521x	OPENALEX	A5101968333	doi:10.1007/s40258-021-00639-3
person:orcid:0000-0002-6048-521x	ORCID	0000-0002-6048-521x	doi:10.1007/s40258-021-00639-3
person:orcid:0000-0002-6095-2295	OPENALEX	A5034446187	doi:10.1007/s10198-024-01719-6
person:orcid:0000-0002-6095-2295	ORCID	0000-0002-6095-2295	doi:10.1007/s10198-024-01719-6
person:orcid:0000-0002-6143-1555	OPENALEX	A5019735060	doi:10.1186/s12891-024-07304-5
person:orcid:0000-0002-6143-1555	ORCID	0000-0002-6143-1555	doi:10.1186/s12891-024-07304-5
person:orcid:0000-0002-6182-499x	OPENALEX	A5087900341	doi:10.2196/27669
person:orcid:0000-0002-6182-499x	ORCID	0000-0002-6182-499x	doi:10.2196/27669
person:orcid:0000-0002-6213-5264	OPENALEX	A5005422010	doi:10.5492/wjccm.v11.i4.236
person:orcid:0000-0002-6213-5264	ORCID	0000-0002-6213-5264	doi:10.5492/wjccm.v11.i4.236
person:orcid:0000-0002-6359-8797	OPENALEX	A5056236835	doi:10.1007/s12311-024-01657-2
person:orcid:0000-0002-6359-8797	ORCID	0000-0002-6359-8797	doi:10.1007/s12311-024-01657-2
person:orcid:0000-0002-6399-5741	OPENALEX	A5011858857	doi:10.1097/mlr.0000000000002315
person:orcid:0000-0002-6399-5741	ORCID	0000-0002-6399-5741	doi:10.1097/mlr.0000000000002315
person:orcid:0000-0002-6451-2713	OPENALEX	A5016874302	doi:10.3390/children8080714
person:orcid:0000-0002-6451-2713	ORCID	0000-0002-6451-2713	doi:10.3390/children8080714
person:orcid:0000-0002-6463-1106	OPENALEX	A5077488640	doi:10.1007/s40273-018-0647-0
person:orcid:0000-0002-6463-1106	ORCID	0000-0002-6463-1106	doi:10.1007/s40273-018-0647-0
person:orcid:0000-0002-6530-5513	OPENALEX	A5011601803	doi:10.5492/wjccm.v11.i4.236
person:orcid:0000-0002-6530-5513	ORCID	0000-0002-6530-5513	doi:10.5492/wjccm.v11.i4.236
person:orcid:0000-0002-6555-8916	OPENALEX	A5020919441	doi:10.1007/s41669-022-00353-3
person:orcid:0000-0002-6555-8916	ORCID	0000-0002-6555-8916	doi:10.1007/s41669-022-00353-3
person:orcid:0000-0002-6891-2650	ORCID	0000-0002-6891-2650	doi:10.1007/s11136-021-03075-x
person:orcid:0000-0002-6952-7770	OPENALEX	A5042163989	doi:10.1177/0272989x211001859
person:orcid:0000-0002-6952-7770	ORCID	0000-0002-6952-7770	doi:10.1177/0272989x211001859
person:orcid:0000-0002-6986-3969	OPENALEX	A5070361492	doi:10.1007/s12311-024-01657-2
person:orcid:0000-0002-6986-3969	ORCID	0000-0002-6986-3969	doi:10.1007/s12311-024-01657-2
person:orcid:0000-0002-7127-9462	OPENALEX	A5006657549	doi:10.1007/s40273-025-01509-9
person:orcid:0000-0002-7127-9462	ORCID	0000-0002-7127-9462	doi:10.1007/s40273-025-01509-9
person:orcid:0000-0002-7142-3364	OPENALEX	A5022113389	doi:10.1186/s12955-023-02207-w
person:orcid:0000-0002-7142-3364	ORCID	0000-0002-7142-3364	doi:10.1186/s12955-023-02207-w
person:orcid:0000-0002-7299-6594	OPENALEX	A5048091736	doi:10.5492/wjccm.v11.i4.236
person:orcid:0000-0002-7299-6594	ORCID	0000-0002-7299-6594	doi:10.5492/wjccm.v11.i4.236
person:orcid:0000-0002-7302-7293	OPENALEX	A5060708607	doi:10.1007/s40271-025-00787-x
person:orcid:0000-0002-7302-7293	ORCID	0000-0002-7302-7293	doi:10.1007/s40271-025-00787-x
person:orcid:0000-0002-7319-7188	OPENALEX	A5026470404	doi:10.1371/journal.pone.0200966
person:orcid:0000-0002-7319-7188	ORCID	0000-0002-7319-7188	doi:10.1371/journal.pone.0200966
person:orcid:0000-0002-7375-4845	OPENALEX	A5033232150	doi:10.1186/s41687-024-00761-5
person:orcid:0000-0002-7375-4845	ORCID	0000-0002-7375-4845	doi:10.1186/s41687-024-00761-5
person:orcid:0000-0002-7753-4233	OPENALEX	A5018997782	doi:10.1136/bmjopen-2024-084440
person:orcid:0000-0002-7753-4233	ORCID	0000-0002-7753-4233	doi:10.1136/bmjopen-2024-084440
person:orcid:0000-0002-7797-4722	OPENALEX	A5022894428	doi:10.1007/s11136-025-03930-1
person:orcid:0000-0002-7797-4722	ORCID	0000-0002-7797-4722	doi:10.1007/s11136-025-03930-1
person:orcid:0000-0002-7913-7274	OPENALEX	A5078078627	doi:10.1007/s11136-025-03996-x
person:orcid:0000-0002-7913-7274	ORCID	0000-0002-7913-7274	doi:10.1007/s11136-025-03996-x
person:orcid:0000-0002-8169-1645	OPENALEX	A5045824020	doi:10.1038/s41433-023-02860-x
person:orcid:0000-0002-8169-1645	ORCID	0000-0002-8169-1645	doi:10.1038/s41433-023-02860-x
person:orcid:0000-0002-8222-0781	OPENALEX	A5006620707	doi:10.1007/s40258-021-00639-3
person:orcid:0000-0002-8222-0781	ORCID	0000-0002-8222-0781	doi:10.1007/s40258-021-00639-3
person:orcid:0000-0002-8229-4369	OPENALEX	A5084065579	doi:10.1213/ane.0000000000007107
person:orcid:0000-0002-8229-4369	ORCID	0000-0002-8229-4369	doi:10.1213/ane.0000000000007107
person:orcid:0000-0002-8249-7481	OPENALEX	A5024055768	doi:10.1371/journal.pone.0209344
person:orcid:0000-0002-8249-7481	OPENALEX	A5101381331	doi:10.1371/journal.pone.0305983
person:orcid:0000-0002-8249-7481	ORCID	0000-0002-8249-7481	doi:10.1371/journal.pone.0209344
person:orcid:0000-0002-8293-7061	OPENALEX	A5048385516	doi:10.5492/wjccm.v11.i4.236
person:orcid:0000-0002-8293-7061	ORCID	0000-0002-8293-7061	doi:10.5492/wjccm.v11.i4.236
person:orcid:0000-0002-8314-8259	OPENALEX	A5103219361	doi:10.1007/s10198-021-01309-w
person:orcid:0000-0002-8314-8259	ORCID	0000-0002-8314-8259	doi:10.1007/s10198-021-01309-w
person:orcid:0000-0002-8385-5965	OPENALEX	A5091495489	doi:10.1371/journal.pone.0302886
person:orcid:0000-0002-8385-5965	ORCID	0000-0002-8385-5965	doi:10.1371/journal.pone.0302886
person:orcid:0000-0002-8438-2901	OPENALEX	A5008464651	doi:10.1007/s11136-025-03996-x
person:orcid:0000-0002-8438-2901	ORCID	0000-0002-8438-2901	doi:10.1007/s11136-025-03996-x
person:orcid:0000-0002-8639-5191	OPENALEX	A5048876130	doi:10.1186/s41687-024-00761-5
person:orcid:0000-0002-8639-5191	ORCID	0000-0002-8639-5191	doi:10.1186/s41687-024-00761-5
person:orcid:0000-0002-8756-8699	OPENALEX	A5038489315	doi:10.1007/s40273-024-01404-9
person:orcid:0000-0002-8756-8699	ORCID	0000-0002-8756-8699	doi:10.1007/s40273-024-01404-9
person:orcid:0000-0002-8773-2786	OPENALEX	A5028001428	doi:10.3390/nu16162591
person:orcid:0000-0002-8773-2786	ORCID	0000-0002-8773-2786	doi:10.3390/nu16162591
person:orcid:0000-0002-8859-926x	OPENALEX	A5053139067	doi:10.1371/journal.pone.0302886
person:orcid:0000-0002-8859-926x	ORCID	0000-0002-8859-926x	doi:10.1371/journal.pone.0302886
person:orcid:0000-0002-8931-4086	OPENALEX	A5010785476	doi:10.1007/s11136-022-03143-w
person:orcid:0000-0002-8931-4086	ORCID	0000-0002-8931-4086	doi:10.1007/s11136-022-03143-w
person:orcid:0000-0002-8934-7267	OPENALEX	A5055501906	doi:10.1007/s11136-026-04223-x
person:orcid:0000-0002-8934-7267	ORCID	0000-0002-8934-7267	doi:10.1007/s11136-026-04223-x
person:orcid:0000-0002-9062-9624	OPENALEX	A5034380977	doi:10.1186/s12955-021-01889-4
person:orcid:0000-0002-9062-9624	ORCID	0000-0002-9062-9624	doi:10.1186/s12955-021-01889-4
person:orcid:0000-0002-9264-7797	OPENALEX	A5035467493	doi:10.3390/curroncol32110645
person:orcid:0000-0002-9264-7797	ORCID	0000-0002-9264-7797	doi:10.3390/curroncol32110645
person:orcid:0000-0002-9362-0086	OPENALEX	A5065860606	doi:10.1186/s12955-023-02177-z
person:orcid:0000-0002-9362-0086	ORCID	0000-0002-9362-0086	doi:10.1186/s12955-023-02177-z
person:orcid:0000-0002-9455-0104	OPENALEX	A5014493050	doi:10.1007/s40258-021-00639-3
person:orcid:0000-0002-9455-0104	ORCID	0000-0002-9455-0104	doi:10.1007/s40258-021-00639-3
person:orcid:0000-0002-9526-6922	OPENALEX	A5037744802	doi:10.1371/journal.pone.0200966
person:orcid:0000-0002-9526-6922	ORCID	0000-0002-9526-6922	doi:10.1371/journal.pone.0200966
person:orcid:0000-0002-9527-0577	OPENALEX	A5016206619	doi:10.5492/wjccm.v11.i4.236
person:orcid:0000-0002-9527-0577	ORCID	0000-0002-9527-0577	doi:10.5492/wjccm.v11.i4.236
person:orcid:0000-0002-9625-6902	OPENALEX	A5035942115	doi:10.1186/s12891-024-07304-5
person:orcid:0000-0002-9625-6902	ORCID	0000-0002-9625-6902	doi:10.1186/s12891-024-07304-5
person:orcid:0000-0002-9768-5389	OPENALEX	A5071945598	doi:10.1007/s10198-025-01769-4
person:orcid:0000-0002-9768-5389	ORCID	0000-0002-9768-5389	doi:10.1007/s10198-025-01769-4
person:orcid:0000-0002-9853-1592	OPENALEX	A5010461857	doi:10.1007/s11136-025-03930-1
person:orcid:0000-0002-9853-1592	ORCID	0000-0002-9853-1592	doi:10.1007/s11136-025-03930-1
person:orcid:0000-0002-9891-8279	OPENALEX	A5056957640	doi:10.1186/s12955-023-02144-8
person:orcid:0000-0002-9891-8279	ORCID	0000-0002-9891-8279	doi:10.1186/s12955-023-02144-8
person:orcid:0000-0003-0131-1444	OPENALEX	A5006394311	doi:10.1007/s11136-021-03069-9
person:orcid:0000-0003-0131-1444	ORCID	0000-0003-0131-1444	doi:10.1007/s11136-021-03069-9
person:orcid:0000-0003-0221-9914	OPENALEX	A5053654153	doi:10.1007/s11136-025-03930-1
person:orcid:0000-0003-0221-9914	ORCID	0000-0003-0221-9914	doi:10.1007/s11136-025-03930-1
person:orcid:0000-0003-0239-7278	OPENALEX	A5027337947	doi:10.1038/s41433-023-02860-x
person:orcid:0000-0003-0239-7278	ORCID	0000-0003-0239-7278	doi:10.1038/s41433-023-02860-x
person:orcid:0000-0003-0331-5182	OPENALEX	A5082185641	doi:10.5492/wjccm.v11.i4.236
person:orcid:0000-0003-0331-5182	ORCID	0000-0003-0331-5182	doi:10.5492/wjccm.v11.i4.236
person:orcid:0000-0003-0370-4903	OPENALEX	A5037446166	doi:10.1007/s10198-022-01481-7
person:orcid:0000-0003-0370-4903	ORCID	0000-0003-0370-4903	doi:10.1007/s10198-022-01481-7
person:orcid:0000-0003-0517-7625	OPENALEX	A5000367184	doi:10.1007/s40273-025-01519-7
person:orcid:0000-0003-0517-7625	ORCID	0000-0003-0517-7625	doi:10.1007/s40273-025-01519-7
person:orcid:0000-0003-0519-509x	OPENALEX	A5064571617	doi:10.1186/s41687-025-00928-8
person:orcid:0000-0003-0519-509x	ORCID	0000-0003-0519-509x	doi:10.1186/s41687-025-00928-8
person:orcid:0000-0003-0545-1567	OPENALEX	A5017550412	doi:10.1371/journal.pone.0305983
person:orcid:0000-0003-0545-1567	OPENALEX	A5113847032	doi:10.1371/journal.pone.0209344
person:orcid:0000-0003-0545-1567	ORCID	0000-0003-0545-1567	doi:10.1371/journal.pone.0305983
person:orcid:0000-0003-0634-8756	OPENALEX	A5024031603	doi:10.1007/s12311-024-01657-2
person:orcid:0000-0003-0634-8756	ORCID	0000-0003-0634-8756	doi:10.1007/s12311-024-01657-2
person:orcid:0000-0003-0666-7431	OPENALEX	A5073996936	doi:10.1038/s41433-023-02860-x
person:orcid:0000-0003-0666-7431	ORCID	0000-0003-0666-7431	doi:10.1038/s41433-023-02860-x
person:orcid:0000-0003-0804-3307	OPENALEX	A5078486897	doi:10.1186/s12955-025-02421-8
person:orcid:0000-0003-0804-3307	ORCID	0000-0003-0804-3307	doi:10.1186/s12955-025-02421-8
person:orcid:0000-0003-0851-8341	OPENALEX	A5044553114	doi:10.1007/s10198-021-01306-z
person:orcid:0000-0003-0851-8341	ORCID	0000-0003-0851-8341	doi:10.1007/s10198-021-01306-z
person:orcid:0000-0003-1026-570x	OPENALEX	A5010411606	doi:10.3389/fpsyg.2023.1175402
person:orcid:0000-0003-1026-570x	ORCID	0000-0003-1026-570x	doi:10.3389/fpsyg.2023.1175402
person:orcid:0000-0003-1071-0017	OPENALEX	A5082703972	doi:10.1186/s41687-020-00247-0
person:orcid:0000-0003-1071-0017	ORCID	0000-0003-1071-0017	doi:10.1186/s41687-020-00247-0
person:orcid:0000-0003-1079-5655	OPENALEX	A5061454592	doi:10.2196/27669
person:orcid:0000-0003-1079-5655	ORCID	0000-0003-1079-5655	doi:10.2196/27669
person:orcid:0000-0003-1200-9961	OPENALEX	A5052229575	doi:10.3390/nu16162591
person:orcid:0000-0003-1200-9961	ORCID	0000-0003-1200-9961	doi:10.3390/nu16162591
person:orcid:0000-0003-1231-1490	OPENALEX	A5046035017	doi:10.5492/wjccm.v11.i4.236
person:orcid:0000-0003-1231-1490	ORCID	0000-0003-1231-1490	doi:10.5492/wjccm.v11.i4.236
person:orcid:0000-0003-1351-9170	OPENALEX	A5091619938	doi:10.1007/s11136-026-04229-5
person:orcid:0000-0003-1351-9170	ORCID	0000-0003-1351-9170	doi:10.1007/s11136-026-04229-5
person:orcid:0000-0003-1369-2483	OPENALEX	A5086640521	doi:10.1007/s10198-023-01569-8
person:orcid:0000-0003-1369-2483	ORCID	0000-0003-1369-2483	doi:10.1007/s10198-023-01569-8
person:orcid:0000-0003-1604-5353	OPENALEX	A5030616812	doi:10.1007/s40273-025-01550-8
person:orcid:0000-0003-1604-5353	ORCID	0000-0003-1604-5353	doi:10.1007/s40273-025-01550-8
person:orcid:0000-0003-1681-698x	OPENALEX	A5037111300	doi:10.1038/s41433-023-02860-x
person:orcid:0000-0003-1681-698x	ORCID	0000-0003-1681-698x	doi:10.1038/s41433-023-02860-x
person:orcid:0000-0003-1944-6777	OPENALEX	A5085458371	doi:10.3390/cancers16111952
person:orcid:0000-0003-1944-6777	ORCID	0000-0003-1944-6777	doi:10.3390/cancers16111952
person:orcid:0000-0003-1988-1250	OPENALEX	A5007993808	doi:10.1007/s11136-024-03817-7
person:orcid:0000-0003-1988-1250	ORCID	0000-0003-1988-1250	doi:10.1007/s11136-024-03817-7
person:orcid:0000-0003-2029-6331	OPENALEX	A5017249857	doi:10.1007/s11136-025-03996-x
person:orcid:0000-0003-2029-6331	ORCID	0000-0003-2029-6331	doi:10.1007/s11136-025-03996-x
person:orcid:0000-0003-2290-0205	OPENALEX	A5091415159	doi:10.1007/s11136-020-02469-7
person:orcid:0000-0003-2290-0205	ORCID	0000-0003-2290-0205	doi:10.1007/s11136-020-02469-7
person:orcid:0000-0003-2359-6823	OPENALEX	A5080595847	doi:10.1007/s11136-023-03372-7
person:orcid:0000-0003-2359-6823	ORCID	0000-0003-2359-6823	doi:10.1007/s11136-023-03372-7
person:orcid:0000-0003-2449-2516	OPENALEX	A5018481496	doi:10.1007/s40273-025-01550-8
person:orcid:0000-0003-2449-2516	ORCID	0000-0003-2449-2516	doi:10.1007/s40273-025-01550-8
person:orcid:0000-0003-2513-8957	OPENALEX	A5052326586	doi:10.1007/s41669-022-00353-3
person:orcid:0000-0003-2513-8957	ORCID	0000-0003-2513-8957	doi:10.1007/s41669-022-00353-3
person:orcid:0000-0003-2533-0818	OPENALEX	A5052048899	doi:10.1007/s11136-022-03143-w
person:orcid:0000-0003-2533-0818	ORCID	0000-0003-2533-0818	doi:10.1007/s11136-022-03143-w
person:orcid:0000-0003-2798-4735	OPENALEX	A5083535676	doi:10.1186/s12955-023-02131-z
person:orcid:0000-0003-2798-4735	ORCID	0000-0003-2798-4735	doi:10.1186/s12955-023-02131-z
person:orcid:0000-0003-2802-2810	OPENALEX	A5026943664	doi:10.1186/s12955-023-02207-w
person:orcid:0000-0003-2802-2810	ORCID	0000-0003-2802-2810	doi:10.1186/s12955-023-02207-w
person:orcid:0000-0003-2902-1641	OPENALEX	A5086290664	doi:10.1186/s12955-023-02144-8
person:orcid:0000-0003-2902-1641	ORCID	0000-0003-2902-1641	doi:10.1186/s12955-023-02144-8
person:orcid:0000-0003-3017-2770	OPENALEX	A5065534878	doi:10.3390/children8080714
person:orcid:0000-0003-3017-2770	OPENALEX	A5135302134	doi:10.1007/s11136-026-04246-4
person:orcid:0000-0003-3017-2770	ORCID	0000-0003-3017-2770	doi:10.3390/children8080714
person:orcid:0000-0003-3113-3079	OPENALEX	A5012212375	doi:10.1007/s11136-025-04077-9
person:orcid:0000-0003-3113-3079	ORCID	0000-0003-3113-3079	doi:10.1007/s11136-025-04077-9
person:orcid:0000-0003-3121-6050	OPENALEX	A5089167457	doi:10.1186/s41687-024-00761-5
person:orcid:0000-0003-3121-6050	ORCID	0000-0003-3121-6050	doi:10.1186/s41687-024-00761-5
person:orcid:0000-0003-3187-2007	OPENALEX	A5050744717	doi:10.1007/s40273-022-01216-9
person:orcid:0000-0003-3187-2007	ORCID	0000-0003-3187-2007	doi:10.1007/s40273-022-01216-9
person:orcid:0000-0003-3265-0262	OPENALEX	A5059290458	doi:10.1007/s12311-024-01657-2
person:orcid:0000-0003-3265-0262	ORCID	0000-0003-3265-0262	doi:10.1007/s12311-024-01657-2
person:orcid:0000-0003-3274-0292	OPENALEX	A5064611355	doi:10.1007/s11136-026-04223-x
person:orcid:0000-0003-3274-0292	ORCID	0000-0003-3274-0292	doi:10.1007/s11136-026-04223-x
person:orcid:0000-0003-3483-5658	OPENALEX	A5101424015	doi:10.1136/bmjopen-2025-102509
person:orcid:0000-0003-3483-5658	ORCID	0000-0003-3483-5658	doi:10.1136/bmjopen-2025-102509
person:orcid:0000-0003-3550-990x	OPENALEX	A5012179966	doi:10.1007/s40273-025-01476-1
person:orcid:0000-0003-3550-990x	ORCID	0000-0003-3550-990x	doi:10.1007/s40273-025-01476-1
person:orcid:0000-0003-3571-3871	OPENALEX	A5035704791	doi:10.5492/wjccm.v11.i4.236
person:orcid:0000-0003-3571-3871	ORCID	0000-0003-3571-3871	doi:10.5492/wjccm.v11.i4.236
person:orcid:0000-0003-3619-5367	OPENALEX	A5046614364	doi:10.1007/s11136-020-02712-1
person:orcid:0000-0003-3619-5367	ORCID	0000-0003-3619-5367	doi:10.1007/s11136-020-02712-1
person:orcid:0000-0003-3621-1339	OPENALEX	A5005220728	doi:10.1007/s11136-025-03930-1
person:orcid:0000-0003-3621-1339	ORCID	0000-0003-3621-1339	doi:10.1007/s11136-025-03930-1
person:orcid:0000-0003-3633-6596	OPENALEX	A5036301763	doi:10.5492/wjccm.v11.i4.236
person:orcid:0000-0003-3633-6596	ORCID	0000-0003-3633-6596	doi:10.5492/wjccm.v11.i4.236
person:orcid:0000-0003-3634-7906	OPENALEX	A5037576805	doi:10.1007/s11136-026-04223-x
person:orcid:0000-0003-3634-7906	ORCID	0000-0003-3634-7906	doi:10.1007/s11136-026-04223-x
person:orcid:0000-0003-3705-5323	OPENALEX	A5003236270	doi:10.1007/s11136-026-04223-x
person:orcid:0000-0003-3705-5323	ORCID	0000-0003-3705-5323	doi:10.1007/s11136-026-04223-x
person:orcid:0000-0003-3897-2908	OPENALEX	A5128564221	doi:10.1007/s11136-026-04230-y
person:orcid:0000-0003-3897-2908	ORCID	0000-0003-3897-2908	doi:10.1007/s11136-026-04230-y
person:orcid:0000-0003-3906-2316	OPENALEX	A5060675696	doi:10.1136/bmjopen-2024-084440
person:orcid:0000-0003-3906-2316	ORCID	0000-0003-3906-2316	doi:10.1136/bmjopen-2024-084440
person:orcid:0000-0003-3941-4553	OPENALEX	A5015174016	doi:10.1007/s41669-023-00437-8
person:orcid:0000-0003-3941-4553	ORCID	0000-0003-3941-4553	doi:10.1007/s41669-023-00437-8
person:orcid:0000-0003-4007-8243	OPENALEX	A5037889272	doi:10.1007/s11136-025-03996-x
person:orcid:0000-0003-4007-8243	ORCID	0000-0003-4007-8243	doi:10.1007/s11136-025-03996-x
person:orcid:0000-0003-4196-8686	OPENALEX	A5048766394	doi:10.1186/s12955-023-02177-z
person:orcid:0000-0003-4196-8686	ORCID	0000-0003-4196-8686	doi:10.1186/s12955-023-02177-z
person:orcid:0000-0003-4212-2658	OPENALEX	A5055210774	doi:10.1038/s41433-023-02860-x
person:orcid:0000-0003-4212-2658	ORCID	0000-0003-4212-2658	doi:10.1038/s41433-023-02860-x
person:orcid:0000-0003-4380-620x	OPENALEX	A5039868255	doi:10.1136/bmjopen-2024-097598
person:orcid:0000-0003-4380-620x	ORCID	0000-0003-4380-620x	doi:10.1136/bmjopen-2024-097598
person:orcid:0000-0003-4392-6850	OPENALEX	A5033363054	doi:10.1007/s11136-019-02115-x
person:orcid:0000-0003-4392-6850	ORCID	0000-0003-4392-6850	doi:10.1007/s11136-019-02115-x
person:orcid:0000-0003-4392-760x	OPENALEX	A5101454822	doi:10.1007/s40273-022-01216-9
person:orcid:0000-0003-4392-760x	ORCID	0000-0003-4392-760x	doi:10.1007/s40273-022-01216-9
person:orcid:0000-0003-4402-9211	OPENALEX	A5054826547	doi:10.1007/s11136-020-02712-1
person:orcid:0000-0003-4402-9211	ORCID	0000-0003-4402-9211	doi:10.1007/s11136-020-02712-1
person:orcid:0000-0003-4479-8950	OPENALEX	A5063227963	doi:10.1007/s41669-022-00353-3
person:orcid:0000-0003-4479-8950	ORCID	0000-0003-4479-8950	doi:10.1007/s41669-022-00353-3
person:orcid:0000-0003-4509-1308	OPENALEX	A5103185016	doi:10.1007/s40273-022-01216-9
person:orcid:0000-0003-4509-1308	ORCID	0000-0003-4509-1308	doi:10.1007/s40273-022-01216-9
person:orcid:0000-0003-4535-442x	OPENALEX	A5082448286	doi:10.1371/journal.pone.0319227
person:orcid:0000-0003-4535-442x	ORCID	0000-0003-4535-442x	doi:10.1371/journal.pone.0319227
person:orcid:0000-0003-4609-3911	OPENALEX	A5037958944	doi:10.1007/s11136-020-02718-9
person:orcid:0000-0003-4609-3911	ORCID	0000-0003-4609-3911	doi:10.1007/s11136-020-02718-9
person:orcid:0000-0003-4780-8333	OPENALEX	A5033164608	doi:10.1007/s40271-023-00647-6
person:orcid:0000-0003-4780-8333	ORCID	0000-0003-4780-8333	doi:10.1007/s40271-023-00647-6
person:orcid:0000-0003-4793-9026	OPENALEX	A5063359430	doi:10.1007/s40273-024-01404-9
person:orcid:0000-0003-4793-9026	ORCID	0000-0003-4793-9026	doi:10.1007/s40273-024-01404-9
person:orcid:0000-0003-4833-5937	OPENALEX	A5072290180	doi:10.1007/s12311-024-01657-2
person:orcid:0000-0003-4833-5937	ORCID	0000-0003-4833-5937	doi:10.1007/s12311-024-01657-2
person:orcid:0000-0003-4833-7967	OPENALEX	A5067175379	doi:10.3390/ijerph19138208
person:orcid:0000-0003-4833-7967	ORCID	0000-0003-4833-7967	doi:10.3390/ijerph19138208
person:orcid:0000-0003-4871-1840	OPENALEX	A5073921106	doi:10.1186/s12955-023-02131-z
person:orcid:0000-0003-4871-1840	ORCID	0000-0003-4871-1840	doi:10.1186/s12955-023-02131-z
person:orcid:0000-0003-4933-9569	OPENALEX	A5016114433	doi:10.1186/s13643-025-03060-2
person:orcid:0000-0003-4933-9569	ORCID	0000-0003-4933-9569	doi:10.1186/s13643-025-03060-2
person:orcid:0009-0000-4173-3487	OPENALEX	A5051422828	doi:10.1007/s40271-025-00735-9
person:orcid:0009-0000-4173-3487	ORCID	0009-0000-4173-3487	doi:10.1007/s40271-025-00735-9
person:orcid:0009-0001-2704-5044	OPENALEX	A5084400086	doi:10.1007/s11136-026-04223-x
person:orcid:0009-0001-2704-5044	ORCID	0009-0001-2704-5044	doi:10.1007/s11136-026-04223-x
person:orcid:0009-0002-6616-3657	OPENALEX	A5101897221	doi:10.1007/s10198-024-01710-1
person:orcid:0009-0002-6616-3657	ORCID	0009-0002-6616-3657	doi:10.1007/s10198-024-01710-1
person:orcid:0009-0003-3441-7795	ORCID	0009-0003-3441-7795	doi:10.3390/curroncol32060308
person:orcid:0009-0003-4264-0946	OPENALEX	A5094046394	doi:10.1007/s41669-024-00486-7
person:orcid:0009-0003-4264-0946	ORCID	0009-0003-4264-0946	doi:10.1007/s41669-024-00486-7
person:orcid:0009-0003-6953-6997	ORCID	0009-0003-6953-6997	doi:10.3390/curroncol32060308
person:orcid:0009-0004-5019-9094	OPENALEX	A5060516605	doi:10.1186/s12955-023-02131-z
person:orcid:0009-0004-5019-9094	ORCID	0009-0004-5019-9094	doi:10.1186/s12955-023-02131-z
person:orcid:0009-0005-4800-6182	OPENALEX	A5102915342	doi:10.1007/s11136-026-04223-x
person:orcid:0009-0005-4800-6182	ORCID	0009-0005-4800-6182	doi:10.1007/s11136-026-04223-x
person:orcid:0009-0005-5260-4652	OPENALEX	A5093565451	doi:10.1177/0272989x251380556
person:orcid:0009-0005-5260-4652	ORCID	0009-0005-5260-4652	doi:10.1177/0272989x251380556
person:orcid:0009-0006-5595-0419	OPENALEX	A5005836129	doi:10.1007/s11136-026-04223-x
person:orcid:0009-0006-5595-0419	ORCID	0009-0006-5595-0419	doi:10.1007/s11136-026-04223-x
person:orcid:0009-0007-1555-7169	OPENALEX	A5050497223	doi:10.1007/s11136-025-04077-9
person:orcid:0009-0007-1555-7169	ORCID	0009-0007-1555-7169	doi:10.1007/s11136-025-04077-9
person:orcid:0009-0007-3558-3946	OPENALEX	A5027300986	doi:10.3390/cancers16111952
person:orcid:0009-0007-3558-3946	ORCID	0009-0007-3558-3946	doi:10.3390/cancers16111952
person:orcid:0009-0008-6782-4182	OPENALEX	A5101313577	doi:10.1007/s10198-024-01710-1
person:orcid:0009-0008-6782-4182	ORCID	0009-0008-6782-4182	doi:10.1007/s10198-024-01710-1
person:orcid:0009-0009-2934-8362	OPENALEX	A5117121468	doi:10.1007/s10198-025-01770-x
person:orcid:0009-0009-2934-8362	ORCID	0009-0009-2934-8362	doi:10.1007/s10198-025-01770-x
person:orcid:0009-0009-4958-1276	OPENALEX	A5094513930	doi:10.3390/nu16162591
person:orcid:0009-0009-4958-1276	ORCID	0009-0009-4958-1276	doi:10.3390/nu16162591
person:orcid:0009-0009-9829-5647	OPENALEX	A5048092082	doi:10.1007/s11136-021-03007-9
person:orcid:0009-0009-9829-5647	ORCID	0009-0009-9829-5647	doi:10.1007/s11136-021-03007-9
person:eqmember:17807	OPENALEX	A5130561902	doi:10.1136/archdischild-2025-329475
person:eqmember:17815	OPENALEX	A5002636040	doi:10.1002/hec.4863
person:eqmember:17815	ORCID	0000-0001-9470-2369	doi:10.1002/hec.4863
person:eqmember:17819	OPENALEX	A5140592939	doi:10.1186/s12955-026-02578-w
person:eqmember:17841	OPENALEX	A5040405517	doi:10.1016/j.jval.2020.03.019
person:eqmember:17841	ORCID	0000-0002-6111-8008	doi:10.1016/j.jval.2020.03.019
person:eqmember:17845	OPENALEX	A5117412551	doi:10.1016/j.jval.2025.04.2160
person:eqmember:17845	OPENALEX	A5123176482	doi:10.1016/j.jval.2026.01.001
person:eqmember:17845	OPENALEX	A5128705474	doi:10.1016/j.jval.2026.02.013
person:eqmember:17849	OPENALEX	A5053077563	doi:10.1016/j.jval.2020.05.004
person:eqmember:17849	ORCID	0000-0002-2914-5022	doi:10.1016/j.jval.2020.05.004
person:eqmember:17851	OPENALEX	A5015716999	doi:10.1016/j.jval.2025.02.001
person:eqmember:17851	ORCID	0000-0002-0215-667x	doi:10.1016/j.jval.2025.02.001
person:eqmember:17911	OPENALEX	A5117412550	doi:10.1016/j.jval.2025.04.2160
person:eqmember:17944	OPENALEX	A5102604733	doi:10.1016/j.jval.2025.11.005
person:eqmember:17946	OPENALEX	A5130545239	doi:10.1136/archdischild-2025-329475
person:eqmember:17998	OPENALEX	A5140631355	doi:10.1186/s12955-026-02578-w
person:eqmember:18019	OPENALEX	A5043342920	doi:10.1016/j.jval.2024.06.018
person:eqmember:18019	ORCID	0000-0002-1902-7671	doi:10.1016/j.jval.2024.06.018
person:eqmember:19179	OPENALEX	A5064557440	doi:10.1016/j.jval.2020.03.019
person:eqmember:19179	ORCID	0000-0001-9636-6012	doi:10.1016/j.jval.2020.03.019
person:eqmember:21677	OPENALEX	A5018812334	doi:10.1016/j.jval.2025.05.013
person:eqmember:21677	ORCID	0000-0003-2719-8558	doi:10.1016/j.jval.2025.05.013
person:leader:206cc1095a3f	OPENALEX	A5054485095	doi:10.1016/j.jval.2025.04.2160
person:leader:206cc1095a3f	ORCID	0000-0003-0133-2763	doi:10.1016/j.jval.2025.04.2160
person:leader:320b99af03c2	OPENALEX	A5058351382	doi:10.1016/j.jval.2020.05.004
person:leader:320b99af03c2	ORCID	0000-0002-8739-5249	doi:10.1016/j.jval.2020.05.004
person:leader:3a021deb0a29	OPENALEX	A5005424373	doi:10.1016/j.vhri.2024.101045
person:leader:3a021deb0a29	ORCID	0000-0002-5970-1122	doi:10.1016/j.vhri.2024.101045
person:leader:63cb6b329986	OPENALEX	A5140632085	doi:10.1186/s12955-026-02578-w
person:leader:b95f9aa0caf2	OPENALEX	A5024494805	doi:10.1016/j.ssmqr.2024.100398
person:leader:b95f9aa0caf2	ORCID	0000-0001-9763-3485	doi:10.1016/j.ssmqr.2024.100398
person:leader:dd5e12d302df	OPENALEX	A5021426515	doi:10.1186/s12955-026-02581-1
person:leader:dd5e12d302df	ORCID	0000-0002-2492-8933	doi:10.1186/s12955-026-02581-1
person:openalex:A5000298893	OPENALEX	A5000298893	doi:10.1016/j.jval.2014.11.005
person:openalex:A5000298893	ORCID	0000-0003-4587-3000	doi:10.1016/j.jval.2014.11.005
person:openalex:A5001166372	OPENALEX	A5001166372	doi:10.36469/001c.145813
person:openalex:A5001166372	ORCID	0000-0002-6899-6137	doi:10.36469/001c.145813
person:openalex:A5001502711	OPENALEX	A5001502711	doi:10.1016/j.jval.2025.01.003
person:openalex:A5003148807	OPENALEX	A5003148807	doi:10.36469/001c.145813
person:openalex:A5003148807	ORCID	0000-0001-7328-1796	doi:10.36469/001c.145813
person:openalex:A5008674497	OPENALEX	A5008674497	doi:10.1186/s12955-026-02581-1
person:openalex:A5008674497	ORCID	0009-0002-9411-0851	doi:10.1186/s12955-026-02581-1
person:openalex:A5008794902	OPENALEX	A5008794902	doi:10.1007/s10198-021-01412-y
person:openalex:A5008794902	ORCID	0000-0001-5836-397x	doi:10.1007/s10198-021-01412-y
person:openalex:A5010304307	OPENALEX	A5010304307	doi:10.1016/j.vhri.2025.101543
person:openalex:A5010988882	OPENALEX	A5010988882	doi:10.1186/s12955-026-02579-9
person:openalex:A5010988882	ORCID	0000-0002-4108-5341	doi:10.1186/s12955-026-02579-9
person:openalex:A5012208098	OPENALEX	A5012208098	doi:10.36469/001c.145813
person:openalex:A5012208098	ORCID	0000-0003-2876-4785	doi:10.36469/001c.145813
person:openalex:A5012881493	OPENALEX	A5012881493	doi:10.1016/j.jval.2020.05.004
person:openalex:A5012881493	ORCID	0000-0002-0235-1635	doi:10.1016/j.jval.2020.05.004
person:openalex:A5012904054	OPENALEX	A5012904054	doi:10.1016/j.jval.2025.02.001
person:openalex:A5012904054	ORCID	0009-0001-9273-1366	doi:10.1016/j.jval.2025.02.001
person:openalex:A5016055826	OPENALEX	A5016055826	doi:10.36469/001c.145813
person:openalex:A5016055826	ORCID	0000-0001-5961-8962	doi:10.36469/001c.145813
person:openalex:A5021581627	OPENALEX	A5021581627	doi:10.1016/j.jval.2020.05.004
person:openalex:A5021581627	ORCID	0000-0003-4420-5289	doi:10.1016/j.jval.2020.05.004
person:openalex:A5024974446	OPENALEX	A5024974446	doi:10.1016/j.jval.2022.05.013
person:openalex:A5024974446	ORCID	0000-0002-0877-5623	doi:10.1016/j.jval.2022.05.013
person:openalex:A5025255902	OPENALEX	A5025255902	doi:10.1016/j.jval.2024.12.003
person:openalex:A5025255902	ORCID	0000-0003-2148-0202	doi:10.1016/j.jval.2024.12.003
person:openalex:A5025774387	OPENALEX	A5014400133	doi:10.3390/econometrics11010004
person:openalex:A5025774387	OPENALEX	A5025774387	doi:10.1007/s10614-024-10637-x
person:openalex:A5025774387	ORCID	0000-0003-0347-2604	doi:10.3390/econometrics11010004
person:openalex:A5026068062	OPENALEX	A5026068062	doi:10.1016/j.jval.2025.11.005
person:openalex:A5026503701	OPENALEX	A5026503701	doi:10.1016/j.jval.2020.03.019
person:openalex:A5026503701	ORCID	0000-0002-6817-6454	doi:10.1016/j.jval.2020.03.019
person:openalex:A5026943307	OPENALEX	A5026943307	doi:10.1016/j.jval.2020.05.004
person:openalex:A5026943307	ORCID	0000-0003-1671-5169	doi:10.1016/j.jval.2020.05.004
person:openalex:A5026959850	OPENALEX	A5026959850	doi:10.1016/j.jval.2025.02.001
person:openalex:A5026959850	ORCID	0000-0001-8966-8709	doi:10.1016/j.jval.2025.02.001
person:openalex:A5028373695	OPENALEX	A5028373695	doi:10.1016/j.jval.2025.02.001
person:openalex:A5028373695	ORCID	0000-0001-9795-1045	doi:10.1016/j.jval.2025.02.001
person:openalex:A5028609651	OPENALEX	A5028609651	doi:10.1186/s12955-026-02579-9
person:openalex:A5028609651	ORCID	0000-0002-1131-0739	doi:10.1186/s12955-026-02579-9
person:openalex:A5030081818	OPENALEX	A5030081818	doi:10.1016/j.jval.2025.11.005
person:openalex:A5031673823	OPENALEX	A5031673823	doi:10.36469/001c.145813
person:openalex:A5032844648	OPENALEX	A5032844648	doi:10.1007/s10198-021-01412-y
person:openalex:A5032844648	ORCID	0000-0003-2128-9133	doi:10.1007/s10198-021-01412-y
person:openalex:A5037261695	OPENALEX	A5037261695	doi:10.1016/j.jval.2018.05.002
person:openalex:A5037261695	ORCID	0000-0001-6179-7752	doi:10.1016/j.jval.2018.05.002
person:openalex:A5039308938	OPENALEX	A5039308938	doi:10.1016/j.jval.2025.02.001
person:openalex:A5039308938	ORCID	0000-0003-4523-8509	doi:10.1016/j.jval.2025.02.001
person:openalex:A5041379430	OPENALEX	A5041379430	doi:10.36469/001c.145813
person:openalex:A5041379430	ORCID	0000-0001-5575-7586	doi:10.36469/001c.145813
person:openalex:A5043889398	OPENALEX	A5043889398	doi:10.1016/j.jval.2024.01.005
person:openalex:A5043889398	ORCID	0000-0002-2983-8857	doi:10.1016/j.jval.2024.01.005
person:openalex:A5045403219	OPENALEX	A5045403219	doi:10.36469/001c.145813
person:openalex:A5045403219	ORCID	0000-0002-6740-2376	doi:10.36469/001c.145813
person:openalex:A5047192551	OPENALEX	A5047192551	doi:10.1016/j.vhri.2024.101045
person:openalex:A5047192551	ORCID	0000-0002-5265-2209	doi:10.1016/j.vhri.2024.101045
person:openalex:A5047819061	OPENALEX	A5047819061	doi:10.1016/j.jval.2024.01.005
person:openalex:A5047819061	ORCID	0000-0001-7294-9491	doi:10.1016/j.jval.2024.01.005
person:openalex:A5049910190	OPENALEX	A5049910190	doi:10.1186/s12955-026-02579-9
person:openalex:A5049910190	ORCID	0000-0001-7838-126x	doi:10.1186/s12955-026-02579-9
person:openalex:A5050912692	OPENALEX	A5050912692	doi:10.1016/j.jval.2025.11.005
person:openalex:A5050912692	ORCID	0000-0002-0585-6671	doi:10.1016/j.jval.2025.11.005
person:openalex:A5051372183	OPENALEX	A5051372183	doi:10.36469/001c.145813
person:openalex:A5051372183	ORCID	0000-0002-3636-0994	doi:10.36469/001c.145813
person:openalex:A5051988707	OPENALEX	A5051988707	doi:10.36469/001c.145813
person:openalex:A5051988707	ORCID	0000-0002-4646-4332	doi:10.36469/001c.145813
person:openalex:A5052119079	OPENALEX	A5052119079	doi:10.1016/j.jval.2024.01.005
person:openalex:A5052119079	ORCID	0000-0003-2364-7555	doi:10.1016/j.jval.2024.01.005
person:openalex:A5052884545	OPENALEX	A5052884545	doi:10.1016/j.jval.2025.02.001
person:openalex:A5052884545	ORCID	0000-0001-6934-0108	doi:10.1016/j.jval.2025.02.001
person:openalex:A5053892909	OPENALEX	A5053892909	doi:10.1016/j.jval.2025.01.003
person:openalex:A5053892909	ORCID	0000-0001-7151-2175	doi:10.1016/j.jval.2025.01.003
person:openalex:A5059507519	OPENALEX	A5059507519	doi:10.1016/j.jval.2024.01.005
person:openalex:A5059507519	ORCID	0000-0001-5034-3595	doi:10.1016/j.jval.2024.01.005
person:openalex:A5060090179	OPENALEX	A5060090179	doi:10.1016/j.jval.2025.11.005
person:openalex:A5060090179	ORCID	0000-0002-7017-8192	doi:10.1016/j.jval.2025.11.005
person:openalex:A5063084519	OPENALEX	A5063084519	doi:10.1007/s10614-024-10637-x
person:openalex:A5063084519	ORCID	0000-0001-8929-3572	doi:10.1007/s10614-024-10637-x
person:openalex:A5063736885	OPENALEX	A5063736885	doi:10.1016/j.jval.2025.01.003
person:openalex:A5065396071	OPENALEX	A5065396071	doi:10.1016/j.ssmqr.2024.100398
person:openalex:A5067715763	OPENALEX	A5067715763	doi:10.1016/j.jval.2025.04.2161
person:openalex:A5067715763	ORCID	0000-0003-2740-0293	doi:10.1016/j.jval.2025.04.2161
person:openalex:A5069811479	OPENALEX	A5069811479	doi:10.1016/j.jval.2025.09.009
person:openalex:A5069811479	ORCID	0000-0002-9676-1909	doi:10.1016/j.jval.2025.09.009
person:openalex:A5075102472	OPENALEX	A5075102472	doi:10.36469/001c.145813
person:openalex:A5075102472	ORCID	0000-0003-3796-4420	doi:10.36469/001c.145813
person:openalex:A5075263122	OPENALEX	A5075263122	doi:10.1016/j.jval.2025.01.003
person:openalex:A5075263122	ORCID	0000-0001-5795-8189	doi:10.1016/j.jval.2025.01.003
person:openalex:A5075516243	OPENALEX	A5075516243	doi:10.1136/archdischild-2025-329475
person:openalex:A5075516243	ORCID	0000-0001-6000-3180	doi:10.1136/archdischild-2025-329475
person:openalex:A5077201683	OPENALEX	A5077201683	doi:10.1016/j.jval.2025.01.003
person:openalex:A5077201683	ORCID	0000-0002-2355-2719	doi:10.1016/j.jval.2025.01.003
person:openalex:A5079545906	OPENALEX	A5079545906	doi:10.1016/j.ssmqr.2024.100398
person:openalex:A5080066908	OPENALEX	A5080066908	doi:10.1136/archdischild-2025-329475
person:openalex:A5080066908	ORCID	0000-0002-5950-3978	doi:10.1136/archdischild-2025-329475
person:openalex:A5080865059	OPENALEX	A5080865059	doi:10.1016/j.ssmqr.2024.100398
person:openalex:A5080865059	ORCID	0000-0002-7809-9042	doi:10.1016/j.ssmqr.2024.100398
person:openalex:A5081675787	OPENALEX	A5081675787	doi:10.1016/j.vhri.2021.09.007
person:openalex:A5082190751	OPENALEX	A5082190751	doi:10.1186/s12955-026-02579-9
person:openalex:A5082190751	ORCID	0000-0002-3257-9147	doi:10.1186/s12955-026-02579-9
person:openalex:A5085348599	OPENALEX	A5085348599	doi:10.1016/j.jval.2024.11.006
person:openalex:A5085348599	ORCID	0000-0003-2273-1245	doi:10.1016/j.jval.2024.11.006
person:openalex:A5086557976	OPENALEX	A5086557976	doi:10.1016/j.jval.2020.03.019
person:openalex:A5086557976	ORCID	0000-0002-9285-8746	doi:10.1016/j.jval.2020.03.019
person:openalex:A5091770714	OPENALEX	A5091770714	doi:10.1016/j.vhri.2024.101045
person:openalex:A5091770714	ORCID	0000-0002-0066-3491	doi:10.1016/j.vhri.2024.101045
person:openalex:A5093786284	OPENALEX	A5093786284	doi:10.1136/archdischild-2025-329475
person:openalex:A5100400360	OPENALEX	A5100400360	doi:10.1016/j.jval.2025.11.005
person:openalex:A5100400360	ORCID	0000-0003-1358-3367	doi:10.1016/j.jval.2025.11.005
person:openalex:A5100758235	OPENALEX	A5100758235	doi:10.1016/j.jval.2025.11.005
person:openalex:A5100758235	ORCID	0000-0002-7059-2553	doi:10.1016/j.jval.2025.11.005
person:openalex:A5100858517	OPENALEX	A5100858517	doi:10.1016/j.jval.2025.11.005
person:openalex:A5101422734	OPENALEX	A5101422734	doi:10.1016/j.jval.2023.03.003
person:openalex:A5101821097	OPENALEX	A5101821097	doi:10.1016/j.jval.2025.02.001
person:openalex:A5101821097	ORCID	0000-0001-9373-4086	doi:10.1016/j.jval.2025.02.001
person:openalex:A5103487818	OPENALEX	A5103487818	doi:10.1186/s12955-026-02561-5
person:openalex:A5106693152	OPENALEX	A5106693152	doi:10.1016/j.jval.2021.10.013
person:openalex:A5106693153	OPENALEX	A5106693153	doi:10.1016/j.jval.2021.10.013
person:openalex:A5108286749	OPENALEX	A5108286749	doi:10.1016/j.jval.2021.10.013
person:openalex:A5111188223	OPENALEX	A5111188223	doi:10.1016/j.jval.2025.01.003
person:openalex:A5111502485	OPENALEX	A5111502485	doi:10.36469/001c.145813
person:openalex:A5111502485	ORCID	0000-0003-2698-9948	doi:10.36469/001c.145813
person:openalex:A5112697096	OPENALEX	A5112697096	doi:10.36469/001c.145813
person:openalex:A5115594934	OPENALEX	A5115594934	doi:10.1016/j.jval.2025.02.001
person:openalex:A5116048522	OPENALEX	A5116048522	doi:10.1016/j.jval.2025.01.003
person:openalex:A5116048523	OPENALEX	A5116048523	doi:10.1016/j.jval.2025.01.003
person:openalex:A5117113297	OPENALEX	A5117113297	doi:10.1016/j.vhri.2025.101543
person:openalex:A5123188413	OPENALEX	A5123188413	doi:10.1016/j.jval.2026.01.001
person:openalex:A5128706397	OPENALEX	A5128706397	doi:10.1016/j.jval.2026.02.013
person:openalex:A5130590408	OPENALEX	A5130590408	doi:10.1136/archdischild-2025-329475
person:openalex:A5130602985	OPENALEX	A5130602985	doi:10.1136/archdischild-2025-329475
person:openalex:A5130602985	ORCID	0000-0002-8636-239x	doi:10.1136/archdischild-2025-329475
person:openalex:A5137930146	OPENALEX	A5137930146	doi:10.1186/s12955-026-02561-5
person:orcid:0000-0001-7472-2039	OPENALEX	A5140586514	doi:10.1186/s12955-026-02578-w
person:orcid:0000-0002-4758-7588	OPENALEX	A5137981527	doi:10.1186/s12955-026-02561-5
person:orcid:0000-0002-5332-5226	OPENALEX	A5026739115	doi:10.1136/archdischild-2025-329475
person:orcid:0000-0002-5692-8882	OPENALEX	A5041620328	doi:10.1016/j.jval.2025.05.013
person:orcid:0000-0002-9768-5389	OPENALEX	A5140696524	doi:10.1186/s12955-026-02578-w
person:orcid:0000-0003-3187-2007	OPENALEX	A5110980289	doi:10.1016/j.jval.2023.03.003
