name,openalex_id,decision,reason,chosen_name,orcid,affiliation,member_affiliation,total_works,project_ids
Aaron Winn,A5066367734,accept,"Aaron N. Winn at UIC has a coherent health-economics and quality-of-life record, including EQ-HWB/EQ-5D-related Value in Health abstracts; this is consistent with the EQ-5D-5L breathing bolt-on project.",Aaron N. Winn,0000-0003-2906-3913,University of Illinois Chicago,,177,2349-BT
Abdelghafour MARFAK,A5024805890,accept,"Exact name and a Moroccan health/quality-of-life record, including the EQ-TIPS HRQoL study in Moroccan children, align with the Moroccan EQ-5D-5L value-set project.",Abdelghafour Marfak,0000-0002-4212-8438,National School of Architecture,,79,1411-VS
Abdulmuminu Isah,A5024575926,accept,"Exact name, University of Nigeria affiliation, and a coherent Nigerian pharmacy/public-health record include HRQoL measurement in Africa and health-status research, consistent with the Nigerian youth QALY value-set project.",Abdulmuminu Isah,0000-0002-1349-6434,University of Nigeria,,103,2236-VS
Abdulrasheed Hassan Yusuf,A5138651068,accept,"The exact-name profile consists of the Nigeria EQ-5D-5L valuation study, with project-relevant valuation coauthors; it directly matches the Nigerian EQ-5D-5L value-set project.",Abdulrasheed Hassan Yusuf,,Mahidol University,,1,1731-VS
Abeer Al Rabayah,A5058964513,accept,"Exact name, King Hussein Cancer Center affiliation, and a health-economics/QoL record include the 2024 article 'Valuation of the EQ-5D-3L in Jordan,' directly matching the Jordanian EQ-5D-3L value-set project.",Abeer Al Rabayah,0000-0003-2952-9103,King Hussein Cancer Center,,28,60-VS
Abraham Gebregziabiher,A5061701004,accept,"Mekelle University affiliation matches. Ethiopian EQ-5D valuation and psychometric studies directly support the listed projects, with coherent health-economics and pharmacy work and EuroQol collaborators including Elly Stolk and Clara Mukuria.",Abraham Gebregziabiher Welie,0000-0003-4661-7287,Mekelle University,"1School of Pharmacy, College of Health Science, Mekelle University.",6,133-RA;1798-RA;20170480;20180500;20191010;2124-RA;225-RA;313-PHD;340-RA;89-RA
Ademola Itiola,A5093433205,accept,"The name matches exactly, and both works concern EQ-5D-5L data visualization for total knee arthroplasty. This is a coherent direct match for the listed PhD project on EQ-5D response shift in knee arthroplasty.",Ademola Itiola,,University of Alberta,,2,1753-PHD
Agota Szende,A5002095623,accept,"The accented name, extensive health-economics record, and direct EQ-5D population-health publications align strongly with both population norms/inequities projects. The profile includes core EuroQol coauthors Bas Janssen and Juan Manuel Ramos-Goni.",Ágota Szende,0000-0002-5880-3354,Genesis Research Trust,Covance Health Economics & Outcomes Services,113,2015470;20191120
Aki Tsuchiya,A5015417862,accept,"Name and University of Sheffield affiliation match. The large, coherent health-economics record directly covers EQ-5D valuation, value sets, QALYs, and inequality preferences, with established EuroQol collaborators including John Brazier, Nancy Devlin, and Clara Mukuria.",Aki Tsuchiya,0000-0003-4245-5399,University of Sheffield,University of Sheffield,272,2013170;2015180;20190840
Alex Bató,A5009546494,accept,"Semmelweis profile is a coherent health-outcomes record: repeated EQ-5D measurement/validation studies, Hungarian SF-36 and PROMIS norms, and QOL research with Rencz and Brodszky directly fit the EQ-HWB projects.",Alex Bató,0000-0002-1450-4790,Semmelweis University,,16,2260-RA;2441-RA
Alexander Arons,A5044999875,accept,"The record coherently supports a valuation-methods researcher: health-state valuation, QALY measurement, visual analogue scale recalibration, probabilistic choice models, and EQ-related quality-of-life work. The Krabbe coauthor cluster reinforces this fit.",Alexander M. M. Arons,,Novartis (Netherlands),,13,2013120;2013250;2013260;2014140;2016220
Andrea L. Monteiro,A5024494805,accept,"Her record directly supports health-state valuation: Brazilian EQ-5D-3L valuation, EQ-5D Brazilian norms, and multiple EQ-HWB development and psychometric studies, with recurrent EuroQol coauthors including Simon Pickard.",A Monteiro,0000-0001-9763-3485,Clinton College,,53,161-RA
Andrew Lenny,A5029564514,accept,"The record directly matches the Youth/Valuation project through a review of EQ-5D-Y and CHU-9D child/adolescent valuation methods, alongside health-utility research and recurring EuroQol health-economics coauthors Louise Longworth and Koonal Shah.",Andrew Lenny,0000-0002-9325-0062,People's History Museum,,10,239-RA
Andrew Lloyd,A5031114648,accept,"A large, coherent health-utility and EQ-5D portfolio—including EQ-5D-5L development, interim scoring, EQ-5D cancer utilities, and ISPOR utility-method reports—matches the Acaster Lloyd affiliation and all three EuroQol projects.",Andrew Lloyd,0000-0002-7597-6556,Lloyd's,Acaster Lloyd,235,1475-RA;1806-RA;20190510
Ann Charlotte Egmar,A5037683865,accept,"The hyphenated name matches, and her child respiratory-health record includes the EQ-5D-Y development, multinational feasibility/reliability/validity study, and EQ-5D-Y-5L revision, directly consistent with the asthma pilot project.",Ann‐Charlotte Egmar,0000-0003-2504-343X,Röda Korsets Högskola,,32,2013060
Anna Krabbe-Lugner,A5047866823,accept,"Anna K. Lugnér is a compatible name form, and the record includes a detailed 2020 review of time trade-off methods plus health-economic modelling; this directly supports the Revisit TTO valuation project.",Anna K. Lugnér,,,"Ministry of Infrastructure and Water Management, the Netherlands",36,2015010
Annette Regan,A5010948852,accept,"Profile is Annette K. Regan and coherently focuses on pregnancy, postpartum health, and maternal vaccination/COVID research. Its work includes COVID-19 vaccination in pregnancy and pregnancy HRQoL-related studies, directly consistent with the EQ-5D-5L pregnancy/postpartum projects.",Annette K. Regan,0000-0002-3879-6193,Kaiser Permanente,,226,1796-RA;260-RA;384-RA
Annushiah Vasan Thakumar,A5007225491,accept,"Exact name and Taylor's University profile with a coherent Malaysian health-utility and psychometrics record: Malaysian EQ-5D-5L valuation, Malay/Malaysian English EQ-5D-5L psychometric assessment, and Singapore EQ-5D-5L value-set work. This directly supports the Malaysian EQ-TIPS/EQ-5D-Y project.",Annushiah Vasan Thakumar,0000-0001-7261-1255,Taylor's University,,32,2297-EO;2629-RA
Arthur Attema,A5082166488,accept,"Profile is Arthur E. Attema at Erasmus University Rotterdam with a highly coherent EQ-5D valuation, TTO, time-preference, and behavioural health-economics record. It includes the supplied projects' topics and matching 2025 papers on episodic future thinking and perspective/duration/death in valuation.",Arthur E. Attema,0000-0003-3607-6579,Erasmus University Rotterdam,,119,1602-RA;236-RA;237-RA;435-RA
Arjun Bhadhuri,A5064578943,accept,"Exact-name University of Basel profile coherently combines health economics with EQ-5D measurement and caregiver/post-stroke aphasia research. Examples include EQ-5D-3L/5L measurement properties, health spillovers for family members, and economic evaluations of post-stroke aphasia therapy.",Arjun Bhadhuri,0000-0003-1220-0731,University of Basel,,23,2506-RA
Arto Ohinmaa,A5087246819,accept,"Exact name and University of Alberta affiliation; extensive health-economics and quality-of-life record includes the Canadian EQ-5D-5L value set and EQ-5D European valuation work, directly consistent with the listed EuroQol projects.",Arto Öhinmaa,0000-0002-7094-1573,University of Alberta,"School of Public Health, University of Alberta, Edmonton, Canada",317,1744-EO;2015380
Asrul Shafie,A5089160643,accept,"Name is consistent with Asrul Akmal Shafie at Universiti Sains Malaysia. The record is coherently health economics, pharmaceutical policy and patient outcomes, including Malaysia-focused work, and fits the Malaysian EQ-5D-5L valuation and workshop projects.",Asrul Akmal Shafie,0000-0002-5629-9270,Universiti Sains Malaysia,,416,2016100;2016190;20190290
Aureliano Finch,A5055927783,accept,"Exact expanded name and EuroQol Research Foundation affiliation. The research record is strongly and specifically EuroQol-focused, with EQ-5D bolt-on, EQ-5D-Y, and Italian EQ-5D-5L valuation publications that directly match the listed projects.",Aureliano Paolo Finch,0000-0003-1438-321X,EuroQol Research Foundation,"EuroQol Office, EuroQol Research Foundation",47,122-RA;1927-RA;20170210;20190460
Ava Hoogenboom,A5117116214,accept,Expanded name is consistent and the Erasmus University Rotterdam record contains two directly relevant 2025 EQ-5D-Y child-health valuation papers. The focused health-economics portfolio supports the listed Melbourne population-health research visit.,Ava F H Hoogenboom,0009-0004-2252-454X,Erasmus University Rotterdam,,2,1934-TVG
Barbara Spady,A5032609556,accept,"Barbara Conner-Spady matches the supplied name and University of Calgary affiliation. Her record is coherent in orthopaedic outcomes and health-related quality of life, including multiple EQ-5D studies in hip and knee replacement.",Barbara Conner‐Spady,0000-0001-5674-4795,University of Calgary,University of Calgary,63,
Beata Koń,A5070682056,accept,The exact-name profile is affiliated with Poland's National Health Insurance Fund and has a coherent health-services and health-economics record. Its productivity-cost-of-illness publications directly support the supplied EQ-5D productivity project.,Beata Koń,0000-0003-2190-4546,National Health Insurance Fund,,34,91-RA
Begashaw Melaku Gebresillassie,A5013305477,accept,"The profile exactly matches the name and has a coherent medicines, patient-outcomes, and health-related quality-of-life record. Its 2026 scoping review mapping HRQoL tools in Africa directly aligns with project 1591-RA.",Begashaw Melaku Gebresillassie,0000-0003-0071-732X,Hunter Medical Research Institute,,58,1591-RA;436-RA
Ben Van Hout,A5032690231,accept,"Ben van Hout matches the supplied name and has a coherent health-economics and EQ-5D valuation record. Key works include the England EQ-5D-5L value set and international valuation protocols, directly consistent with both Valuation projects.",Ben van Hout,0000-0001-9698-6094,The Open Group,Open Health/University of Sheffield,120,2014025;20190940
Benedicte Lescrauwaet,A5076552397,accept,"Exact name; the Ghent University Hospital record includes inherited-retinal-disease EQ-5D-5L Vision bolt-on work and a coherent ophthalmology, outcomes, and cost-effectiveness portfolio.",Bénédicte Lescrauwaet,0000-0002-7976-0330,Ghent University Hospital,,81,2403-BT
Benjamin Matthew Craig,A5029949490,accept,"Exact name, ORCID, and University of South Florida affiliation; extensive EQ-5D, health valuation, DCE, child-health, and preference-methods work directly matches the listed EuroQol projects.",Benjamin M. Craig,0000-0003-1121-1316,University of South Florida,"University of South Florida, Tampa, USA",118,1769-RA;1850-RA;2013100;2013130;2015030;2015290;2016020;2016720;20170260;2266-TVG;2337-RA;2501-RA;302-EO;304-PHD;464-RA
Bernhard Michalowsky,A5088093819,accept,"Exact name and a highly coherent dementia, caregiver, psychometric, health-economic, and German care-research portfolio, directly consistent with the listed EQ-5D dementia and ataxia projects.",Bernhard Michalowsky,0000-0002-3425-0089,,"German Center for Neurodegenerative Diseases (DZNE), Greifswald, Germany & McMaster University, Hamilton, Canada",174,152-RA;1592-RA;1791-RA;2002-RA;244-RA;349-RA
Bernhard Slaap,A5001372652,accept,"Exact name and EuroQol Research Foundation affiliation; the compact record is dominated by EQ-5D valuation, value sets, nomenclature, and valuation-study quality-control work.",Bernhard Slaap,0000-0002-4301-4790,EuroQol Research Foundation,,8,20200050
Birol Yetim,A5048427287,accept,"Exact name and a coherent Turkish health policy, health-system performance, efficiency, access, and health-related quality-of-life record, consistent with leading a Turkish EQ-5D-5L valuation study.",Birol Yetim,0000-0002-1294-1874,Muş Alparslan University,,28,2247-VS
Bram Roudijk,A5028508726,accept,"Exact name with Erasmus MC affiliation and a highly coherent EQ-5D valuation record, including Netherlands youth tariffs, EQ-5D-5L value sets, and established EuroQol coauthors such as Devlin and Stolk.",Bram Roudijk,0000-0001-5000-0875,Erasmus MC,EuroQol Research Foundation,58,100-RA;169-RA;1694-RA;1923-RA;20180340R1;20190780;2647-RA
Brendan Mulhern,A5090013218,accept,"Exact name and University of Technology Sydney affiliation. The large, coherent record centers on EQ-5D/EQ-HWB, psychometrics, health-state valuation and quality of life, with frequent EuroQol collaborators including Brazier, Devlin, and Viney.",Brendan Mulhern,0000-0003-3656-8063,University of Technology Sydney,University of Technology Sydney,294,1903-RA;1926-RA;1976-TVG;2014010;2015460;2016260;2016650;20170670;20180300;20180460;234-VS;322-RA;99-RA
Brigitte Essers,A5056962219,accept,"The Maastricht University Medical Centre profile has a coherent clinical health-economics and quality-of-life record. It includes economic evaluations and patient-outcome research, consistent with contribution to the Dutch EQ-5D-Youth tariff project.",Brigitte A.B. Essers,0000-0002-7703-7114,Maastricht University Medical Centre,,114,2016740
Caitlyn Solem,A5090387330,accept,"Exact name with GlaxoSmithKline affiliation. The record is a coherent pharmaceutical health-outcomes and health-economic portfolio across oncology, respiratory disease, infection, and patient-reported quality-of-life studies.",Caitlyn T. Solem,,GlaxoSmithKline (United States),GSK,121,
Camilla Falivena,A5014952669,accept,"Exact-name profile includes the directly matching 2024 Italian EQ-HWB/EQ-HWB-S content-validity article. Its health-technology assessment, cost-utility, and health-policy work is consistent with the stated Italian EQ-HWB project.",Camilla Falivena,0000-0003-3259-095X,Libera Università Maria SS. Assunta,,21,354-RA
Carlos Wong,A5041610413,accept,Carlos King Ho Wong has a Hong Kong health-economics/quality-of-life record consistent with the Hong Kong EQ-5D valuation and paediatric psychometric projects. The broad modern clinical portfolio is coherent with this setting; the few much older unrelated works do not outweigh the direct match.,Carlos King Ho Wong,0000-0002-6895-6071,University of Leicester,London School Hygiene & Tropical Medicine,487,2012030;2014050;20180530;20190250;2421-RA;333-RA
Cate Bailey,A5020867003,accept,"Exact University of Melbourne affiliation and multiple direct EQ-HWB validation papers, including caregiver content validity and EQ-HWB-9 validation, match her listed EQ-HWB projects. Health-economic quality-of-life work and coauthors Nancy Devlin, Kim Dalziel, and Tessa Peasgood support one coherent identity.",Cate Bailey,0000-0001-5030-430X,The University of Melbourne,University of Melbourne,88,1559-RA;1566-RA;1772-RA;1872-RA;2032-RA;2096-RA;2439-RA;2440-RA;295-RA
Cathrine Elgaard Jensen,A5102727513,accept,"The exact name and Aalborg University affiliation align with a concentrated Danish health-preference and EQ-5D-5L valuation record, including Danish population preferences, the Danish EQ-5D-5L value set, and stability of Danish preferences over time. This directly matches the listed COVID-preferences project.",Cathrine Elgaard Jensen,0000-0001-7300-254X,Aalborg University,,12,1606-RA
Chris Sampson,A5002636040,accept,Exact Office of Health Economics affiliation and a predominantly health-economic/quality-of-life record support the match. Direct publications on candidate EQ-5D bolt-ons and hearing-related quality of life align with his hearing bolt-on and bolt-on conceptualisation projects; valuation work also matches the UK value-set activity.,Chris Sampson,0000-0001-9470-2369,Office Of Health Economics,Office of Health Economics,98,116-RA;2112-EOI;427-RA
Christine Mpundu-Kaambwa,A5020619329,accept,"Exact distinctive name and University of Melbourne affiliation match a paediatric health-related quality-of-life and health-economics record. Her work on EQ-5D-Y child/proxy agreement, pictorial paediatric PRO approaches, and EQ-5D-Y value-set choice directly supports both listed Youth/Valuation projects.",Christine Mpundu‐Kaambwa,0000-0002-8152-6068,The University of Melbourne,,49,1709-RA;2129-RA
Ciaran O'Neill,A5016414995,accept,"Queen's University Belfast affiliation and extensive health-economics/HRQoL record align with the Irish EQ-5D-5L valuation project, including the 2025 HRQoL value-set taxonomy. The two unrelated book chapters are isolated among an otherwise coherent clinical economics portfolio.",Ciarán O’Neill,0000-0001-7668-3934,Queen's University Belfast,,306,2013280
Claire Gudex,A5047944478,accept,"University of Southern Denmark affiliation, health-economics focus, and direct EQ-5D record strongly match the Danish EQ-5D-5L preference-weights project, including EQ-5D-5L development, measurement, valuation, and Danish preference studies.",Claire Gudex,0000-0003-3881-9890,University of Southern Denmark,University of Southern Denmark,125,20170400
Clara Mukuria,A5043083823,accept,"University of Sheffield affiliation, dominant HRQoL/valuation record, frequent Sheffield health-economics collaborators, and multiple direct EQ-HWB and EQ-5D-5L studies consistently match all listed EuroQol projects.",Clara Mukuria,0000-0003-4318-1481,University of Sheffield,University of Sheffield,128,1892-RA;2016240;20190310;2217-TR;2234-TVG;326-RA
Corneliu Bolbocean,A5018646670,accept,"The profile includes a coherent health-outcomes/economics strand relevant to the project: 2025 HRQoL research in very-preterm adults, a 2022 HRQoL meta-analysis, and collaboration with Stavros Petrou. Its pediatric and developmental-health portfolio is compatible with EQ-5D-Y research.",Corneliu Bolbocean,0000-0001-5782-1844,John Radcliffe Hospital,,44,1869-SG
Cynthia L. Gong,A5101451604,accept,"Children's Hospital of Los Angeles affiliation, pediatric health-economic work, and direct EQ-5D-5L publications—including the US valuation study and a US COVID population survey—match the adolescent complex-care HRQoL project.",Cynthia L. Gong,0000-0003-0159-1335,Children's Hospital of Los Angeles,,83,328-RA
Darshini Govindasamy,A5050754442,accept,"Exact-name South African Medical Research Council profile with a coherent HIV and adolescent-health record. Its work includes wellbeing measurement for adolescents living with HIV, directly consistent with the KwaZulu-Natal EQ-5D-Y project.",Darshini Govindasamy,0000-0001-5984-3588,South African Medical Research Council,,65,144-RA
David Whitehurst,A5045933977,accept,"David G. T. Whitehurst is affiliated with Simon Fraser University as supplied. The coherent health-economics, quality-of-life, cost-utility and medical-decision-making portfolio fits the member evidence; the isolated 1977 aquaculture letter is not substantial contamination.",David G. T. Whitehurst,0000-0002-7890-6756,Simon Fraser University,Simon Fraser University,107,2016350
Deborah Marshall,A5049401142,accept,"Exact-name University of Calgary profile with a large, coherent health-economics and rheumatology portfolio, including adolescent/pediatric healthcare, rheumatoid arthritis and patient-preference methods. This is consistent with EQ-5D-Y-5L validation in juvenile idiopathic arthritis.",Deborah A. Marshall,0000-0002-8467-8008,University of Calgary,,548,1752-RA
Deborah Street,A5053497885,accept,"UTS affiliation, design/valuation expertise, and extensive EQ-5D work directly support the Valuation project. EuroQol coauthors include John Brazier and Brendan Mulhern; a small number of anomalous older records does not outweigh the coherent 187-work record.",Deborah J. Street,0000-0002-4476-0656,University of Technology Sydney,University of Technology Sydney,187,20190350
Des Scott,A5038664789,accept,"Name and University of Cape Town affiliation match. The record is coherently centred on EQ-5D-Y measurement in South African children and recent EuroQol EQ-DAPHNIE work, consistent with the EQ-HWB project.",Des Scott,0000-0003-3943-7392,University of Cape Town,University of Cape Town,20,2248-TR
Dominik Golicki,A5035126117,accept,"Exact name and Medical University of Warsaw affiliation match. Numerous EQ-5D valuation, Polish value-set, EQ-5D-Y, and measurement-property works directly substantiate the supplied Poland-focused Valuation and Descriptive Systems projects.",Dominik Golicki,0000-0001-7741-4760,Medical University of Warsaw,Medical Univeristy of Warsaw,162,1575-VS;2015240;2015280;2016110;2038-RA;2100-EOI;214-RA;2479-RA;337-RA;339-RA
Donna Rowen,A5067226056,accept,"The health-utility and valuation record is highly coherent with the Sheffield EuroQol member: extensive EQ-5D, child/adolescent valuation, EQ-HWB, and mapping work, with frequent EuroQol collaborators John Brazier and Brendan Mulhern.",Donna Rowen,0000-0003-3018-5109,,University of Sheffield,274,134-RA;1524-VS;20190140;2201-RA;222-RA
Eleanor Pullenayegum,A5029465719,accept,"Exact-name profile coherently matches a SickKids/University of Toronto health economist-methodologist. It includes EQ-5D-5L Canada and US valuation papers, health-utility modelling, and repeated valuation-focused work with Feng Xie; varied clinical studies fit a biostatistical collaboration portfolio.",Eleanor Pullenayegum,0000-0003-4265-1330,University of Toronto,The Hospital for Sick Children,327,109-RA;2015130;2015140;20190270;20190430;2340-RA
Elena Olariu,A5018887750,accept,"Exact-name profile directly contains the Romania EQ-5D-5L value-set paper, Romanian EQ-5D-3L/5L population norms, and the Romania general-population/Roma HRQoL protocol. These align precisely with the supplied Romanian EQ-5D valuation project; the wider mental-health and health-economic record is coherent.",Elena Olariu,0000-0002-8718-5516,Matia Fundazioa,,33,20180030R1
Eliza Wong,A5033480820,accept,"The specific name variant Eliza Lai-Yi Wong, Hong Kong-centered public-health record, and substantial HRQoL and valuation research are consistent with the supplied Hong Kong EQ-5D-Y value-set project. Its broad chronic-care, patient-experience, and health-preference portfolio remains coherent rather than indicating a collision.",Eliza Lai‐Yi Wong,0000-0001-9983-6219,Department of Health,,373,20180750
Elly Stolk,A5033903811,accept,"Exact-name profile is overwhelmingly focused on EQ-5D health-state valuation, DCEs, TTO, value-set quality control, and EQ-5D-Y work. Its leading coauthors and the Dutch tariff, international valuation protocol, and current EuroQol-instrument publications directly match the Foundation affiliation and listed projects.",Elly Stolk,0000-0001-5968-0416,,EuroQol Research Foundation,161,1721-RA;1761-EO;2013090;2013300;2014060;2015430;2016410;2138-TR;2219-PCG;2262-RA;2644-EO
Elske van den Akker-van Marle,A5032469209,accept,"The distinctive full-name profile and Leiden University Medical Center affiliation match. Its coherent health-economics, quality-of-life, preference, cost-effectiveness, and value-based-healthcare portfolio supports the supplied EQ-5D descriptive-systems and dementia/wellbeing research; clinical applications are consistent, not collision evidence.",M. Elske van den Akker‐van Marle,0000-0002-5269-509X,Leiden University Medical Center,,209,1447-RA;1792-SG;2408-RA;2420-BT
Emelie Heintz,A5052327641,accept,"The exact-name Stockholm health-economics profile is strongly aligned with EQ-5D research: it includes EQ-5D-3L/5L validity, QALY weights, and health-technology evaluation. The broad Swedish clinical portfolio is coherent with outcomes and cost-effectiveness work.",Emelie Heintz,0000-0002-0715-7591,Stockholm School of Economics,,81,20180760
Emily McDool,A5006458172,accept,"Exact-name University of Sheffield profile directly matches all listed EQ-HWB and EQ-5D work: it includes EQ-HWB-S valuation and psychometric studies, the EQ-HWB-9 population validity study, and repeated collaboration with Mukuria, Rowen, Brazier, and Carlton.",Emily McDool,0000-0002-3530-7921,University of Sheffield,,25,1455-RA;1665-RA;2097-RA
Erica Lubetkin,A5037314317,accept,"Erica I. Lubetkin's exact-name CUNY profile is a long, coherent EQ-5D and population health-related quality-of-life record. It includes EQ-5D US-population analyses and mapping, current EQ-DAPHNIE papers, and recurring EuroQol collaborators Janssen, Haagsma, and Bonsel.",Erica I. Lubetkin,0000-0001-9962-7775,CUNY School of Law,City University of New York School of Medicine,94,
Ernest Law,A5040405517,accept,"Ernest H. Law's exact-name Pfizer profile is a coherent pharmaceutical outcomes portfolio spanning oncology and dermatology, with direct EuroQol evidence including US EQ-5D-5L valuation and parallel EQ-5D-3L/5L valuation. The isolated 1917 record is an obvious minor outlier, not substantial contamination.",Ernest H. Law,0000-0002-6111-8008,Pfizer (United States),Pfizer,126,
Erwin Birnie,A5023843843,accept,"Exact name and UMC Groningen affiliation; a coherent outcomes/health-economics record across clinical studies includes EQ-5D version comparison and recent EQ-5D-5L psychometrics, consistent with the Capacity-2 outcomes-research project.",Erwin Birnie,0000-0002-4534-4857,University Medical Center Groningen,,341,20200060
Fanni Rencz,A5024021740,accept,"Exact name and Hungarian health-policy/health-economics record consistent with the stated affiliation. Extensive EQ-5D work includes Hungarian EQ-5D-3L/5L valuation, psoriasis measurement properties, EQ-5D in Central/Eastern Europe, and current bolt-on studies matching multiple listed projects.",Fanni Rencz,0000-0001-9674-620X,Semmelweis University,"Corvinus University of Budapest, Department of Health Policy",245,119-RA;1700-RA;1800-RA;192-VS;2000-RA;20170500
Fatima Al Sayah,A5026033494,accept,"Exact name and University of Alberta affiliation. The profile is coherently centered on health-related quality of life, PROMs, and EQ-5D, including UAE EQ-5D-5L valuation, EQ-DAPHNIE papers, Arabic-speaking populations, and EQ-5D-5L minimally important differences.",Fatima Al Sayah,0000-0003-3891-5452,University of Alberta,"University of Alberta (Canada), Centre for Clinical, Health Economics, and Outcomes Research, CCHO (Lebanon, UAE, KSA)",103,102-RA;1465-VS;1696-RA;1931-RA;1974-VS;1984-RA;20190050;2116-EOI;2413-RA;2487-TVG;2490-EO;2560-RA;96-EO
Eszter Szlávicz,A5086041403,accept,"Exact name with a focused Hungarian dermatology/psychodermatology record. The profile includes qualitative content-validity work on EQ-5D-5L skin irritation and self-confidence bolt-ons in atopic dermatitis, directly aligned with the EQ-TIPS chronic skin-disease project.",Eszter Szlávicz,0000-0002-1083-0994,Veszprémi Érseki Hittudományi Fõiskola,,33,2400-RA
Federico Augustovski,A5053077563,accept,"Exact name and IECS affiliation; health-economic and quality-of-life portfolio directly matches EuroQol work, including EQ-HWB-9 content validity, HRQoL/QoL conceptual mapping, and EQ-5D valuation collaboration.",Federico Augustovski,0000-0002-2914-5022,Instituto de Efectividad Clínica y Sanitaria,Institute for Clinical Effectiveness and Health Policy (IECS),342,1605-RA;1891-RA;2012-RA;2013070;2015-RA;2016360;20170170;20170660;20180580;2119-RA
Fernando Argento,A5021426515,accept,"Exact name and IECS affiliation, with frequent IECS/EuroQol collaborators Federico Augustovski and Andrés Pichón-Rivière. Record includes EQ-HWB-9 Argentine content validity, EQ-HWB psychometric work, and HRQoL/QoL conceptual mapping; the broader clinical evidence-synthesis portfolio is coherent.",Fernando Argento,0000-0002-2492-8933,Instituto de Efectividad Clínica y Sanitaria,,45,2169-RA;2171-RA;2436-RA
Fredrick Purba,A5059806422,accept,"Name variant Fredrick Dermawan Purba and Padjadjaran University match. The record is centered on EQ-5D/EQ-HWB measurement and valuation, including the Indonesian EQ-5D-5L value set, Indonesian population norms, paediatric EQ-5D-Y comparison, and EQ-DAPHNIE work.",Fredrick Dermawan Purba,0000-0002-7336-3043,Padjadjaran University,Universitas Padjadjaran,148,1644-RA;1910-RA;1914-RA;2016420;20180140;20180430;20190130;20190440;2035-RA;2113-EOI;2177-RA;2203-RA;242-RA;2463-RA;2466-RA;442-RA
Gerard De Pouvourville,A5085975930,accept,"Exact accented-name variant and coherent French health-economics record. Directly supports the supplied valuation project through 'Valuing EQ-5D using Time Trade-Off in France' and 'A French Value Set for the EQ-5D-5L,' alongside health technology assessment and pharmaceutical-economics work.",Gérard de Pouvourville,0000-0002-5941-6823,École Supérieure des Sciences Économiques et Commerciales,,357,20170510;20190020
Girma Tekle Gebremariam,A5008650274,accept,"Exact full name and Addis Ababa University affiliation; coherent Ethiopian HRQoL/cervical-cancer portfolio, including cervical-cancer quality-of-life validation and patient studies matching the project.",Girma Tekle Gebremariam,0000-0002-2747-7955,Addis Ababa University,,22,343-RA
Gerkens Sophie,A5063513647,accept,"Exact name and KCE health-policy/economic-evaluation record; includes the 2022 article 'An EQ-5D-5L Value Set for Belgium,' directly matching the Belgium valuation project.",Sophie Gerkens,0000-0001-6211-3471,Belgian Health Care Knowledge Centre (KCE),,154,20170491
Goitom Molalign Takele,A5009462612,accept,"Exact full name and Mekelle University affiliation; Ethiopian health-services and diabetes record with recent work on generic HRQoL instruments for children/adolescents in LMICs, consistent with the EQ-5D-Y projects.",Goitom Molalign Takele,0000-0002-9344-3390,Mekelle University,,8,1735-RA;227-RA;317-RA;449-RA
Gouke Bonsel,A5047977076,accept,"Name variant Gouke J. Bonsel has a large, coherent EQ-5D/HRQoL and valuation record, including EQ-5D-5L and EQ-5D-Y development papers and trauma, pregnancy and Long COVID work matching the projects.",Gouke J. Bonsel,0000-0002-8364-1086,,EuroQol Research Foundation,362,2013150;2014090;2016160;2016670;2016750;20170360;238-RA;512-RA;645-RA
Gisela Cristiane Miyamoto,A5024629360,accept,"Exact full name and Brazilian affiliation; coherent rehabilitation, economic-evaluation and HRQoL record, including a 2025 study comparing EQ-5D-Y-3L, EQ-5D-Y-5L and CHU9D in children.",Gisela Cristiane Miyamoto,0000-0002-6826-4278,Universidade Cidade de São Paulo,,61,2308-VS;2410-RA;2468-RA;2482-EO
Hannah Hussain,A5015275165,accept,"Office of Health Economics profile is coherent with the cognition bolt-on project: extensive HRQoL, EQ-5D-5L, dementia psychometrics and utility-mapping work, with repeated coauthorship with established EQ researchers Keetharuth, Rowen, Wailoo, Elliott, and Camacho.",Hannah Hussain,0009-0002-5645-184X,Office Of Health Economics,,12,1967-RA
Hannah Penton,A5056335393,accept,"Profile directly matches the named EuroQol work: publications on EQ-5D-5L differential item functioning using IRT/logistic regression, psychometric assessment in older adults, and atopic-dermatitis outcome-measure psychometrics. The HRQoL portfolio is coherent.",Hannah Penton,0000-0001-9492-7875,Patient-Centered Outcomes Research Institute,,26,1453-RA;1493-RA;1494-RA
Haode Wang,A5073060343,accept,"Shanghai Medical Information Center profile is a coherent health-economics record matching the EQ-HWB project: valuing health and wellbeing by discrete choice experiment, health-preference and vaccine-preference studies, plus coauthorship with Donna Rowen. The small portfolio is internally consistent.",Haode Wang,0000-0002-0759-7087,Shanghai Medical Information Center,,7,1963-RA;2107-TVG
Harri Sintonen,A5032927955,accept,"University of Helsinki affiliation exactly matches. The large, coherent health-economics and HRQoL record includes foundational 15D work, EQ-5D valuation, QALY effectiveness, and Finnish EQ-5D population research, all consistent with the named EuroQol researcher.",Harri Sintonen,0000-0003-1252-0946,University of Helsinki,University of Helsinki/Department of Public Health,488,
Hsiang-Wen Lin,A5003956817,accept,"China Medical University profile has a consistent pharmacy, outcomes and health-utility record, including EQ-5D studies and Taiwan nationwide EQ-5D-Y valuation work. EQ-5D coauthors A. Simon Pickard and Nan Luo further support the Taiwan valuation identity.",Hsiang‐Wen Lin,0000-0002-6771-6746,China Medical University,,68,2016440
Hesam Ghiasvand,A5011771775,accept,"The University of Warwick profile is a coherent health-services, economic-evaluation and quality-of-life record. Its applied health-technology-assessment work is consistent with the EQ-5D vision bolt-on content-validity project; no incompatible identity evidence is supplied.",Hesam Ghiasvand,0000-0002-3110-6954,University of Warwick,,60,2423-BT
Helen Harcombe,A5081829233,accept,"University of Otago record is a coherent New Zealand injury, occupational-health and musculoskeletal portfolio. Its strong Sarah Derrett coauthorship and prospective worker/injury cohort studies fit the NZ EQ-5D behavioural-risk project.",Helen Harcombe,0000-0002-2612-1789,University of Otago,,56,2015160
Henry Bailey,A5090969739,accept,"The University of the West Indies profile has an EQ-5D valuation and health-economics record, including the exact head-on EQ-VT/crosswalk study and Trinidad and Tobago value-set work. Paul Kind and other EuroQol coauthors corroborate the identity.",Henry Bailey,0000-0002-4479-9948,University of the West Indies,The University of the West Indies,41,1414-EO;1767-RA;20170390;20180040R1;341-RA;357-RA
Hilton Lam,A5071601943,accept,"The University of the Philippines Manila profile is coherently public-health and health-economic, with quality-of-life and cost-effectiveness work in the Philippines. The small EQ-5D topic cluster supports the Philippine EQ-5D-5L valuation project.",Hilton Y. Lam,0000-0003-4042-5997,University of the Philippines Manila,,104,20170230
Ilan Koppen,A5031557006,accept,"Exact name and Emma Kinderziekenhuis affiliation; the profile is a coherent pediatric gastroenterology record. It includes pediatric functional-constipation quality-of-life research, directly consistent with the EQ-5D-Y pediatric gastroenterology project.",Ilan J.N. Koppen,0000-0002-1856-0968,Emma Kinderziekenhuis,,98,1468-RA
Ilias Goranitis,A5023451391,accept,"Exact name and a coherent health-economics, quality-of-life, and rare-genomics record at the University of Melbourne. The profile includes a rare-genetic-conditions study of generic quality-of-life measures, directly matching the supplied psychometric project.",Ilias Goranitis,0000-0001-7946-8324,The University of Melbourne,,153,454-RA
Ines Buchholz,A5043257626,accept,"Exact name and a quality-of-life/psychometrics record at Universität Hamburg. It contains the EQ-5D-5L measurement-properties systematic review and the 2025 German skin, self-confidence, and social-health EQ-5D-5L bolt-on study matching both projects.",Ines Buchholz,0000-0001-9729-6992,Universität Hamburg,None,41,1785-RA;2016170
Irina Kinchin,A5054485095,accept,"Exact name and a coherent Trinity College Dublin health-economics, quality-of-life, dementia, and palliative-care record. The 2025 Value in Health article comparing EQ-HWB, EQ-5D-5L and ICECAP-A in Ireland directly matches the supplied project.",Irina Kinchin,0000-0003-0133-2763,Trinity College Dublin,,93,1676-RA;1912-RA;235-RA
Iwan van der Horst,A5024802434,accept,"The exact-name profile is a large, coherent critical-care/ICU record, with extensive work on sepsis, cardiopulmonary support, and ICU outcomes. That specialty directly fits the supplied ICU proxy quality-of-life interview project; no conflicting identity signal is supplied.",Iwan C.C. van der Horst,0000-0003-3891-8522,Cardiovascular Institute Hospital,,342,1539-SG
Jan Abel Olsen,A5052181611,accept,"Exact name and UiT affiliation align with the supplied member evidence. The dominant record is health economics, preferences, QALYs, EQ-5D-5L and quality-of-life inequalities, with coauthors Paul Dolan, Jeff Richardson and Gang Chen; it directly supports the listed EQ-5D projects.",Jan Abel Olsen,0000-0001-9472-2669,UiT The Arctic University of Norway,"Department of Community Medicine, UiT The Arctic University of Norway",191,1830-RA;1973-TVG;2295-RA
Jan Busschbach,A5020122364,accept,"Exact name, Erasmus MC affiliation, and extensive EQ-5D research align directly with the member and valuation-project evidence. Key works cover EQ-5D-5L/3L measurement, interim scoring, Dutch tariff and valuation studies; the wider transplant and mental-health portfolio remains coherent with HRQoL research.",Jan J.V. Busschbach,0000-0002-8602-0381,Erasmus MC,Erasmus MC,523,2013240;2015230;2016040;2016421;20170160
Jan Faller,A5043601549,accept,"The exact-name Monash Health profile is a coherent health-economics record. Work on generic preference-based measures, informal carers, cost-effectiveness and mental-health interventions, with established health-economics coauthors, fits the supplied EuHEA/IHEA travel-scholarship evidence.",Jan Faller,0000-0001-7645-2079,Monash Health,,14,1851-TVG;2197-EO
Jan Heijdra Suasnabar,A5050459768,accept,"Exact name and Leiden University Medical Center affiliation; the record includes HRQoL measurement research and health-economic work, with Brendan Mulhern as a coauthor, coherently supporting the EQ-5D-5L older-populations project.",Jan M. Heijdra Suasnabar,0000-0002-8057-1318,Leiden University Medical Center,,7,2265-EO;2301-RA
Jan Henrik Terheyden,A5069023369,accept,"Exact name and University of Bonn affiliation. The dominant, cohesive record is ophthalmology/retinal disease with vision-related quality-of-life studies, directly consistent with EQ-5D-5L vision bolt-ons in macular degeneration and diabetic eye disease.",Jan Henrik Terheyden,0000-0002-0174-4066,University of Bonn,,97,2357-BT
Jan Verhaar,A5035697100,accept,"The Erasmus MC orthopaedic record is strongly coherent with the registry-based EQ-5D inequalities project: extensive hip/knee arthroplasty and osteoarthritis research, including a 2025 study of socioeconomic inequalities in PROMs among arthroplasty patients.",Jan A.N. Verhaar,0000-0003-3016-9600,Erasmus MC,,575,200-RA
Janine van Til,A5070605387,accept,"Exact name and University of Twente affiliation. The profile consistently covers health economics, quality of life, preferences, and patient-reported/shared decision-making outcomes, matching the project's clinical value and prediction of EQ-5D outcomes.",Janine A. van Til,0000-0002-5416-5893,University of Twente,,135,285-PHD
Janine Verstraete,A5006452129,accept,"Exact name and University of Cape Town affiliation; extensive direct EQ-5D-Y, EQ-5D-Y proxy, TANDI, and young-child HRQoL research aligns closely with the listed Youth projects. The core contemporary record and EuroQol coauthors are coherent.",Janine Verstraete,0000-0002-1148-4747,University of Cape Town,University of Cape Town,88,142-RA;147-RA;1681-RA;1859-TVG;1928-RA;20180730;20190200;20190670;2226-TR;2633-TVG;365-RA;425-RA;426-RA
Jennifer Jelsma,A5064611767,accept,"Exact name and University of Cape Town affiliation; extensive coherent rehabilitation and child HRQoL record includes EQ-5D-Y development, validation, and recent EQ-TIPS work, directly matching the supplied Youth projects.",Jennifer Jelsma,0000-0003-4049-8395,University of Cape Town,University of Cape Town,162,1713-RA;2013110;2014200;2016120;2016180;20170250;20170540;20170650;20190030;20190500;20191210
Jenny Downs,A5045593878,accept,"Exact name; a large, coherent paediatric neurodevelopmental and intellectual-disability research record, including Rett/CDKL5 and disability support, directly supports the EQ-5D-Y intellectual-disability project.",Jenny Downs,0000-0001-7358-9037,The Kids Research Institute Australia,,334,429-RA
Jeremy Dietz,A5078556304,accept,"Exact name and NICE affiliation; the compact record is consistently health-technology assessment and economic evaluation, including cost-utility methods and NICE social-care outcomes work, consistent with EQ-HWB applications in HTA.",Jeremy Dietz,,National Institute for Health and Care Excellence,,6,1879-EO
Jermaine Dambi,A5081348197,accept,"Name variant Jermaine M. Dambi at the University of Zimbabwe; coherent Zimbabwe health, rehabilitation, HIV and digital-health portfolio includes a 2026 EQ-5D-5L Shona digital-versus-paper equivalence study and coauthorship with Jennifer Jelsma.",Jermaine M. Dambi,0000-0002-2446-7903,University of Zimbabwe,,81,212-RA
Jeshika Singh,A5036902866,accept,"Exact name; sustained health-economics and preference/HRQoL record with frequent coauthor Louise Longworth includes EQ-5D psychometric review, valuation studies, and EQ-5D-5L analysis, matching the supplied valuation project.",Jeshika Singh,0000-0003-3321-5481,Daiichi Sankyo (United States),,30,2015390
Jessica Roydhouse,A5010221662,accept,"Recent EQ-HWB proxy-in-dementia work directly matches her project, and the wider record coherently centers on patient-reported outcomes, quality of life, oncology, and respondent burden.",Jessica Roydhouse,0000-0002-8025-5841,University of Tasmania,,123,1557-RA;2134-RA
Jia Jia Lee,A5050544932,accept,"The record contains EQ-5D-5L Singapore norms and health-related quality-of-life research in obesity, bariatric care, and children; this is coherent with the proposed EQ-HWB and EQ-5D-Y projects.",Jia Jia Lee,0000-0001-7821-9131,,,,1971-EO;2125-RA;2179-RA;2299-EO
Jiabi Wen,A5001767251,accept,"The profile includes the exact EQ-DAPHNIE country-related DIF abstract named in the project, plus EQ-5D-5L mapping, EQ-5D-Y-5L validation, and Alberta quality-of-life/economic-evaluation work.",Jiabi Wen,0000-0001-9579-9625,University of Alberta,,13,2288-EO
Jill Carlton,A5051490866,accept,"University of Sheffield profile is strongly coherent in preference-weighted measures, health-state valuation, patient involvement and EQ-HWB; it includes the exact content-validity review protocol and relevant valuation research.",Jill Carlton,0000-0002-9373-7663,University of Sheffield,,171,1988-RA;2148-RA
Jose Luis Pinto-Prades,A5017788431,accept,"The near-exact accented name and Navarra affiliation align with a coherent health-economics/valuation record. Numerous examples directly concern EQ-5D tariffs, EQ-5D-5L valuation, QALYs, stated preferences, and time/preference methods.",José Luis Pinto Prades,0000-0002-9684-3410,Universidad de Navarra,,171,2015210
John Yfantopoulos,A5050078092,accept,"Exact name and University of Athens affiliation align. The record is coherently health economics and includes Greek EQ-5D validity and EQ-5D-3L/5L psychometric studies, directly consistent with valuation of the EQ-5D-5L in Greece.",John Yfantopoulos,0000-0003-0424-6887,National and Kapodistrian University of Athens,University of Athens,125,1710-VS
Joshua Bonsel,A5090783923,accept,"Joshua M. Bonsel at Erasmus MC has a coherent orthopaedic PROM/EQ-5D record, including EQ-5D studies in arthroplasty, scoliosis, and socioeconomic inequalities that directly match his orthopaedic clinical-practice and registry projects.",Joshua M. Bonsel,0000-0002-9143-5506,Erasmus MC,,14,145-RA;1483-TVG;287-PHD
Juan Cabasés,A5039017875,accept,"Juan Manuel Cabasés Hita has a long, coherent health-economics and quality-of-life record, including Spanish EQ-5D-5L validity norms, EQ-5D-5L valuation, and cross-country EQ-5D surveys; this fits the named economics-affiliated EuroQol researcher.",Juan Manuel Cabasés Hita,0000-0003-0207-4137,Universidad de Navarra,"Department of Economics, Universidad Pública de Navarra",141,
Juan M. Ramos-Goñi,A5047957689,accept,"Juan Manuel Ramos-Goñi's profile is directly aligned: extensive EQ-5D valuation, protocol, quality-control, population-norm, and utility-calculation work, with EuroQol valuation coauthors, matches his Maths in Health affiliation and listed valuation/tool projects.",Juan Manuel Ramos-Goñi,0000-0002-9568-5190,SGH Warsaw School of Economics,Maths in Health,96,2013320;2014210;2016430;2016510;2016610;20170310R2;2588-TR;450-RA;74-RA
Juanita Haagsma,A5060133399,accept,"Juanita A. Haagsma at Erasmus MC has a coherent trauma, injury, health-outcomes, and quality-of-life record. Her substantial work on injury recovery, health impact, and EQ-5D-relevant outcomes fits the extensive Erasmus MC EuroQol descriptive-systems and COVID projects.",Juanita A. Haagsma,0000-0002-2055-548X,Erasmus MC,Erasmus MC,360,141-RA;1498-PHD;151-RA;1604-RA;1954-RA;20180330;20180380;20180630;20190120;2159-RA;2426-PHD;243-RA;2456-BT;315-RA;420-RA;460-RA;77-RA
Julie Ratcliffe,A5070505553,accept,"Exact name, Flinders affiliation, and a strongly coherent health-economics and aged-care quality-of-life record fit the project. Specific works include EQ-5D-5L South Australian population norms, Australian EQ-5D weights, generic preference-based instruments in older care settings, and aged-care quality-of-life research.",Julie Ratcliffe,0000-0001-7365-1988,Flinders University,,507,194-RA
Juntana Pattanaphesaj,A5040546783,accept,"Exact name and a focused Thai health-economics/EQ-5D record directly match the project. The profile includes The EQ-5D-5L Valuation study in Thailand, Thai EQ-5D-5L versus 3L work, Asian EQ-5D valuation comparisons, and a relevant Ministry of Public Health affiliation.",Juntana Pattanaphesaj,0000-0003-1426-6777,Ministry of Public Health,,9,2013030
Katie Spencer,A5073760994,accept,"Exact name, University of Leeds affiliation, and a coherent cancer/palliative-radiotherapy portfolio fit the palliative-care EQ-5D outcome project. Relevant examples include Palliative radiotherapy and a population-based study of 30-day mortality in adult palliative radiotherapy; core coauthors and topics are consistently oncology-focused.",Katie Spencer,0000-0002-6846-4341,University of Leeds,,89,20180670
Katy Gallop,A5091811569,accept,"Exact-name profile is a patient-reported outcomes and HRQoL researcher at Lloyd's, with repeated work on conceptual models and quality of life across diseases; its health-economic/QoL focus aligns with the EQ-5D bolt-on projects.",Katy Gallop,0000-0002-6826-3865,Lloyd's,,77,1884-RA;2011-RA;2014-RA;2432-BT
Kelly de Ligt,A5000687889,accept,"Exact-name Tilburg profile has a coherent cancer survivorship and HRQoL record, including 2025 melanoma HRQoL and patient-reported outcome implementation studies, directly consistent with screening emotional distress in advanced melanoma.",Kelly M. de Ligt,0000-0001-9218-617X,Tilburg University,,68,2317-RA
Kidu Gidey,A5040157120,accept,"Exact-name Mekelle University profile explicitly includes the 2025 systematic review 'Health-related quality of life in COVID-19 patients: a systematic review and meta-analysis of EQ-5D studies,' matching the supplied project.",Kidu Gidey,0000-0002-7363-1327,Mekelle University,,40,1627-RA
Kim Dalziel,A5078953009,accept,"Exact-name Melbourne profile has sustained paediatric HRQoL and health-economics work, including EQ-5D-Y-5L feasibility research and paediatric PROM comparisons, consistent with the supplied EQ-5D-Y projects.",Kim Dalziel,0000-0003-4972-8871,The University of Melbourne,,237,111-RA;2017-RA;330-PHD;361-RA
Kim Rand,A5041551368,accept,"Exact name and Akershus University Hospital affiliation match the member evidence. The core record is extensive EQ-5D valuation and health-economics work, including EuroQol TTO protocols, national EQ-5D-5L value sets, and valuation modelling.",Kim Rand,0000-0001-7692-4099,Akershus University Hospital,"Maths in Health and the Health Services Research Centre, Akershus University Hospital",66,1507-VS;1854-EO;2014070;2015070;2015250;2015260;2015270;20190580;20191190;209-RA;2471-RA;2540-EO;2626-RA;309-RA
Knut Stavem,A5033845511,accept,"Exact name, Norwegian institutional context, and extensive quality-of-life/EQ-5D record are consistent. The profile contains the supplied project title, ""Validity of EQ-5D-5L breathing and cognition bolt-ons in non-hospitalized patients after COVID-19"", directly confirming the identity.",Knut Stavem,0000-0003-4512-8000,University of Oslo,Akershus University Hospital,287,1816-RA
Kompal Sinha,A5026880787,accept,"Exact name and a coherent health-economics and socioeconomic research portfolio support the match. The record includes quality-of-life valuation work (AQoL-8D and adolescent AQoL-6D) alongside India-focused poverty, food, and inequality research, consistent with the India EQ-5D project.",Kompal Sinha,0000-0003-4318-6100,International Labour Organization,,93,430-RA
KM Vermeulen,A5110324582,accept,The initials match exactly and the Groningen clinical record coherently includes health-related quality-of-life measurement and cost-effectiveness studies. Its patient-outcomes focus is consistent with the supplied Descriptive Systems project on selecting health attributes.,KM Vermeulen,,University Medical Center Groningen,,4,2016700
Koonal Shah,A5083575745,accept,"Exact name and NICE affiliation match. The extensive EuroQol valuation portfolio directly covers EQ-5D-5L value sets, EuroQol TTO protocols, EQ-5D-Y valuation, child/adolescent health states, and the conceptual valuation themes of the supplied projects.",Koonal Shah,0000-0002-4927-7858,National Institute for Health and Care Excellence,NICE,151,117-RA;2015050;2015440;2016150;2016370;20190490;20190660;82-RA
Klas Goran Sahlen,A5069574274,accept,"The exact accented name matches, and the record is a coherent Swedish health-economics and quality-of-life portfolio, including EQ-5D-5L valuation work (Vietnam) and Swedish health outcomes research, consistent with the Swedish EQ-5D-5L value-set project.",Klas-Göran Sahlèn,0000-0002-3975-4868,,,71,20180770
Kristina Burström,A5005862614,accept,"Karolinska Institutet profile is strongly coherent with the Swedish EQ-5D project: extensive EQ-5D valuation, Swedish population and register-based quality-of-life studies, and EuroQol coauthors including Paul Kind and Nancy Devlin.",Kristina Burström,0000-0001-9996-4317,Karolinska Institutet,,89,2016480
Kristina Secnik Boye,A5039006946,accept,"The Eli Lilly affiliation, Kristina S. Boye name variant, and sustained diabetes outcomes/utility research are coherent, including EQ-5D valuation, health-related quality-of-life, and treatment-utility publications.",Kristina S. Boye,0000-0002-5953-5929,Eli Lilly (United States),Eli Lilly and Company,243,
Lidia Engel,A5039737173,accept,"Exact-name profile coherently matches her Monash health-economics and PROMs work: EQ-HWB development, caregiver spillovers, aged-care research, and frequent collaboration with Mulhern, McCaffrey, and other relevant researchers.",Lidia Engel,0000-0002-7959-3149,Australian Regenerative Medicine Institute,Monash University,141,1481-PHD;150-RA;2008-RA;20190960;2173-RA;2453-RA
Ling-Hsiang Chuang,A5057802030,accept,"The profile is coherent with EuroQol valuation and descriptive-systems work: EQ VAS framework, EQ-5D index prediction, EQ-5D population trends, TTO values, and SF-12-to-EQ-5D conversion, alongside an appropriate health-economics network.",Ling‐Hsiang Chuang,,Dutch Health Care Inspectorate,,136,1482-RA;2407-BT;241-RA
Liv Ariane Augestad,A5054297438,accept,"Exact name and University of Oslo affiliation; a coherent health-economics and EQ-5D valuation record, including Norwegian EQ-5D population norms, EQ-VT values, and collaborations with Kim Rand and Knut Stavem.",Liv Ariane Augestad,0000-0003-3330-5081,University of Oslo,University of Oslo,31,
Louise Longworth,A5046647690,accept,"Exact name and Arrow affiliation; extensive coherent health-economics/EQ-5D record with UK HTA work, EQ-5D studies, and frequent EuroQol-linked coauthors including Brazier, Rowen, Mulhern, Tsuchiya, and Devlin.",Louise Longworth,0000-0003-2512-4862,Arrow International (United States),Arrow Health Economics,217,2013190;2016300;20200020;2115-EOI
Lucila Rey Ares,A5045433583,accept,Exact name; Argentine health-economics record includes the specified population-health evidence: Self-Reported Health Status and EQ-5D-3L Values of the Argentine Population. Broader Latin American cost-effectiveness work is coherent with the projects.,Lucila Rey Ares,,Pfizer (United States),,25,2015340;2016340
Lucky Ngwira,A5063482306,accept,"Name is compatible as Lucky G. Ngwira; Malawi-based public-health record coherently combines TB/HIV/COVID research with health-related quality-of-life and economic-evaluation work, consistent with the Chichewa EQ-TIPS and sub-Saharan Africa projects.",Lucky G. Ngwira,0000-0002-2695-8917,Kamuzu Central Hospital,,41,1734-TVG;1943-EO;20200030;2025-RA;2252-EO
Luis Rajmil,A5000326162,accept,"Name is compatible as Luís Rajmil; a coherent child/adolescent health-related quality-of-life and psychometrics record, including KIDSCREEN validation and pediatric PRO research, supports the EQ-5D-Y project.",Luís Rajmil,0000-0002-6625-0649,Agencia de Salud Pública de Barcelona,,211,2016490
madeeha malik,A5053689562,accept,The profile is a Pakistan-based pharmaceutical policy and outcomes researcher and includes the 2025 Pakistani stakeholder study on measuring and valuing child/adolescent health-related quality of life. This directly aligns with her Pakistan EQ-5D/EQ-5D-Y valuation projects.,Madeeha Malik,0000-0001-5824-9405,Health Services Academy,,104,1670-VS;20180660;344-VS
Marcel Jonker,A5063358434,accept,"The Erasmus University Rotterdam profile is a coherent EQ-5D valuation and discrete-choice-methods record. Recent works cover EQ-5D-3L value sets, DCE with duration, nonlinear time preferences, and direct DCE/cTTO comparisons, matching his extensive valuation projects.",Marcel F. Jonker,0000-0001-8433-1402,Erasmus University Rotterdam,,61,1413-RA;1484-RA;1489-RA;1611-RA;1612-RA;163-RA;1679-RA;1693-RA;1695-RA;1919-RA;20180320;20190170;20191070;20191180;2178-RA;2204-RA;356-PHD;415-RA
Maja Kuharic,A5007210675,accept,"The Northwestern University affiliation matches exactly, and the record contains multiple core EQ-HWB publications: its development, item validation, comparison with EQ-5D, and studies in Italian and US caregiver populations. Coauthors include established EQ-HWB collaborators.",Maja Kuharić,0000-0003-3696-9086,Northwestern University,Northwestern University,84,1514-RA;1811-RA;1915-RA;2037-RA;2040-RA;2042-RA;414-PHD
Malin Regardt,A5010406225,accept,"The Karolinska rheumatology record is coherent, centered on inflammatory myopathies, patient-reported outcomes, and quality of life. It includes the Swedish-register study evaluating EQ-5D-3L and EQ VAS for ankylosing spondylitis, directly matching her project.",Malin Regardt,0000-0002-1908-5708,Karolinska University Hospital,,57,352-RA
Maksat Jumamyradov,A5067862987,accept,"This compact, coherent health-valuation/econometrics record includes the exact 2024 article 'Scale and rate heterogeneity in the EQ-5D-5L valuation,' directly matching project 1716-TVG, plus EQ-5D-Y valuation and DCE-methods work.",Maksat Jumamyradov,0009-0008-0180-7224,University of South Florida,,10,1716-TVG;207-RA;2428-RA
Margreet Franken,A5089696059,accept,"M Franken at Radboud has a coherent health-economics and melanoma record, including the 2024 abstract “Validity of EQ-5D-3L and EQ-5D-5L Using the Fact-M in Patients With Advanced Melanoma,” directly matching project 196-RA.",M Franken,0000-0003-4207-510X,Radboud University Nijmegen,,104,196-RA
Marisa Da Santos,A5070231679,accept,Marisa Santos matches the stated Instituto Nacional de Cardiologia affiliation and has a coherent Brazilian quality-of-life/health-economics record. The 2025 Dara Project article using EQ-HWB-9 and EQ-5D-5L directly matches project 1445-RA.,Marisa Santos,0000-0002-2174-6800,Instituto Nacional de Cardiologia,Instituto Nacional de Cardiologia,164,1445-RA;20190630
Mark Oppe,A5023709885,accept,"Exact name with a sustained EQ-5D valuation and health-economics record, including EQ-5D-5L valuation protocol, quality-control, and EQ-5D-Y valuation work. Coauthors and Erasmus MC affiliation are coherent with the listed EuroQol valuation projects.",Mark Oppe,0000-0003-4286-8855,Erasmus MC,EuroQol Research Foundation,109,2013220;2015300;2016140;2016590;452-RA
Mark Sculpher,A5060049178,accept,"Exact name, University of York affiliation, and a large coherent health-economics record (cost-effectiveness, QALYs, valuation and HTA) are consistent with the EQ-5D-5L valuation project.",Mark Sculpher,0000-0003-3746-9913,University of York,,641,20180710
Martijn Doeleman,A5038383689,accept,"Martijn J. H. Doeleman at Utrecht has a focused juvenile idiopathic arthritis record. His 2025 dissertation exactly matches project 2101-EO, and the profile includes JIA quality-of-life monitoring using EQ-5D-5L-Y.",Martijn J. H. Doeleman,0000-0003-4786-4108,Utrecht University,,13,2101-EO
Martin Härter,A5048738092,accept,"Universität Hamburg profile is a coherent mental-health, patient-centred communication and quality-of-life record, including SDM-Q-9 psychometrics and health-systems/QoL work consistent with the EQ-5D project.",Martin Härter,0000-0001-7443-9890,Universität Hamburg,,856,1719-RA
Martine Hoogendoorn,A5033706754,accept,"Erasmus MC profile centres on COPD and health economics and includes the exact 2021 EQ-5D-5L Plus Respiratory Bolt-On Birmingham COPD Cohort paper, directly matching both respiratory bolt-on projects.",Martine Hoogendoorn,0000-0002-7122-9780,Erasmus MC,,106,20190850;2339-BT
Marufa Sultana,A5035318354,accept,"Deakin University profile coherently covers Bangladeshi child health, healthcare use and health economics/quality of life, consistent with the Bangladesh child and EQ-TIPS/EQ-5D-Y projects.",Marufa Sultana,0000-0003-2475-6497,Deakin University,,107,1646-RA;2106-RA;2417-RA
María Belizán,A5058351382,accept,"IECS profile has a coherent Argentine health-outcomes and maternal-health record, including EQ-HWB development, EQ-HWB psychometric work, and 2026 Argentinean EQ-HWB-9 content validity.",María Belizán,0000-0002-8739-5249,Instituto de Efectividad Clínica y Sanitaria,,100,1885-RA;2412-BT;2589-RA
Matthijs Versteegh,A5086031530,accept,"Profile is a coherent Dutch health-economics and EQ-5D valuation record: it includes the Dutch EQ-5D-5L tariff, time trade-off research, mapping to EQ-5D, and frequent coauthorship with Simone Huygens.",Matthijs Versteegh,0000-0003-4804-235X,Huygens Institute for History and Culture of the Netherlands,Huygens & Versteegh,104,2013310;2359-PHD
Maureen Rutten-van Molken,A5010272673,accept,"Exact name and Erasmus University Rotterdam affiliation; extensive health-economics, quality-of-life, and utility-measurement record aligns with the EQ-5D-5L+R valuation project.",Maureen Rutten‐van Mölken,0000-0001-8706-3159,Erasmus University Rotterdam,,478,2015020
Meixia Liao,A5079423723,accept,"Exact name and National University of Singapore affiliation; multiple EQ-5D valuation, value-set, bolt-on, and psychometric papers with Nan Luo align directly with the dissemination project.",Meixia Liao,0000-0001-7859-3684,National University of Singapore,,17,1979-EO
Michael Herdman,A5006750775,accept,"Exact name, ORCID, and a strongly EuroQol-specific record: development of EQ-5D-5L and EQ-5D-Y, EQ-5D comparison studies, and collaborations with Devlin and Luo directly fit both projects.",Michael Herdman,0000-0002-8189-5357,National University of Singapore,Insight Consulting & Research,87,2014110;2016730
Michał Jakubczyk,A5015781187,accept,"Exact name and SGH Warsaw School of Economics affiliation; the record includes Polish EQ-5D 3L and 5L value sets plus recent time-trade-off, worse-than-dead, and bolt-on valuation studies matching the projects.",Michał Jakubczyk,0000-0002-0006-6769,SGH Warsaw School of Economics,"SGH Warsaw School of Economics, Poland",128,1530-RA;1574-RA;1585-RA;1689-RA;1930-RA;2009-RA;2015320;2016640;20190070;2132-RA;2143-RA;2144-RA;404-RA;431-RA
Michela Meregaglia,A5038451583,accept,"Exact name and Bocconi University affiliation; EQ-5D-5L Italian value-set and population-norms work, alongside broad quality-of-life and health-technology-assessment research, directly support both supplied projects.",Michela Meregaglia,0000-0003-0092-5970,Bocconi University,,73,2043-RA;351-RA
Mihretab Gebreslassie,A5085631323,accept,"The exact name and Stockholm County Council affiliation align, and the record coherently centers on health economics, HRQoL, health inequalities, and population EQ-5D research, including a population-based EQ-5D-3L study.",Mihretab Gebreslassie,0000-0001-9556-0075,Stockholm County Council,,21,1781-RA;2564-RA
Mimmi Åström,A5055089597,accept,"The exact Karolinska affiliation, repeated collaboration with Kristina Burström, and cohesive EQ-5D-Y work on Swedish adolescent norms, valuation, label development, and psychometrics directly match all supplied Youth projects.",Mimmi Åström,0000-0002-6711-5262,Karolinska Institutet,Karolinska Institutet,17,1776-RA;2015400;20190980
Min-Woo Jo,A5015763173,accept,"Exact name and Ulsan College affiliation; a sustained Korean health-economics and quality-of-life record includes EQ-5D-5L valuation, EQ-5D-3L/5L psychometrics, and SF-6Dv2 valuation work.",Min‐Woo Jo,0000-0002-4574-1318,Ulsan College,"Department of Preventive Medicine, University of Ulsan College of Medicine",231,
Mina Bahrampour,A5068470091,accept,"Exact name and University of Technology Sydney affiliation; record is coherent in health economics and EQ instruments, with Australian paediatric EQ-5D work and frequent EuroQol-linked coauthors including Mulhern, Devlin, and Norman.",Mina Bahrampour,0000-0002-6915-1865,University of Technology Sydney,University of Technology Sydney,30,2075-EOI;2416-BT;466-RA
Márta Péntek,A5064557440,accept,"Exact name and Obuda University affiliation; extensive coherent health-economics and quality-of-life record includes EQ-5D in Central/Eastern Europe, Hungarian EQ-5D valuation, and EQ-5D utility mapping.",Márta Péntek,0000-0001-9636-6012,Obuda University,Obuda University,349,
Nancy Devlin,A5103206776,accept,"Exact name and University of Melbourne affiliation; a strongly coherent health-economics and EQ-5D valuation record. Core works include the England EQ-5D-5L value set, EQ-5D and the EuroQol Group, EQ-5D-Y development, and current child valuation/EQ-TIPS studies.",Nancy Devlin,0000-0002-1561-5361,The University of Melbourne,University of Melbourne,380,1404-RA;1497-RA;2012050;2013040;2014020;2014170;2015060;2015100;2016320;2016570;2016571;2016630;2016631;20170010;20180210;20180650;20190220;202-RA;2274-TVG;370-RA;399-RA
Narcis Gusi,A5042480120,accept,"Compatible name variant and a coherent Spanish rehabilitation, physical activity, and health-related quality-of-life record. It includes EQ-5D-Y development and multinational feasibility/validity studies, directly matching the supplied youth EQ-5D projects.",Narcís Gusi,0000-0002-1001-8883,Complejo Hospitalario de Cáceres,University of Extremadura (Spain),254,20170290;355-RA
Nick Bansback,A5052496992,accept,"Exact name and a coherent Canadian health-economics, PROMs, shared decision-making, and utility-valuation record. It includes the Canadian EQ-5D-5L value set, discrete-choice utility work, and collaboration with EuroQol researchers including Nancy Devlin and John Brazier.",Nick Bansback,0000-0002-1510-3462,Providence Health Care,School of Population and Public Health,335,1624-EO;1880-TVG;2013290;2015040;2016030;20190470;2133-TVG
Nils Gutacker,A5023093255,accept,"Exact name and University of York affiliation, with a cohesive health-services/economics record focused on PROMs, EQ-5D outcomes, hospital performance, patient choice, and healthcare access. Examples directly support the supplied EQ-5D and routine PROM projects.",Nils Gutacker,0000-0002-2833-0621,University of York,"Centre for Health Economics, University of York",120,123-RA;1479-TVG;1925-TVG;2016450;20190910;2192-RA;2415-TVG;2653-TVG
Nyantara Wickramasekera,A5077076014,accept,"Exact name and University of Sheffield affiliation; a coherent health-economics and quality-of-life record with EQ-HWB validation, preference studies, shared decision-making, and regular collaborators Anju Keetharuth and Phil Shackley. This is consistent with the EQ-5D clinical-outcomes project.",Nyantara Wickramasekera,0000-0002-6552-5153,University of Sheffield,,58,2102-RA
Ole Marten,A5033160244,accept,"Exact name and Bielefeld University affiliation. The record directly documents extensive EQ-HWB and EQ-5D research, including EQ-HWB development, valuation, cognitive debriefing, and German elderly-population studies, with core EuroQol coauthors.",Ole Marten,0000-0002-2576-9110,Bielefeld University,Bielefeld University,19,1951-RA;2024-RA;2623-RA
Oliver Rivero-Arias,A5121462085,accept,"Exact name and University of Oxford affiliation. The neonatal and infant-care portfolio coheres with the project on family spillovers in necrotising enterocolitis, and includes a children-and-young-people time-use questionnaire for economic evaluation; no conflicting identity signal is present.",Oliver Rivero-Arias,,University of Oxford,University of Oxford,19,20180240;2021-RA;206-RA
Oriana Ciani,A5008052793,accept,"Exact name and ORCID. The large, coherent health-technology-assessment and health-economics record includes an explicit 2021 EQ-5D-5L value set for Italy and closely related valuation, surrogate-endpoint, and policy research. The early technology papers do not constitute a conflicting identity.",Oriana Ciani,0000-0002-3607-0508,University of Exeter,,259,316-EO
Paul Kind,A5013594779,accept,"Exact name and a highly coherent, extensive EQ-5D record: EQ-5D-5L development and interim scoring, EQ-5D-Y development, UK population health surveys, TTO, and EuroQol tariff studies. The University of Leeds affiliation and collaborators also fit; one old unrelated ophthalmology paper is not substantial contamination.",Paul Kind,0000-0003-2377-1652,University of Leeds,"Health Economics Policy Lab (HEPL), University College London",240,1583-RA;1786-RA;2009018;2010011;2014120;2014220;2015350;2015420;2016050;2016200;20191040;20191050;78-RA
Paul Krabbe,A5061371202,accept,"Name expansion Paul F. M. Krabbe and University Medical Center Groningen match exactly. The record strongly supports EuroQol valuation work, including EuroQol health-state reliability, the Dutch EQ-5D tariff, a European EQ-5D currency, and the international EQ-5D-5L valuation protocol.",Paul F. M. Krabbe,0000-0001-6042-1243,University Medical Center Groningen,University Medical Center Groningen,266,2014150
Patricia Cubi-Molla,A5087726711,accept,"The accented name, Office of Health Economics affiliation, health-economics/QoL focus, and repeated collaboration with EuroQol researchers Nancy Devlin and Paula Lorgelly form a coherent record. Work includes health valuation, EQ-5D-5L comparison, and quality-of-life research.",Patricia Cubí‐Mollá,0000-0002-2803-7337,Office Of Health Economics,,53,2016460;20180190
Paula Lorgelly,A5027424571,accept,"Exact name and University of Auckland affiliation match. Record is coherently health economics and HRQoL, with EQ-5D-5L valuation, EQ-5D instrument validity, EQ-DAPHNIE, long-COVID HRQoL, and health-equity work; Amanda Cole is a frequent collaborator.",Paula Lorgelly,0000-0002-8990-9514,University of Auckland,University of Auckland | Waipapa Taumata Rau,203,1573-RA;1655-EO;1680-RA;1881-RA;20191030;2053-EO;2443-BT;291-RA
Peep Stalmeier,A5013523692,accept,"Exact name and Radboud affiliation align. The record directly includes Dutch EQ-5D tariff work and recent time-trade-off, worse-than-dead, and severe-health-state valuation studies matching the listed valuation projects.",Peep F. M. Stalmeier,0000-0002-7553-562X,Radboud University Nijmegen,Radboudumc,163,115-RA;1487-RA;2013010;2015150
Philip Powell,A5072704582,accept,"Exact name and a strong, coherent health-valuation record: frequent coauthors Jill Carlton, Donna Rowen, and John Brazier, plus work on paediatric quality of life and measuring health-related quality of life in infants and toddlers, fit the listed EQ-VT youth projects.",Philip A. Powell,0000-0003-1169-3431,Philips (Finland),,116,1711-RA;1877-RA;307-RA
Piyameth Dilokthornsakul,A5013970219,accept,"Exact uncommon name with a coherent Thai health-economics and outcomes-research record. The profile is led by health-system/economic-evaluation work and has sustained collaboration with Nathorn Chaiyakunapruk and other Thai health-economics coauthors, consistent with a Thai EQ-5D-Y value-set project.",Piyameth Dilokthornsakul,0000-0002-6981-1771,Nakornping Hospital,,176,1982-VS
Prudence Cheung,A5011025629,accept,"Exact name and University of Hong Kong affiliation fit a coherent paediatric orthopaedics/scoliosis record. It includes EQ-5D-5L validation in Chinese adolescents, EQ-5D-Y questionnaire comparison, and 2025 EQ-5D-Y health-state preference research, directly matching the Youth project.",Prudence Wing Hang Cheung,0000-0002-3213-7373,University of Hong Kong,,117,1808-RA
Rainer Reile,A5036883637,accept,Exact name and Estonian National Institute for Health Development affiliation; the record includes the 2026 Ukrainian-refugee HRQoL-in-Estonia study matching project 1987-SG and coherent Estonian population-health work.,Rainer Reile,0000-0001-9488-887X,National Institute for Health Development,,59,1960-RA;1987-SG;2569-RA;2621-VS
Rebecca Addo,A5005424373,accept,"The UTS health-economics record coherently supports the EQ-5D multilayer project: it includes the matching 2025 conference abstract, Ghana EQ-5D-5L value-set work, and EQ-5D bolt-on research with relevant coauthors.",Rebecca Addo,0000-0002-5970-1122,University of Technology Sydney,,29,1899-RA
Richard Norman,A5101841802,accept,"Exact name, ORCID, and Curtin affiliation align. The dominant record is a coherent health-economics/EQ-5D valuation portfolio, including Australian EQ-5D weights, DCE work, and the Australian 5L value-set study matching his projects.",Richard Norman,0000-0002-3112-3893,Curtin University,Curtin University,468,1578-RA;2015310;2016250;20170410;20170560;83-VS
Rosalie Viney,A5076742980,accept,"Exact UTS affiliation and a coherent health-economics/EQ-5D valuation record. Projects on EQ-5D-5L valuation align with multiple core works (Australian EQ-5D weights, DCE valuation) and frequent EuroQol coauthors including Nancy Devlin and John Brazier.",Rosalie Viney,0000-0002-0039-9635,University of Technology Sydney,University of Technology Sydney,320,148-RA;2015360;2016280
Sander van Kuijk,A5087173002,accept,"The expanded exact name and Maastricht UMC affiliation fit a coherent clinical-epidemiology record. COVID-19 research, quality-of-life outcomes, and health-economic collaborators (including Carmen Dirksen) align with the long-COVID and EQ-5D bolt-on projects. The one 1986 PACS item is isolated, not substantial contamination.",Sander M. J. van Kuijk,0000-0003-2796-729X,Maastricht University Medical Centre,,669,1569-RA;1983-PHD;2368-RA
Sarah Derrett,A5021576811,accept,"Exact University of Otago affiliation and a coherent record in injury outcomes, health-related quality of life, and health systems research. Recent work on generic HRQoL instruments, EQ-5D-5L Nepal adaptation, and content validity directly aligns with the supplied EuroQol projects.",Sarah Derrett,0000-0003-2867-0498,University of Otago,University of Otago,237,1543-RA;1812-PHD;2014190;2015170;2229-TR
Sarah Dewilde,A5043932217,accept,"A coherent health-economics and patient-reported-outcomes record, with recent EQ-5D bolt-on psychometrics work directly matching two supplied projects. Frequent coauthors Mathieu Janssen and Lieven Annemans and work on utilities, stroke, fatigue, and myasthenia support the EuroQol identity.",Sarah Dewilde,0000-0002-7315-3230,Department of Health Services,SHE,85,124-VS;1601-RA;20180640;20180641;2167-RA
Sarega Gurudas,A5067968462,accept,"Moorfields Eye Hospital ophthalmology record is coherent with the vision bolt-on project: nearly all work concerns retinal disease, diabetic retinopathy, vision impairment, and SMART-India, including the SMART-India diabetes vision-prevalence study.",Sarega Gurudas,0000-0002-2656-0570,Moorfields Eye Hospital NHS Foundation Trust,,46,2139-RA
Sayem Ahmed,A5011474576,accept,"The record is a coherent health-economics and global-health portfolio, including quality-of-life, willingness-to-pay, cost-effectiveness, health insurance, and healthcare-system research. Its Nepal hypertension cost-effectiveness protocol supports compatibility with developing a Nepal EQ-5D-5L value set.",Sayem Ahmed,0000-0001-9499-1500,Department of Health and Social Care,,227,2202-VS
Seungjin Bae,A5038405248,accept,"Ewha Womans University record is predominantly coherent in health economics, pharmaceutical policy, and quality-of-life research. Examples include cost-effectiveness, health-care data in South Korea, cancer medicine pricing, biosimilar uptake in Korea, and AI in health-economic evaluation, consistent with a Korean EQ-5D-Y valuation study.",SeungJin Bae,0000-0002-8993-8884,Ewha Womans University,,117,2510-VS
Shankar Prinja,A5071690494,accept,"PGIMER health-economics and health-systems profile is strongly coherent with the India valuation projects. It includes the exact 2022 Value in Health article developing the Indian EQ-5D-5L value set, alongside India-focused economic evaluation and healthcare financing work.",Shankar Prinja,0000-0001-7719-6986,Post Graduate Institute of Medical Education and Research,,324,20170520;2033-RA;2220-VS
Shitong Xie,A5113241600,accept,"This is a coherent health-utility measurement and valuation record with Jing Wu, Feng Xie, and John Brazier. It includes Chinese SF-6Dv2 valuation and psychometrics, EQ-5D-5L population norms and measurement-property comparisons, and adolescent health-measurement work, directly fitting the China EQ-5D-Y projects.",Shitong Xie,,Tianjin University of Science and Technology,,61,2209-RA;2211-RA
Simon Pickard,A5058888906,accept,"A. Simon Pickard at University of Illinois Chicago has a coherent HRQL and health-economics record, with numerous directly relevant EQ-5D valuation, measurement, population-norm, and youth-preference works matching the supplied projects.",A. Simon Pickard,0000-0001-5645-7091,University of Illinois Chicago,University of Illinois - Chicago,306,2014130;2015190;2016090;2016210;2016470;20180080;20180520;20190360;20190410;20190800
Simone Schieskow,A5117152200,accept,"Exact-name Bielefeld University profile with a focused four-work record on EQ-5D-Y measurement, HRQL in infants/toddlers, stakeholder engagement, and EuroQol EQ-TIPS, consistent with the EQ-HWB psychometric project.",Simone Schieskow,,Bielefeld University,"Bielefeld University, School of Public Health, Department of Health Economics and Health Care Management",4,20180450
Soumana Chamoun Nasser,A5029600163,accept,"Soumana C. Nasser at Lebanese American University has a coherent health-economics, pharmaceutical-policy, and quality-of-life record, including EQ-HWB-9 caregiver validity and EQ-HWB pain/discomfort psychometrics that match the supplied project.",Soumana C. Nasser,0000-0003-4202-7116,Lebanese American University,,38,2585-RA
Stefan Lipman,A5078862538,accept,"Stefan A. Lipman's health-economics record directly covers EQ-5D-Y valuation perspectives, time trade-off, states worse than dead, and the Netherlands EQ-5D-Y-3L value set; it closely matches the listed valuation and youth projects.",Stefan A. Lipman,0000-0002-8784-9650,National Institute for Public Health and the Environment,"Erasmus School of Health Policy & Management (ESHPM), Erasmus University Rotterdam",56,120-RA;1783-RA;1992-RA;20190080R1;20190860;20190890;205-RA;2404-RA;245-RA;416-RA;417-RA
Stella Heemskerk,A5025807986,accept,"Exact Stella C. M. Heemskerk at Erasmus MC. The clinical outcomes/cost-effectiveness record is coherent, including long-COVID quality-of-life studies and work with health-economics coauthors such as Haagsma and Dirksen, consistent with the Dutch EQ-TIPS project.",Stella C M Heemskerk,0000-0002-1320-8084,Erasmus MC,,13,2638-RA
Stephen Coons,A5052220528,accept,"Exact Stephen Joel Coons at Critical Path Institute. Extensive patient-reported-outcome and EQ-5D measurement record, including US EQ-5D valuation, EQ-5D/SF-12 comparison, and the ISPOR report on electronic-versus-paper PRO measurement equivalence.",Stephen Joel Coons,0000-0001-7977-5156,Critical Path Institute,,203,2014180
Stevanus Pangestu,A5033743427,accept,"Exact Stevanus Pangestu at Corvinus University of Budapest. Recent work directly matches the listed EQ projects: EQ-5D-5L bolt-ons, child/adult EQ-5D-Y-3L composite TTO, EQ-HWB, and health-related quality of life; sustained collaboration with Fanni Rencz supports the identity.",Stevanus Pangestu,0000-0003-2546-9449,Corvinus University of Budapest,,36,1883-RA;2003-RA;2323-RA;2500-RA
Stirling Bryan,A5015667412,accept,"Exact Stirling Bryan with a large, coherent health-economics and quality-of-life record. It includes the Canadian EQ-5D-5L value set and current patient-reported-outcome work on hospital readmission, directly consistent with the two British Columbia projects.",Stirling Bryan,0000-0001-7093-3058,Vancouver Coastal Health,University of British Columbia,367,164-RA;1787-RA
Suzana Karim,A5003389681,accept,"University of Dhaka profile directly matches her valuation projects through Peru EQ-5D-5L preference heterogeneity, Dutch EQ-5D-5L valuation, and related discrete-choice work; the coherent coauthor network includes Benjamin M. Craig.",Suzana Karim,0000-0002-3370-1554,University of Dhaka,,6,138-RA;139-RA;20190230R1
Taavi Lai,A5109074641,accept,"The record is coherently Estonia-focused and health-policy/quality-of-life oriented: it includes Estonian PDQ-39 validation, Estonian alcohol-control cost-effectiveness, and recent health-related quality-of-life work among Ukrainian refugees in Estonia.",Taavi Lai,,The Fourth People's Hospital,,46,2602-SG
Takeru Shiroiwa,A5007564965,accept,"National Institute of Public Health profile has a large, coherent Japanese health-economics and quality-of-life record, including Japanese EQ-5D-3L/5L norms, the EQ-5D-5L Japan value set, and DCE/TTO scoring comparison—directly matching both supplied projects.",Takeru Shiroiwa,0000-0003-3055-9932,National Institute of Public Health,,166,20180280;2098-RA
Teresa Tsui,A5089652474,accept,"Sunnybrook profile directly supports the cancer-utility project: it includes EQ-5D-3L health utilities in patients with cancer, real-world oncology EQ-5D collection in Ontario, the Breast Utility Instrument, and Canadian EQ-5D-5L valuation work.",Teresa Tsui,0000-0002-9806-9393,Sunnybrook Health Science Centre,,17,1456-PD
Tessa Peasgood,A5022446221,accept,"The University of Sheffield affiliation and extensive health-utility record are consistent with the supplied projects: the profile includes EQ-HWB development, EQ-5D-5L measurement work, child/adolescent valuation, content-validity research, and core EuroQol coauthors.",Tessa Peasgood,0000-0001-8024-7801,University of Sheffield,University of Sheffield,121,1823-RA;1916-RA;20180350;20190260;2207-RA;224-RA;2366-EO;2470-RA;2488-TVG;2493-RA;282-RA;348-PHD
Tie Parma Yamato,A5034831401,accept,"Name variant with matching ORCID and University of Sydney affiliation. Recent works directly compare EQ-5D-Y-3L/5L in children and review their measurement properties, consistent with both Brazilian youth EQ-5D projects.",Tiê Parma Yamato,0000-0002-5228-1292,The University of Sydney,,112,218-RA;220-VS
Titi Fitriana,A5049547434,accept,"Name expands to Titi Sahidah Fitriana with a coherent Indonesian EQ-5D record: Indonesian EQ-5D-5L and EQ-5D-Y value sets, youth EQ-5D-Y measurement papers, and Bahasa Indonesia EQ-5D-Y-5L adaptation.",Titi Sahidah Fitriana,0000-0001-5062-6886,Yarsi University,,18,20180490;20200010;2444-RA
thomas kohlmann,A5031953969,accept,"Exact name and Greifswald medical affiliation match. The record includes EQ-5D-5L interim scoring, an EQ-5D-5L psychometric review, quality-of-life/economic-evaluation work, and the stated EQ-5D scoring focus.",Thomas Kohlmann,0000-0002-5956-8309,Universitätsmedizin Greifswald,University of Greifswald,430,20170130
Tianxin Pan,A5044860561,accept,"Exact name, ORCID and University of Melbourne affiliation align. Frequent collaborators include Nancy Devlin and Brendan Mulhern, and works directly cover EQ-5D-Y valuation, EQ-5D ceiling effects, Chinese HRQoL, and child health.",Tianxin Pan,0000-0002-2243-8818,The University of Melbourne,,50,1472-PD;2284-BT;233-RA;2347-RA;428-RA
Tomos Robinson,A5048830550,accept,"The profile is coherently UK health-services/health-economics research: it includes EQ-5D/CHU-9D utility mapping and health-inequality work, with regular collaborators Luke Vale and Laura Ternent. The project on socioeconomic inequality in UK EQ-5D measures fits this record; a few isolated old items are not substantial contamination.",Tomos Robinson,0000-0001-8695-9738,St Nicholas Hospital,,63,2196-RA
Trudy Sullivan,A5022698267,accept,"Exact name and University of Otago affiliation. The record directly contains the adolescent EQ-5D valuation feasibility study and EQ-DAPHNIE publications, and its health-economic/quality-of-life work with Otago collaborators Sarah Derrett and Andrew Gray matches both supplied projects.",Trudy Sullivan,0000-0001-8452-2591,University of Otago,University of Otago,82,20180470;441-RA
Ulrike Ravens-Sieberer,A5049804622,accept,"The name, Hamburg affiliation, and extensive child/adolescent health-related quality-of-life record are coherent. It includes the foundational Development of the EQ-5D-Y paper and sustained KIDSCREEN/KINDL psychometric research, directly matching the supplied pediatric EQ-5D-Y project.",Ulrike Ravens‐Sieberer,0000-0002-2031-095X,Universität Hamburg,University Medical Center Hamburg-Eppendorf,462,2016270
Valentina Prevolnik Rupel,A5091343801,accept,"Exact name and a focused Slovenian health-economics/EQ-5D record. Works include EQ-5D-5L Value Set for Slovenia, EQ-5D-Y Value Set for Slovenia, Slovenian population norms, and Central/Eastern European EQ-5D research, directly supporting the listed valuation and elderly-population projects.",Valentina Prevolnik Rupel,0000-0002-1238-7156,,Institute for Economic Research,104,1687-RA;2013160;2013210;20170280;377-VS
victor zarate,A5074565937,accept,"The Merck/MSD affiliation, Latin American health-economics focus, and collaborations with Paul Kind and Federico Augustovski fit the supplied person. The record directly includes Chilean and Latin-American EQ-5D valuation, self-perceived-health, inequality, DALY/QALY, and health-reform studies; two 1931 duplicates are isolated contamination.",V Zárate,0000-0001-9145-3694,"Merck & Co., Inc., Rahway, NJ, USA (United States)",MSD,43,2015370;2016380;2016390;20170470;20170630;462-RA
Vincent Lau,A5022213392,accept,"Exact-name Alberta Health Services critical-care profile; ICU/sepsis work and repeated Bagshaw, Basmaji, and Rochwerg coauthorship directly fit the EQ-5D-5L critical-care validation project.",Vincent Lau,0000-0002-9939-7348,Alberta Health Services,,74,299-RA
Vivian Reckers-Droog,A5121459836,accept,"Exact-name Erasmus University Rotterdam health-economics record, with Mos, Knies, and Brouwer coauthors and work on societal preferences and healthcare valuation, coherent with the EQ-5D-Y valuation projects.",Vivian Reckers-droog,,Erasmus University Rotterdam,,9,1462-PHD;20190920;2154-RA
Wenjing Zhou,A5080372262,accept,"Exact-name profile has repeated Busschbach and Herdman coauthorship and articles explicitly validating Chinese EQ-5D-Y, EQ-TIPS, EQ-5D-5L, and EQ-HWB-S in children and carers—a direct project match.",Wenjing Zhou,0000-0003-0770-4564,,,,1654-TVG;1742-EO;1874-TVG;2152-RA
Willem van Veghel,A5003208889,accept,"Exact-name Sint Franciscus Gasthuis profile includes work on health outcomes, costs, and a Quality Cost Indicator model, consistent with the EQ-5D-5L value-based healthcare implementation project.",Willem H. P. van Veghel,,Sint Franciscus Gasthuis,,2,1584-SG
Wolfgang Greiner,A5001823062,accept,"Exact-name Bielefeld University profile includes the German EQ-5D-5L value set, EQ-5D-Y development and validation, and extensive health-economics work, directly matching the supplied EuroQol projects.",Wolfgang Greiner,0000-0001-9552-6969,Bielefeld University,Bielefeld University,570,1603-RA;2012020;2013200;2014030;2014160;2015200;2016530;20170020;20180010;20180260;20180510;2433-RA
Xuejing Jin,A5008581679,accept,"Exact name and Beijing University of Chinese Medicine affiliation. The record is coherent in health economics, quality of life, patient-reported outcomes, and multiple EQ-5D China studies, including the China EQ-5D-5L and EQ-5D-Y-3L value sets.",Xuejing Jin,0000-0003-3513-2364,Beijing University of Chinese Medicine,Beijing University of Chinese Medicine,61,217-EO;318-RA
Yared Belete Belay,A5086002810,accept,"Exact name and a coherent Ethiopian health-economics/quality-of-life record. It includes EQ-5D-5L validity in Ethiopian mental health, EQ-5D-Y-3L psychometrics in Ethiopian inpatients, and related HRQoL and mental-health research.",Yared Belete Belay,0000-0001-5473-3857,Monash Health,,33,1846-EO;229-RA;323-RA;327-RA;79-RA
You-Shan Feng,A5091571513,accept,"The Universitätsklinikum Tübingen affiliation matches exactly. The record has extensive EQ-5D/EQ-HWB psychometrics, EQ VAS, bolt-on, inequality, and population-norms publications, directly coherent with the listed EuroQol projects.",You‐Shan Feng,0000-0003-1509-3409,Universitätsklinikum Tübingen,"Medical University Tübingen, Germany",67,127-RA;1593-RA;1600-RA;1898-RA;1901-RA;1902-RA;2200-RA;2312-BT;2373-RA;2544-RA;329-RA
Yirga Legesse Niriayo,A5025678242,accept,"The Mekelle University profile is a coherent Ethiopian clinical-pharmacy and cardiovascular outcomes record. It includes heart-failure drug-therapy research and an EQ-5D health-related quality-of-life systematic review, consistent with the proposed EQ-5D-5L heart-failure study.",Yirga Legesse Niriayo,0000-0002-6943-753X,Mekelle University,,28,2563-RA
Yifan Ding,A5076822287,accept,"China-focused EQ-5D-Y and EQ-HWB quality-of-life studies directly match the cultural relevance and psychometric-evaluation project. Frequent coauthors include Zhihao Yang, Jan J.V. Busschbach, and Nan Luo, forming a coherent EuroQol research record.",Yifan Ding,0009-0006-8112-628X,,,,2188-TVG
Zhuxin Mao,A5002022038,accept,"Exact name and University of Antwerp affiliation, with a coherent health-economics and health-related quality-of-life record. Multiple EQ-5D/EQ-HWB China studies directly match the supplied EuroQol projects, and frequent collaborators include Antwerp health-economics researchers. The older agricultural papers are a limited early cluster, not enough to outweigh the strong matching record.",Zhuxin Mao,0000-0002-7444-1584,University of Antwerp,University of Antwerp,69,103-RA;1580-RA;1588-RA;20190990;20191000;2084-RA;2422-RA;398-RA
