batch_id,name,openalex_id,decision,reason
batch-01,Aaron Winn,A5066367734,accept,"Aaron N. Winn at UIC has a coherent health-economics and quality-of-life record, including EQ-HWB/EQ-5D-related Value in Health abstracts; this is consistent with the EQ-5D-5L breathing bolt-on project."
batch-01,Abdelghafour MARFAK,A5024805890,accept,"Exact name and a Moroccan health/quality-of-life record, including the EQ-TIPS HRQoL study in Moroccan children, align with the Moroccan EQ-5D-5L value-set project."
batch-01,Abdulmuminu Isah,A5024575926,accept,"Exact name, University of Nigeria affiliation, and a coherent Nigerian pharmacy/public-health record include HRQoL measurement in Africa and health-status research, consistent with the Nigerian youth QALY value-set project."
batch-01,Abdulrasheed Hassan Yusuf,A5138651068,accept,"The exact-name profile consists of the Nigeria EQ-5D-5L valuation study, with project-relevant valuation coauthors; it directly matches the Nigerian EQ-5D-5L value-set project."
batch-01,Abeer Al Rabayah,A5058964513,accept,"Exact name, King Hussein Cancer Center affiliation, and a health-economics/QoL record include the 2024 article 'Valuation of the EQ-5D-3L in Jordan,' directly matching the Jordanian EQ-5D-3L value-set project."
batch-02,Abraham Gebregziabiher,A5061701004,accept,"Mekelle University affiliation matches. Ethiopian EQ-5D valuation and psychometric studies directly support the listed projects, with coherent health-economics and pharmacy work and EuroQol collaborators including Elly Stolk and Clara Mukuria."
batch-02,Ademola Itiola,A5093433205,accept,"The name matches exactly, and both works concern EQ-5D-5L data visualization for total knee arthroplasty. This is a coherent direct match for the listed PhD project on EQ-5D response shift in knee arthroplasty."
batch-02,Agota Szende,A5002095623,accept,"The accented name, extensive health-economics record, and direct EQ-5D population-health publications align strongly with both population norms/inequities projects. The profile includes core EuroQol coauthors Bas Janssen and Juan Manuel Ramos-Goni."
batch-02,Akanksha Akanksha,A5101596594,hold,"The profile is substantially mixed: alongside two relevant EQ-HWB/QALY works, it contains extensive unrelated chemistry, medicinal-plant, engineering, coal, and glaciology publications. This is substantial name-collision contamination and cannot safely identify the EuroQol researcher."
batch-02,Aki Tsuchiya,A5015417862,accept,"Name and University of Sheffield affiliation match. The large, coherent health-economics record directly covers EQ-5D valuation, value sets, QALYs, and inequality preferences, with established EuroQol collaborators including John Brazier, Nancy Devlin, and Clara Mukuria."
batch-03,Alex Bató,A5009546494,accept,"Semmelweis profile is a coherent health-outcomes record: repeated EQ-5D measurement/validation studies, Hungarian SF-36 and PROMIS norms, and QOL research with Rencz and Brodszky directly fit the EQ-HWB projects."
batch-03,Alexander Arons,A5044999875,accept,"The record coherently supports a valuation-methods researcher: health-state valuation, QALY measurement, visual analogue scale recalibration, probabilistic choice models, and EQ-related quality-of-life work. The Krabbe coauthor cluster reinforces this fit."
batch-03,Alexander Geissler,A5089010455,hold,"Although the health-policy/hospital-payment papers could fit PROM dashboards, the profile is substantially mixed: a large neuroimaging/MRI coauthor cluster plus unrelated works from 1959 and 1965–68 are incompatible with one coherent researcher record."
batch-03,Alexander van Heusden,A5070658848,hold,"Recent adapted EQ-5D-Y papers fit the project, but the profile has substantial conflicting material: its dominant cardiac-arrest/cardiogenetics cluster has a separate dense coauthor network, alongside unrelated 1963 and 2007 obstetric works. Safe attribution is not possible."
batch-03,Alice Yu,A5055148154,hold,"This is a Chang Gung University molecular-oncology profile dominated by neuroblastoma, anti-GD2 immunotherapy, glycosylation, and leukemia research. It is incompatible with the CHERE member's EQ-5D valuation, DCE, and EQ-HWB project record."
batch-04,Andrea L. Monteiro,A5024494805,accept,"Her record directly supports health-state valuation: Brazilian EQ-5D-3L valuation, EQ-5D Brazilian norms, and multiple EQ-HWB development and psychometric studies, with recurrent EuroQol coauthors including Simon Pickard."
batch-04,Andrew Lenny,A5029564514,accept,"The record directly matches the Youth/Valuation project through a review of EQ-5D-Y and CHU-9D child/adolescent valuation methods, alongside health-utility research and recurring EuroQol health-economics coauthors Louise Longworth and Koonal Shah."
batch-04,Andrew Lloyd,A5031114648,accept,"A large, coherent health-utility and EQ-5D portfolio—including EQ-5D-5L development, interim scoring, EQ-5D cancer utilities, and ISPOR utility-method reports—matches the Acaster Lloyd affiliation and all three EuroQol projects."
batch-04,Ann Charlotte Egmar,A5037683865,accept,"The hyphenated name matches, and her child respiratory-health record includes the EQ-5D-Y development, multinational feasibility/reliability/validity study, and EQ-5D-Y-5L revision, directly consistent with the asthma pilot project."
batch-04,Anna Krabbe-Lugner,A5047866823,accept,"Anna K. Lugnér is a compatible name form, and the record includes a detailed 2020 review of time trade-off methods plus health-economic modelling; this directly supports the Revisit TTO valuation project."
batch-05,Annette Regan,A5010948852,accept,"Profile is Annette K. Regan and coherently focuses on pregnancy, postpartum health, and maternal vaccination/COVID research. Its work includes COVID-19 vaccination in pregnancy and pregnancy HRQoL-related studies, directly consistent with the EQ-5D-5L pregnancy/postpartum projects."
batch-05,Annushiah Vasan Thakumar,A5007225491,accept,"Exact name and Taylor's University profile with a coherent Malaysian health-utility and psychometrics record: Malaysian EQ-5D-5L valuation, Malay/Malaysian English EQ-5D-5L psychometric assessment, and Singapore EQ-5D-5L value-set work. This directly supports the Malaysian EQ-TIPS/EQ-5D-Y project."
batch-05,Antony Martin,A5070568819,hold,"Although the profile includes health-economics and haemophilia work, it shows substantial apparent name-collision contamination: a 1975 Zambia book, a 2007 network-mobility authentication paper, tomato heat-tolerance research, and nanoparticle imaging papers. The mixed record is unsafe to attribute."
batch-05,Arthur Attema,A5082166488,accept,"Profile is Arthur E. Attema at Erasmus University Rotterdam with a highly coherent EQ-5D valuation, TTO, time-preference, and behavioural health-economics record. It includes the supplied projects' topics and matching 2025 papers on episodic future thinking and perspective/duration/death in valuation."
batch-05,Arjun Bhadhuri,A5064578943,accept,"Exact-name University of Basel profile coherently combines health economics with EQ-5D measurement and caregiver/post-stroke aphasia research. Examples include EQ-5D-3L/5L measurement properties, health spillovers for family members, and economic evaluations of post-stroke aphasia therapy."
batch-06,Arto Ohinmaa,A5087246819,accept,"Exact name and University of Alberta affiliation; extensive health-economics and quality-of-life record includes the Canadian EQ-5D-5L value set and EQ-5D European valuation work, directly consistent with the listed EuroQol projects."
batch-06,Asrul Shafie,A5089160643,accept,"Name is consistent with Asrul Akmal Shafie at Universiti Sains Malaysia. The record is coherently health economics, pharmaceutical policy and patient outcomes, including Malaysia-focused work, and fits the Malaysian EQ-5D-5L valuation and workshop projects."
batch-06,Ataru Igarashi,A5071771037,hold,"Although the name, University of Tokyo affiliation, and Japanese EQ-5D value-set work fit, the profile includes clearly discordant 1969 respiratory anthropology, 1981 dental folklore, and 1984-85 gynecology infection records. This substantial cross-era, cross-field contamination makes safe attribution uncertain."
batch-06,Aureliano Finch,A5055927783,accept,"Exact expanded name and EuroQol Research Foundation affiliation. The research record is strongly and specifically EuroQol-focused, with EQ-5D bolt-on, EQ-5D-Y, and Italian EQ-5D-5L valuation publications that directly match the listed projects."
batch-06,Ava Hoogenboom,A5117116214,accept,Expanded name is consistent and the Erasmus University Rotterdam record contains two directly relevant 2025 EQ-5D-Y child-health valuation papers. The focused health-economics portfolio supports the listed Melbourne population-health research visit.
batch-07,Barbara Spady,A5032609556,accept,"Barbara Conner-Spady matches the supplied name and University of Calgary affiliation. Her record is coherent in orthopaedic outcomes and health-related quality of life, including multiple EQ-5D studies in hip and knee replacement."
batch-07,Bas Janssen,A5020933378,hold,"The profile is for Mathieu F. Janssen, not Bas Janssen. Although its extensive EQ-5D research fits the project evidence, the incompatible given name prevents safe attribution."
batch-07,Beata Koń,A5070682056,accept,The exact-name profile is affiliated with Poland's National Health Insurance Fund and has a coherent health-services and health-economics record. Its productivity-cost-of-illness publications directly support the supplied EQ-5D productivity project.
batch-07,Begashaw Melaku Gebresillassie,A5013305477,accept,"The profile exactly matches the name and has a coherent medicines, patient-outcomes, and health-related quality-of-life record. Its 2026 scoping review mapping HRQoL tools in Africa directly aligns with project 1591-RA."
batch-07,Ben Van Hout,A5032690231,accept,"Ben van Hout matches the supplied name and has a coherent health-economics and EQ-5D valuation record. Key works include the England EQ-5D-5L value set and international valuation protocols, directly consistent with both Valuation projects."
batch-08,Benedicte Lescrauwaet,A5076552397,accept,"Exact name; the Ghent University Hospital record includes inherited-retinal-disease EQ-5D-5L Vision bolt-on work and a coherent ophthalmology, outcomes, and cost-effectiveness portfolio."
batch-08,Benjamin Matthew Craig,A5029949490,accept,"Exact name, ORCID, and University of South Florida affiliation; extensive EQ-5D, health valuation, DCE, child-health, and preference-methods work directly matches the listed EuroQol projects."
batch-08,Bernhard Michalowsky,A5088093819,accept,"Exact name and a highly coherent dementia, caregiver, psychometric, health-economic, and German care-research portfolio, directly consistent with the listed EQ-5D dementia and ataxia projects."
batch-08,Bernhard Slaap,A5001372652,accept,"Exact name and EuroQol Research Foundation affiliation; the compact record is dominated by EQ-5D valuation, value sets, nomenclature, and valuation-study quality-control work."
batch-08,Birol Yetim,A5048427287,accept,"Exact name and a coherent Turkish health policy, health-system performance, efficiency, access, and health-related quality-of-life record, consistent with leading a Turkish EQ-5D-5L valuation study."
batch-09,Bram Roudijk,A5028508726,accept,"Exact name with Erasmus MC affiliation and a highly coherent EQ-5D valuation record, including Netherlands youth tariffs, EQ-5D-5L value sets, and established EuroQol coauthors such as Devlin and Stolk."
batch-09,Brendan Mulhern,A5090013218,accept,"Exact name and University of Technology Sydney affiliation. The large, coherent record centers on EQ-5D/EQ-HWB, psychometrics, health-state valuation and quality of life, with frequent EuroQol collaborators including Brazier, Devlin, and Viney."
batch-09,Brigitte Essers,A5056962219,accept,"The Maastricht University Medical Centre profile has a coherent clinical health-economics and quality-of-life record. It includes economic evaluations and patient-outcome research, consistent with contribution to the Dutch EQ-5D-Youth tariff project."
batch-09,Caitlyn Solem,A5090387330,accept,"Exact name with GlaxoSmithKline affiliation. The record is a coherent pharmaceutical health-outcomes and health-economic portfolio across oncology, respiratory disease, infection, and patient-reported quality-of-life studies."
batch-09,Camilla Falivena,A5014952669,accept,"Exact-name profile includes the directly matching 2024 Italian EQ-HWB/EQ-HWB-S content-validity article. Its health-technology assessment, cost-utility, and health-policy work is consistent with the stated Italian EQ-HWB project."
batch-10,Carlos Wong,A5041610413,accept,Carlos King Ho Wong has a Hong Kong health-economics/quality-of-life record consistent with the Hong Kong EQ-5D valuation and paediatric psychometric projects. The broad modern clinical portfolio is coherent with this setting; the few much older unrelated works do not outweigh the direct match.
batch-10,Cate Bailey,A5020867003,accept,"Exact University of Melbourne affiliation and multiple direct EQ-HWB validation papers, including caregiver content validity and EQ-HWB-9 validation, match her listed EQ-HWB projects. Health-economic quality-of-life work and coauthors Nancy Devlin, Kim Dalziel, and Tessa Peasgood support one coherent identity."
batch-10,Cathrine Elgaard Jensen,A5102727513,accept,"The exact name and Aalborg University affiliation align with a concentrated Danish health-preference and EQ-5D-5L valuation record, including Danish population preferences, the Danish EQ-5D-5L value set, and stability of Danish preferences over time. This directly matches the listed COVID-preferences project."
batch-10,Chris Sampson,A5002636040,accept,Exact Office of Health Economics affiliation and a predominantly health-economic/quality-of-life record support the match. Direct publications on candidate EQ-5D bolt-ons and hearing-related quality of life align with his hearing bolt-on and bolt-on conceptualisation projects; valuation work also matches the UK value-set activity.
batch-10,Christine Mpundu-Kaambwa,A5020619329,accept,"Exact distinctive name and University of Melbourne affiliation match a paediatric health-related quality-of-life and health-economics record. Her work on EQ-5D-Y child/proxy agreement, pictorial paediatric PRO approaches, and EQ-5D-Y value-set choice directly supports both listed Youth/Valuation projects."
batch-11,Ciaran O'Neill,A5016414995,accept,"Queen's University Belfast affiliation and extensive health-economics/HRQoL record align with the Irish EQ-5D-5L valuation project, including the 2025 HRQoL value-set taxonomy. The two unrelated book chapters are isolated among an otherwise coherent clinical economics portfolio."
batch-11,Claire Gudex,A5047944478,accept,"University of Southern Denmark affiliation, health-economics focus, and direct EQ-5D record strongly match the Danish EQ-5D-5L preference-weights project, including EQ-5D-5L development, measurement, valuation, and Danish preference studies."
batch-11,Clara Mukuria,A5043083823,accept,"University of Sheffield affiliation, dominant HRQoL/valuation record, frequent Sheffield health-economics collaborators, and multiple direct EQ-HWB and EQ-5D-5L studies consistently match all listed EuroQol projects."
batch-11,Corneliu Bolbocean,A5018646670,accept,"The profile includes a coherent health-outcomes/economics strand relevant to the project: 2025 HRQoL research in very-preterm adults, a 2022 HRQoL meta-analysis, and collaboration with Stavros Petrou. Its pediatric and developmental-health portfolio is compatible with EQ-5D-Y research."
batch-11,Cynthia L. Gong,A5101451604,accept,"Children's Hospital of Los Angeles affiliation, pediatric health-economic work, and direct EQ-5D-5L publications—including the US valuation study and a US COVID population survey—match the adolescent complex-care HRQoL project."
batch-12,Darshini Govindasamy,A5050754442,accept,"Exact-name South African Medical Research Council profile with a coherent HIV and adolescent-health record. Its work includes wellbeing measurement for adolescents living with HIV, directly consistent with the KwaZulu-Natal EQ-5D-Y project."
batch-12,David Mott,A5009132187,hold,"Although the recent health-economics and EQ-5D-Y work matches the projects, the profile also contains a distinct 1983–98 CT imaging and radiotherapy publication record. That unrelated body of work is substantial name-collision contamination."
batch-12,David Parkin,A5081956728,hold,"The EQ-5D and health-economics record with Nancy Devlin matches the project, but the profile also contains a substantial unrelated 1959–67 cosmic-dust/planetary-science record and unrelated communication/culture chapters. It is materially name-collision contaminated."
batch-12,David Whitehurst,A5045933977,accept,"David G. T. Whitehurst is affiliated with Simon Fraser University as supplied. The coherent health-economics, quality-of-life, cost-utility and medical-decision-making portfolio fits the member evidence; the isolated 1977 aquaculture letter is not substantial contamination."
batch-12,Deborah Marshall,A5049401142,accept,"Exact-name University of Calgary profile with a large, coherent health-economics and rheumatology portfolio, including adolescent/pediatric healthcare, rheumatoid arthritis and patient-preference methods. This is consistent with EQ-5D-Y-5L validation in juvenile idiopathic arthritis."
batch-13,Deborah Street,A5053497885,accept,"UTS affiliation, design/valuation expertise, and extensive EQ-5D work directly support the Valuation project. EuroQol coauthors include John Brazier and Brendan Mulhern; a small number of anomalous older records does not outweigh the coherent 187-work record."
batch-13,Des Scott,A5038664789,accept,"Name and University of Cape Town affiliation match. The record is coherently centred on EQ-5D-Y measurement in South African children and recent EuroQol EQ-DAPHNIE work, consistent with the EQ-HWB project."
batch-13,Dominik Golicki,A5035126117,accept,"Exact name and Medical University of Warsaw affiliation match. Numerous EQ-5D valuation, Polish value-set, EQ-5D-Y, and measurement-property works directly substantiate the supplied Poland-focused Valuation and Descriptive Systems projects."
batch-13,Donna Rowen,A5067226056,accept,"The health-utility and valuation record is highly coherent with the Sheffield EuroQol member: extensive EQ-5D, child/adolescent valuation, EQ-HWB, and mapping work, with frequent EuroQol collaborators John Brazier and Brendan Mulhern."
batch-13,Edward Webb,A5011344482,hold,"Although the Leeds affiliation and some EQ-5D valuation work fit, the 60-work profile is materially mixed: it includes Classical Review publications from 1897–99, a 1958 forecasting dissertation, and a 2011 Turkish national-history paper, clear name-collision contamination."
batch-14,Eleanor Pullenayegum,A5029465719,accept,"Exact-name profile coherently matches a SickKids/University of Toronto health economist-methodologist. It includes EQ-5D-5L Canada and US valuation papers, health-utility modelling, and repeated valuation-focused work with Feng Xie; varied clinical studies fit a biostatistical collaboration portfolio."
batch-14,Elena Olariu,A5018887750,accept,"Exact-name profile directly contains the Romania EQ-5D-5L value-set paper, Romanian EQ-5D-3L/5L population norms, and the Romania general-population/Roma HRQoL protocol. These align precisely with the supplied Romanian EQ-5D valuation project; the wider mental-health and health-economic record is coherent."
batch-14,Eliza Wong,A5033480820,accept,"The specific name variant Eliza Lai-Yi Wong, Hong Kong-centered public-health record, and substantial HRQoL and valuation research are consistent with the supplied Hong Kong EQ-5D-Y value-set project. Its broad chronic-care, patient-experience, and health-preference portfolio remains coherent rather than indicating a collision."
batch-14,Elly Stolk,A5033903811,accept,"Exact-name profile is overwhelmingly focused on EQ-5D health-state valuation, DCEs, TTO, value-set quality control, and EQ-5D-Y work. Its leading coauthors and the Dutch tariff, international valuation protocol, and current EuroQol-instrument publications directly match the Foundation affiliation and listed projects."
batch-14,Elske van den Akker-van Marle,A5032469209,accept,"The distinctive full-name profile and Leiden University Medical Center affiliation match. Its coherent health-economics, quality-of-life, preference, cost-effectiveness, and value-based-healthcare portfolio supports the supplied EQ-5D descriptive-systems and dementia/wellbeing research; clinical applications are consistent, not collision evidence."
batch-15,Emelie Heintz,A5052327641,accept,"The exact-name Stockholm health-economics profile is strongly aligned with EQ-5D research: it includes EQ-5D-3L/5L validity, QALY weights, and health-technology evaluation. The broad Swedish clinical portfolio is coherent with outcomes and cost-effectiveness work."
batch-15,Emily McDool,A5006458172,accept,"Exact-name University of Sheffield profile directly matches all listed EQ-HWB and EQ-5D work: it includes EQ-HWB-S valuation and psychometric studies, the EQ-HWB-9 population validity study, and repeated collaboration with Mukuria, Rowen, Brazier, and Carlton."
batch-15,Eri Hoshino,A5068533812,hold,"Although the record includes recent preference-measure and caregiver quality-of-life work, it contains substantial incompatible material spanning inorganic air-sample chemistry, veterinary VDR pharmacology, renal biology, salivary-gland oncology, and cardiothoracic surgery. This supports name-collision contamination, so it is unsafe to assign to the EQ-5D-Y valuation researcher."
batch-15,Erica Lubetkin,A5037314317,accept,"Erica I. Lubetkin's exact-name CUNY profile is a long, coherent EQ-5D and population health-related quality-of-life record. It includes EQ-5D US-population analyses and mapping, current EQ-DAPHNIE papers, and recurring EuroQol collaborators Janssen, Haagsma, and Bonsel."
batch-15,Ernest Law,A5040405517,accept,"Ernest H. Law's exact-name Pfizer profile is a coherent pharmaceutical outcomes portfolio spanning oncology and dermatology, with direct EuroQol evidence including US EQ-5D-5L valuation and parallel EQ-5D-3L/5L valuation. The isolated 1917 record is an obvious minor outlier, not substantial contamination."
batch-16,Erwin Birnie,A5023843843,accept,"Exact name and UMC Groningen affiliation; a coherent outcomes/health-economics record across clinical studies includes EQ-5D version comparison and recent EQ-5D-5L psychometrics, consistent with the Capacity-2 outcomes-research project."
batch-16,Fanni Rencz,A5024021740,accept,"Exact name and Hungarian health-policy/health-economics record consistent with the stated affiliation. Extensive EQ-5D work includes Hungarian EQ-5D-3L/5L valuation, psoriasis measurement properties, EQ-5D in Central/Eastern Europe, and current bolt-on studies matching multiple listed projects."
batch-16,Fatima Al Sayah,A5026033494,accept,"Exact name and University of Alberta affiliation. The profile is coherently centered on health-related quality of life, PROMs, and EQ-5D, including UAE EQ-5D-5L valuation, EQ-DAPHNIE papers, Arabic-speaking populations, and EQ-5D-5L minimally important differences."
batch-16,Fan Yang,A5056976700,hold,"Although part of the record fits EQ-5D and renal quality-of-life research, it contains substantial incompatible contamination: 2025 works span memristor logic, lung-imaging AI, spine injury, esophageal case report, Kawasaki disease, and pelvic ultrasound. This is not a safely coherent single profile."
batch-16,Eszter Szlávicz,A5086041403,accept,"Exact name with a focused Hungarian dermatology/psychodermatology record. The profile includes qualitative content-validity work on EQ-5D-5L skin irritation and self-confidence bolt-ons in atopic dermatitis, directly aligned with the EQ-TIPS chronic skin-disease project."
batch-17,Federico Augustovski,A5053077563,accept,"Exact name and IECS affiliation; health-economic and quality-of-life portfolio directly matches EuroQol work, including EQ-HWB-9 content validity, HRQoL/QoL conceptual mapping, and EQ-5D valuation collaboration."
batch-17,Feng Xie,A5102994482,hold,"Although the profile includes McMaster health-economics coauthors and EQ-5D valuation work, it has substantial incompatible name-collision contamination: historical echocardiography plus numerous recent Chinese oncology, transplant, and clinical-trial records; reported affiliation is Qingdao University rather than McMaster."
batch-17,Fernando Argento,A5021426515,accept,"Exact name and IECS affiliation, with frequent IECS/EuroQol collaborators Federico Augustovski and Andrés Pichón-Rivière. Record includes EQ-HWB-9 Argentine content validity, EQ-HWB psychometric work, and HRQoL/QoL conceptual mapping; the broader clinical evidence-synthesis portfolio is coherent."
batch-17,Fredrick Purba,A5059806422,accept,"Name variant Fredrick Dermawan Purba and Padjadjaran University match. The record is centered on EQ-5D/EQ-HWB measurement and valuation, including the Indonesian EQ-5D-5L value set, Indonesian population norms, paediatric EQ-5D-Y comparison, and EQ-DAPHNIE work."
batch-17,Gerard De Pouvourville,A5085975930,accept,"Exact accented-name variant and coherent French health-economics record. Directly supports the supplied valuation project through 'Valuing EQ-5D using Time Trade-Off in France' and 'A French Value Set for the EQ-5D-5L,' alongside health technology assessment and pharmaceutical-economics work."
batch-18,Girma Tekle Gebremariam,A5008650274,accept,"Exact full name and Addis Ababa University affiliation; coherent Ethiopian HRQoL/cervical-cancer portfolio, including cervical-cancer quality-of-life validation and patient studies matching the project."
batch-18,Gerkens Sophie,A5063513647,accept,"Exact name and KCE health-policy/economic-evaluation record; includes the 2022 article 'An EQ-5D-5L Value Set for Belgium,' directly matching the Belgium valuation project."
batch-18,Goitom Molalign Takele,A5009462612,accept,"Exact full name and Mekelle University affiliation; Ethiopian health-services and diabetes record with recent work on generic HRQoL instruments for children/adolescents in LMICs, consistent with the EQ-5D-Y projects."
batch-18,Gouke Bonsel,A5047977076,accept,"Name variant Gouke J. Bonsel has a large, coherent EQ-5D/HRQoL and valuation record, including EQ-5D-5L and EQ-5D-Y development papers and trauma, pregnancy and Long COVID work matching the projects."
batch-18,Gisela Cristiane Miyamoto,A5024629360,accept,"Exact full name and Brazilian affiliation; coherent rehabilitation, economic-evaluation and HRQoL record, including a 2025 study comparing EQ-5D-Y-3L, EQ-5D-Y-5L and CHU9D in children."
batch-19,Guangjie Zhang,A5030831609,hold,"Profile has one EuroQol EQ-HWB/EQ-5D-5L paper and Busschbach coauthorship, but the record is substantially dominated by unrelated composting, food science, phytochemistry, agriculture, and an oil-and-gas paper, indicating name-collision contamination."
batch-19,Hannah Hussain,A5015275165,accept,"Office of Health Economics profile is coherent with the cognition bolt-on project: extensive HRQoL, EQ-5D-5L, dementia psychometrics and utility-mapping work, with repeated coauthorship with established EQ researchers Keetharuth, Rowen, Wailoo, Elliott, and Camacho."
batch-19,Hannah Penton,A5056335393,accept,"Profile directly matches the named EuroQol work: publications on EQ-5D-5L differential item functioning using IRT/logistic regression, psychometric assessment in older adults, and atopic-dermatitis outcome-measure psychometrics. The HRQoL portfolio is coherent."
batch-19,Haode Wang,A5073060343,accept,"Shanghai Medical Information Center profile is a coherent health-economics record matching the EQ-HWB project: valuing health and wellbeing by discrete choice experiment, health-preference and vaccine-preference studies, plus coauthorship with Donna Rowen. The small portfolio is internally consistent."
batch-19,Harri Sintonen,A5032927955,accept,"University of Helsinki affiliation exactly matches. The large, coherent health-economics and HRQoL record includes foundational 15D work, EQ-5D valuation, QALY effectiveness, and Finnish EQ-5D population research, all consistent with the named EuroQol researcher."
batch-20,Hsiang-Wen Lin,A5003956817,accept,"China Medical University profile has a consistent pharmacy, outcomes and health-utility record, including EQ-5D studies and Taiwan nationwide EQ-5D-Y valuation work. EQ-5D coauthors A. Simon Pickard and Nan Luo further support the Taiwan valuation identity."
batch-20,Hesam Ghiasvand,A5011771775,accept,"The University of Warwick profile is a coherent health-services, economic-evaluation and quality-of-life record. Its applied health-technology-assessment work is consistent with the EQ-5D vision bolt-on content-validity project; no incompatible identity evidence is supplied."
batch-20,Helen Harcombe,A5081829233,accept,"University of Otago record is a coherent New Zealand injury, occupational-health and musculoskeletal portfolio. Its strong Sarah Derrett coauthorship and prospective worker/injury cohort studies fit the NZ EQ-5D behavioural-risk project."
batch-20,Henry Bailey,A5090969739,accept,"The University of the West Indies profile has an EQ-5D valuation and health-economics record, including the exact head-on EQ-VT/crosswalk study and Trinidad and Tobago value-set work. Paul Kind and other EuroQol coauthors corroborate the identity."
batch-20,Hilton Lam,A5071601943,accept,"The University of the Philippines Manila profile is coherently public-health and health-economic, with quality-of-life and cost-effectiveness work in the Philippines. The small EQ-5D topic cluster supports the Philippine EQ-5D-5L valuation project."
batch-21,Ilan Koppen,A5031557006,accept,"Exact name and Emma Kinderziekenhuis affiliation; the profile is a coherent pediatric gastroenterology record. It includes pediatric functional-constipation quality-of-life research, directly consistent with the EQ-5D-Y pediatric gastroenterology project."
batch-21,Ilias Goranitis,A5023451391,accept,"Exact name and a coherent health-economics, quality-of-life, and rare-genomics record at the University of Melbourne. The profile includes a rare-genetic-conditions study of generic quality-of-life measures, directly matching the supplied psychometric project."
batch-21,Ines Buchholz,A5043257626,accept,"Exact name and a quality-of-life/psychometrics record at Universität Hamburg. It contains the EQ-5D-5L measurement-properties systematic review and the 2025 German skin, self-confidence, and social-health EQ-5D-5L bolt-on study matching both projects."
batch-21,Irina Kinchin,A5054485095,accept,"Exact name and a coherent Trinity College Dublin health-economics, quality-of-life, dementia, and palliative-care record. The 2025 Value in Health article comparing EQ-HWB, EQ-5D-5L and ICECAP-A in Ireland directly matches the supplied project."
batch-21,Iwan van der Horst,A5024802434,accept,"The exact-name profile is a large, coherent critical-care/ICU record, with extensive work on sepsis, cardiopulmonary support, and ICU outcomes. That specialty directly fits the supplied ICU proxy quality-of-life interview project; no conflicting identity signal is supplied."
batch-22,Jahangir Khan,A5052565475,hold,"The Bangladesh health-economics work fits the value-set projects, but the profile also includes several unrelated 2025 AI/cybersecurity and medical-imaging papers plus much older Pakistan biomedical work. This is substantial name-collision contamination, so it is not a safely coherent identity."
batch-22,James Shaw,A5055862397,hold,"The EQ-5D valuation and health-economics record fits James W. Shaw, but the profile also contains clearly incompatible 1926–77 endocrine/pancreatic works and a sizeable criminal-justice thread. These indicate substantial name-collision contamination, preventing safe inclusion as one coherent profile."
batch-22,Jan Abel Olsen,A5052181611,accept,"Exact name and UiT affiliation align with the supplied member evidence. The dominant record is health economics, preferences, QALYs, EQ-5D-5L and quality-of-life inequalities, with coauthors Paul Dolan, Jeff Richardson and Gang Chen; it directly supports the listed EQ-5D projects."
batch-22,Jan Busschbach,A5020122364,accept,"Exact name, Erasmus MC affiliation, and extensive EQ-5D research align directly with the member and valuation-project evidence. Key works cover EQ-5D-5L/3L measurement, interim scoring, Dutch tariff and valuation studies; the wider transplant and mental-health portfolio remains coherent with HRQoL research."
batch-22,Jan Faller,A5043601549,accept,"The exact-name Monash Health profile is a coherent health-economics record. Work on generic preference-based measures, informal carers, cost-effectiveness and mental-health interventions, with established health-economics coauthors, fits the supplied EuHEA/IHEA travel-scholarship evidence."
batch-23,Jan Heijdra Suasnabar,A5050459768,accept,"Exact name and Leiden University Medical Center affiliation; the record includes HRQoL measurement research and health-economic work, with Brendan Mulhern as a coauthor, coherently supporting the EQ-5D-5L older-populations project."
batch-23,Jan Henrik Terheyden,A5069023369,accept,"Exact name and University of Bonn affiliation. The dominant, cohesive record is ophthalmology/retinal disease with vision-related quality-of-life studies, directly consistent with EQ-5D-5L vision bolt-ons in macular degeneration and diabetic eye disease."
batch-23,Jan Verhaar,A5035697100,accept,"The Erasmus MC orthopaedic record is strongly coherent with the registry-based EQ-5D inequalities project: extensive hip/knee arthroplasty and osteoarthritis research, including a 2025 study of socioeconomic inequalities in PROMs among arthroplasty patients."
batch-23,Janine van Til,A5070605387,accept,"Exact name and University of Twente affiliation. The profile consistently covers health economics, quality of life, preferences, and patient-reported/shared decision-making outcomes, matching the project's clinical value and prediction of EQ-5D outcomes."
batch-23,Janine Verstraete,A5006452129,accept,"Exact name and University of Cape Town affiliation; extensive direct EQ-5D-Y, EQ-5D-Y proxy, TANDI, and young-child HRQoL research aligns closely with the listed Youth projects. The core contemporary record and EuroQol coauthors are coherent."
batch-24,Jennifer Jelsma,A5064611767,accept,"Exact name and University of Cape Town affiliation; extensive coherent rehabilitation and child HRQoL record includes EQ-5D-Y development, validation, and recent EQ-TIPS work, directly matching the supplied Youth projects."
batch-24,Jenny Downs,A5045593878,accept,"Exact name; a large, coherent paediatric neurodevelopmental and intellectual-disability research record, including Rett/CDKL5 and disability support, directly supports the EQ-5D-Y intellectual-disability project."
batch-24,Jeremy Dietz,A5078556304,accept,"Exact name and NICE affiliation; the compact record is consistently health-technology assessment and economic evaluation, including cost-utility methods and NICE social-care outcomes work, consistent with EQ-HWB applications in HTA."
batch-24,Jermaine Dambi,A5081348197,accept,"Name variant Jermaine M. Dambi at the University of Zimbabwe; coherent Zimbabwe health, rehabilitation, HIV and digital-health portfolio includes a 2026 EQ-5D-5L Shona digital-versus-paper equivalence study and coauthorship with Jennifer Jelsma."
batch-24,Jeshika Singh,A5036902866,accept,"Exact name; sustained health-economics and preference/HRQoL record with frequent coauthor Louise Longworth includes EQ-5D psychometric review, valuation studies, and EQ-5D-5L analysis, matching the supplied valuation project."
batch-25,Jessica Roydhouse,A5010221662,accept,"Recent EQ-HWB proxy-in-dementia work directly matches her project, and the wider record coherently centers on patient-reported outcomes, quality of life, oncology, and respondent burden."
batch-25,Jia Jia Lee,A5050544932,accept,"The record contains EQ-5D-5L Singapore norms and health-related quality-of-life research in obesity, bariatric care, and children; this is coherent with the proposed EQ-HWB and EQ-5D-Y projects."
batch-25,Jiabi Wen,A5001767251,accept,"The profile includes the exact EQ-DAPHNIE country-related DIF abstract named in the project, plus EQ-5D-5L mapping, EQ-5D-Y-5L validation, and Alberta quality-of-life/economic-evaluation work."
batch-25,Jill Carlton,A5051490866,accept,"University of Sheffield profile is strongly coherent in preference-weighted measures, health-state valuation, patient involvement and EQ-HWB; it includes the exact content-validity review protocol and relevant valuation research."
batch-25,Jiyoung Park,A5100409602,hold,"This 261-work profile is substantially mixed: it combines fiber-optics, transport, corporate governance, music education, pharmacology, psychology and health work. It shows no EQ-5D-Y or psychometric record tying it safely to the project."
batch-26,Josephine Walker,A5038317615,hold,"Although the name is similar, the record is chiefly a Bristol hepatitis C/HIV transmission and infectious-disease modelling portfolio, not EQ-5D valuation; it also contains incompatible 1925 and 1962–69 biomedical works, indicating substantial profile contamination."
batch-26,John Hartman,A5108501222,hold,"The selected profile is explicitly Karen Hartman, not John Hartman. Its social-work, library-guide, psychology, and cardiology record has no coherent connection to the GSK valuation-project evidence."
batch-26,John Brazier,A5007276743,hold,"The health-economics and EQ-5D record is plausible, but the profile is substantially mixed: it includes 1874–77 Australian mollusc/taxonomy papers and a 2025 biochemistry meeting report, incompatible with the Sheffield health-economics identity."
batch-26,Jose Luis Pinto-Prades,A5017788431,accept,"The near-exact accented name and Navarra affiliation align with a coherent health-economics/valuation record. Numerous examples directly concern EQ-5D tariffs, EQ-5D-5L valuation, QALYs, stated preferences, and time/preference methods."
batch-26,John Yfantopoulos,A5050078092,accept,"Exact name and University of Athens affiliation align. The record is coherently health economics and includes Greek EQ-5D validity and EQ-5D-3L/5L psychometric studies, directly consistent with valuation of the EQ-5D-5L in Greece."
batch-27,Joshua Bonsel,A5090783923,accept,"Joshua M. Bonsel at Erasmus MC has a coherent orthopaedic PROM/EQ-5D record, including EQ-5D studies in arthroplasty, scoliosis, and socioeconomic inequalities that directly match his orthopaedic clinical-practice and registry projects."
batch-27,Juan Cabasés,A5039017875,accept,"Juan Manuel Cabasés Hita has a long, coherent health-economics and quality-of-life record, including Spanish EQ-5D-5L validity norms, EQ-5D-5L valuation, and cross-country EQ-5D surveys; this fits the named economics-affiliated EuroQol researcher."
batch-27,Juan M. Ramos-Goñi,A5047957689,accept,"Juan Manuel Ramos-Goñi's profile is directly aligned: extensive EQ-5D valuation, protocol, quality-control, population-norm, and utility-calculation work, with EuroQol valuation coauthors, matches his Maths in Health affiliation and listed valuation/tool projects."
batch-27,Juan Pedro Alonso,A5109481311,hold,"The chosen profile is María del Mar Alonso Montejo, not Juan Pedro Alonso. Its record concerns paediatric diabetes, neonatal care, thrombosis, and case reports, with no supplied evidence connecting it to the Argentina EQ-5D response-scale project."
batch-27,Juanita Haagsma,A5060133399,accept,"Juanita A. Haagsma at Erasmus MC has a coherent trauma, injury, health-outcomes, and quality-of-life record. Her substantial work on injury recovery, health impact, and EQ-5D-relevant outcomes fits the extensive Erasmus MC EuroQol descriptive-systems and COVID projects."
batch-28,Judith Bosmans,A5016039203,hold,"Although the modern record is a coherent Dutch health-economic portfolio relevant to EQ-5D valuation, it includes clearly incompatible historical works from 1974, 1982, 1988, and 1994 on fungi and other unrelated clinical topics. This is substantial name-collision contamination, so the profile is unsafe to include."
batch-28,Julie Ratcliffe,A5070505553,accept,"Exact name, Flinders affiliation, and a strongly coherent health-economics and aged-care quality-of-life record fit the project. Specific works include EQ-5D-5L South Australian population norms, Australian EQ-5D weights, generic preference-based instruments in older care settings, and aged-care quality-of-life research."
batch-28,Juntana Pattanaphesaj,A5040546783,accept,"Exact name and a focused Thai health-economics/EQ-5D record directly match the project. The profile includes The EQ-5D-5L Valuation study in Thailand, Thai EQ-5D-5L versus 3L work, Asian EQ-5D valuation comparisons, and a relevant Ministry of Public Health affiliation."
batch-28,Katie Page,A5103147397,hold,"The supplied person is Katie Page, but the profile display name is Karen Page, an incompatible given name. Its broad record is chiefly cardiac, pregnancy, cancer, and other clinical research; one hearing quality-of-life review is insufficient to establish it as the named researcher or the cognitive/visual-impairment project investigator."
batch-28,Katie Spencer,A5073760994,accept,"Exact name, University of Leeds affiliation, and a coherent cancer/palliative-radiotherapy portfolio fit the palliative-care EQ-5D outcome project. Relevant examples include Palliative radiotherapy and a population-based study of 30-day mortality in adult palliative radiotherapy; core coauthors and topics are consistently oncology-focused."
batch-29,Katy Gallop,A5091811569,accept,"Exact-name profile is a patient-reported outcomes and HRQoL researcher at Lloyd's, with repeated work on conceptual models and quality of life across diseases; its health-economic/QoL focus aligns with the EQ-5D bolt-on projects."
batch-29,Kelly de Ligt,A5000687889,accept,"Exact-name Tilburg profile has a coherent cancer survivorship and HRQoL record, including 2025 melanoma HRQoL and patient-reported outcome implementation studies, directly consistent with screening emotional distress in advanced melanoma."
batch-29,Kidu Gidey,A5040157120,accept,"Exact-name Mekelle University profile explicitly includes the 2025 systematic review 'Health-related quality of life in COVID-19 patients: a systematic review and meta-analysis of EQ-5D studies,' matching the supplied project."
batch-29,Kim Dalziel,A5078953009,accept,"Exact-name Melbourne profile has sustained paediatric HRQoL and health-economics work, including EQ-5D-Y-5L feasibility research and paediatric PROM comparisons, consistent with the supplied EQ-5D-Y projects."
batch-29,Kim Rand,A5041551368,accept,"Exact name and Akershus University Hospital affiliation match the member evidence. The core record is extensive EQ-5D valuation and health-economics work, including EuroQol TTO protocols, national EQ-5D-5L value sets, and valuation modelling."
batch-30,Knut Stavem,A5033845511,accept,"Exact name, Norwegian institutional context, and extensive quality-of-life/EQ-5D record are consistent. The profile contains the supplied project title, ""Validity of EQ-5D-5L breathing and cognition bolt-ons in non-hospitalized patients after COVID-19"", directly confirming the identity."
batch-30,Kompal Sinha,A5026880787,accept,"Exact name and a coherent health-economics and socioeconomic research portfolio support the match. The record includes quality-of-life valuation work (AQoL-8D and adolescent AQoL-6D) alongside India-focused poverty, food, and inequality research, consistent with the India EQ-5D project."
batch-30,KM Vermeulen,A5110324582,accept,The initials match exactly and the Groningen clinical record coherently includes health-related quality-of-life measurement and cost-effectiveness studies. Its patient-outcomes focus is consistent with the supplied Descriptive Systems project on selecting health attributes.
batch-30,Koonal Shah,A5083575745,accept,"Exact name and NICE affiliation match. The extensive EuroQol valuation portfolio directly covers EQ-5D-5L value sets, EuroQol TTO protocols, EQ-5D-Y valuation, child/adolescent health states, and the conceptual valuation themes of the supplied projects."
batch-30,Klas Goran Sahlen,A5069574274,accept,"The exact accented name matches, and the record is a coherent Swedish health-economics and quality-of-life portfolio, including EQ-5D-5L valuation work (Vietnam) and Swedish health outcomes research, consistent with the Swedish EQ-5D-5L value-set project."
batch-31,Kristina Burström,A5005862614,accept,"Karolinska Institutet profile is strongly coherent with the Swedish EQ-5D project: extensive EQ-5D valuation, Swedish population and register-based quality-of-life studies, and EuroQol coauthors including Paul Kind and Nancy Devlin."
batch-31,Kristina Ludwig,A5035184665,hold,"Although the Bielefeld EQ-5D valuation record matches, the profile includes incompatible 1965–69 food-emulsifier publications and a 2002 brain-injury paper, indicating name-collision contamination in the combined record."
batch-31,Kristina Secnik Boye,A5039006946,accept,"The Eli Lilly affiliation, Kristina S. Boye name variant, and sustained diabetes outcomes/utility research are coherent, including EQ-5D valuation, health-related quality-of-life, and treatment-utility publications."
batch-31,Lan Gao,A5043687438,hold,"The Deakin health-economics and stroke portfolio partly fits the projects, but the profile also contains incompatible 2004–07 cardiac-anesthesia and traditional-Chinese-medicine works, showing name-collision contamination."
batch-31,Lars Ehlers,A5054828864,hold,"While the Danish EQ-5D-5L valuation publications fit the project, the profile also contains incompatible 1997 dementia, 1999 internet-history, 2000 intranet, and 2025 German bioterrorism works, indicating substantial merged-identity contamination."
batch-32,Leida Lamers,A5091647381,hold,"The EQ-5D, Dutch tariff, health-economics works and relevant coauthors fit, but the record has substantial unrelated contamination: PEM electrolyzer engineering (2024), cardiac pump physiology (1983), and equine lameness studies."
batch-32,Lidia Engel,A5039737173,accept,"Exact-name profile coherently matches her Monash health-economics and PROMs work: EQ-HWB development, caregiver spillovers, aged-care research, and frequent collaboration with Mulhern, McCaffrey, and other relevant researchers."
batch-32,Lina Maria Serna Higuita,A5022647682,hold,"Although the exact name and medical-informatics affiliation are present, the record is overwhelmingly renal/transplant/dialysis research with nephrology coauthors. It provides no clear EQ-5D, cancer distress, or PROMs connection to the supplied project."
batch-32,Ling Jie Cheng,A5082193621,hold,"Recent EQ VAS and health-related quality-of-life work aligns, but the profile contains substantial incompatible name-collision material, including 2000 guinea-pig cholecystitis, 2006 microfluidics, 2009 sheep osteopenia, and 2012 rat studies."
batch-32,Ling-Hsiang Chuang,A5057802030,accept,"The profile is coherent with EuroQol valuation and descriptive-systems work: EQ VAS framework, EQ-5D index prediction, EQ-5D population trends, TTO values, and SF-12-to-EQ-5D conversion, alongside an appropriate health-economics network."
batch-33,Liv Ariane Augestad,A5054297438,accept,"Exact name and University of Oslo affiliation; a coherent health-economics and EQ-5D valuation record, including Norwegian EQ-5D population norms, EQ-VT values, and collaborations with Kim Rand and Knut Stavem."
batch-33,Louise Longworth,A5046647690,accept,"Exact name and Arrow affiliation; extensive coherent health-economics/EQ-5D record with UK HTA work, EQ-5D studies, and frequent EuroQol-linked coauthors including Brazier, Rowen, Mulhern, Tsuchiya, and Devlin."
batch-33,Lucila Rey Ares,A5045433583,accept,Exact name; Argentine health-economics record includes the specified population-health evidence: Self-Reported Health Status and EQ-5D-3L Values of the Argentine Population. Broader Latin American cost-effectiveness work is coherent with the projects.
batch-33,Lucky Ngwira,A5063482306,accept,"Name is compatible as Lucky G. Ngwira; Malawi-based public-health record coherently combines TB/HIV/COVID research with health-related quality-of-life and economic-evaluation work, consistent with the Chichewa EQ-TIPS and sub-Saharan Africa projects."
batch-33,Luis Rajmil,A5000326162,accept,"Name is compatible as Luís Rajmil; a coherent child/adolescent health-related quality-of-life and psychometrics record, including KIDSCREEN validation and pediatric PRO research, supports the EQ-5D-Y project."
batch-34,madeeha malik,A5053689562,accept,The profile is a Pakistan-based pharmaceutical policy and outcomes researcher and includes the 2025 Pakistani stakeholder study on measuring and valuing child/adolescent health-related quality of life. This directly aligns with her Pakistan EQ-5D/EQ-5D-Y valuation projects.
batch-34,Marcel Jonker,A5063358434,accept,"The Erasmus University Rotterdam profile is a coherent EQ-5D valuation and discrete-choice-methods record. Recent works cover EQ-5D-3L value sets, DCE with duration, nonlinear time preferences, and direct DCE/cTTO comparisons, matching his extensive valuation projects."
batch-34,Maja Kuharic,A5007210675,accept,"The Northwestern University affiliation matches exactly, and the record contains multiple core EQ-HWB publications: its development, item validation, comparison with EQ-5D, and studies in Italian and US caregiver populations. Coauthors include established EQ-HWB collaborators."
batch-34,Malin Regardt,A5010406225,accept,"The Karolinska rheumatology record is coherent, centered on inflammatory myopathies, patient-reported outcomes, and quality of life. It includes the Swedish-register study evaluating EQ-5D-3L and EQ VAS for ankylosing spondylitis, directly matching her project."
batch-34,Maksat Jumamyradov,A5067862987,accept,"This compact, coherent health-valuation/econometrics record includes the exact 2024 article 'Scale and rate heterogeneity in the EQ-5D-5L valuation,' directly matching project 1716-TVG, plus EQ-5D-Y valuation and DCE-methods work."
batch-35,Margreet Franken,A5089696059,accept,"M Franken at Radboud has a coherent health-economics and melanoma record, including the 2024 abstract “Validity of EQ-5D-3L and EQ-5D-5L Using the Fact-M in Patients With Advanced Melanoma,” directly matching project 196-RA."
batch-35,Marisa Da Santos,A5070231679,accept,Marisa Santos matches the stated Instituto Nacional de Cardiologia affiliation and has a coherent Brazilian quality-of-life/health-economics record. The 2025 Dara Project article using EQ-HWB-9 and EQ-5D-5L directly matches project 1445-RA.
batch-35,Mark Oppe,A5023709885,accept,"Exact name with a sustained EQ-5D valuation and health-economics record, including EQ-5D-5L valuation protocol, quality-control, and EQ-5D-Y valuation work. Coauthors and Erasmus MC affiliation are coherent with the listed EuroQol valuation projects."
batch-35,Mark Sculpher,A5060049178,accept,"Exact name, University of York affiliation, and a large coherent health-economics record (cost-effectiveness, QALYs, valuation and HTA) are consistent with the EQ-5D-5L valuation project."
batch-35,Martijn Doeleman,A5038383689,accept,"Martijn J. H. Doeleman at Utrecht has a focused juvenile idiopathic arthritis record. His 2025 dissertation exactly matches project 2101-EO, and the profile includes JIA quality-of-life monitoring using EQ-5D-5L-Y."
batch-36,Martin Härter,A5048738092,accept,"Universität Hamburg profile is a coherent mental-health, patient-centred communication and quality-of-life record, including SDM-Q-9 psychometrics and health-systems/QoL work consistent with the EQ-5D project."
batch-36,Martine Hoogendoorn,A5033706754,accept,"Erasmus MC profile centres on COPD and health economics and includes the exact 2021 EQ-5D-5L Plus Respiratory Bolt-On Birmingham COPD Cohort paper, directly matching both respiratory bolt-on projects."
batch-36,Marufa Sultana,A5035318354,accept,"Deakin University profile coherently covers Bangladeshi child health, healthcare use and health economics/quality of life, consistent with the Bangladesh child and EQ-TIPS/EQ-5D-Y projects."
batch-36,María Belizán,A5058351382,accept,"IECS profile has a coherent Argentine health-outcomes and maternal-health record, including EQ-HWB development, EQ-HWB psychometric work, and 2026 Argentinean EQ-HWB-9 content validity."
batch-36,Matthijs Versteegh,A5086031530,accept,"Profile is a coherent Dutch health-economics and EQ-5D valuation record: it includes the Dutch EQ-5D-5L tariff, time trade-off research, mapping to EQ-5D, and frequent coauthorship with Simone Huygens."
batch-37,Maureen Rutten-van Molken,A5010272673,accept,"Exact name and Erasmus University Rotterdam affiliation; extensive health-economics, quality-of-life, and utility-measurement record aligns with the EQ-5D-5L+R valuation project."
batch-37,Meixia Liao,A5079423723,accept,"Exact name and National University of Singapore affiliation; multiple EQ-5D valuation, value-set, bolt-on, and psychometric papers with Nan Luo align directly with the dissemination project."
batch-37,Michael Herdman,A5006750775,accept,"Exact name, ORCID, and a strongly EuroQol-specific record: development of EQ-5D-5L and EQ-5D-Y, EQ-5D comparison studies, and collaborations with Devlin and Luo directly fit both projects."
batch-37,Michał Jakubczyk,A5015781187,accept,"Exact name and SGH Warsaw School of Economics affiliation; the record includes Polish EQ-5D 3L and 5L value sets plus recent time-trade-off, worse-than-dead, and bolt-on valuation studies matching the projects."
batch-37,Michela Meregaglia,A5038451583,accept,"Exact name and Bocconi University affiliation; EQ-5D-5L Italian value-set and population-norms work, alongside broad quality-of-life and health-technology-assessment research, directly support both supplied projects."
batch-38,Mihretab Gebreslassie,A5085631323,accept,"The exact name and Stockholm County Council affiliation align, and the record coherently centers on health economics, HRQoL, health inequalities, and population EQ-5D research, including a population-based EQ-5D-3L study."
batch-38,Mimmi Åström,A5055089597,accept,"The exact Karolinska affiliation, repeated collaboration with Kristina Burström, and cohesive EQ-5D-Y work on Swedish adolescent norms, valuation, label development, and psychometrics directly match all supplied Youth projects."
batch-38,Mihir Gandhi,A5087601665,hold,"Although the Duke-NUS affiliation and several quality-of-life collaborations fit, the profile includes clearly unrelated 1979 veterinary xanthine-oxidase papers, 1994 renal cell biology, and diverse surgical/oncology records, indicating substantial name-collision contamination."
batch-38,Milad Karimi,A5076374306,hold,"The EQ-5D valuation papers and EuroQol coauthors fit, but the profile also contains a distinct cluster of mineral-extraction/electrochemistry papers plus unrelated leukemia and theology works. This is substantial mixed-identity contamination despite the relevant core."
batch-38,Min-Joo Woo,A5028665396,hold,"The chosen profile is named Woo-Jung Song, not Min-Joo Woo, and its extensive record is focused on asthma, chronic cough, and respiratory medicine rather than EQ-5D valuation. The name and research record are incompatible."
batch-39,Min-Woo Jo,A5015763173,accept,"Exact name and Ulsan College affiliation; a sustained Korean health-economics and quality-of-life record includes EQ-5D-5L valuation, EQ-5D-3L/5L psychometrics, and SF-6Dv2 valuation work."
batch-39,Mina Bahrampour,A5068470091,accept,"Exact name and University of Technology Sydney affiliation; record is coherent in health economics and EQ instruments, with Australian paediatric EQ-5D work and frequent EuroQol-linked coauthors including Mulhern, Devlin, and Norman."
batch-39,Minghui Li,A5100400064,hold,"Although the profile contains Chinese EQ-5D and EQ-VT work, it has substantial incompatible contamination: 2025 robotics, recommendation systems, prompt-injection papers, plus earlier philosophy, geology, and law works."
batch-39,Minh Pham,A5077706356,hold,"The profile is for Phạm Minh Khuê, not Minh Pham, at Hai Phong University of Medicine and Pharmacy; its record centers on HIV, hepatitis, tuberculosis, and health literacy, not the supplied EuroQol work."
batch-39,Márta Péntek,A5064557440,accept,"Exact name and Obuda University affiliation; extensive coherent health-economics and quality-of-life record includes EQ-5D in Central/Eastern Europe, Hungarian EQ-5D valuation, and EQ-5D utility mapping."
batch-40,Nan Luo,A5064398143,hold,"Although the NUS affiliation and several EQ-5D valuation papers fit, the record has substantial unrelated contamination: synthetic-cell biology, biosensor immunoassay, navigation, and highly cited cancer-immunology papers. This is not a safely coherent single profile."
batch-40,Nancy Devlin,A5103206776,accept,"Exact name and University of Melbourne affiliation; a strongly coherent health-economics and EQ-5D valuation record. Core works include the England EQ-5D-5L value set, EQ-5D and the EuroQol Group, EQ-5D-Y development, and current child valuation/EQ-TIPS studies."
batch-40,Narcis Gusi,A5042480120,accept,"Compatible name variant and a coherent Spanish rehabilitation, physical activity, and health-related quality-of-life record. It includes EQ-5D-Y development and multinational feasibility/validity studies, directly matching the supplied youth EQ-5D projects."
batch-40,Nick Bansback,A5052496992,accept,"Exact name and a coherent Canadian health-economics, PROMs, shared decision-making, and utility-valuation record. It includes the Canadian EQ-5D-5L value set, discrete-choice utility work, and collaboration with EuroQol researchers including Nancy Devlin and John Brazier."
batch-40,Nils Gutacker,A5023093255,accept,"Exact name and University of York affiliation, with a cohesive health-services/economics record focused on PROMs, EQ-5D outcomes, hospital performance, patient choice, and healthcare access. Examples directly support the supplied EQ-5D and routine PROM projects."
batch-41,Ning Yan Gu,A5063972558,hold,"Although several EQ-5D and health-economics works fit the projects, this profile is substantially mixed: it also contains unrelated blind signal-processing papers, a 1997 dementia paper, and other incompatible records. It is not safe to treat as one coherent identity."
batch-41,Nyantara Wickramasekera,A5077076014,accept,"Exact name and University of Sheffield affiliation; a coherent health-economics and quality-of-life record with EQ-HWB validation, preference studies, shared decision-making, and regular collaborators Anju Keetharuth and Phil Shackley. This is consistent with the EQ-5D clinical-outcomes project."
batch-41,Ole Marten,A5033160244,accept,"Exact name and Bielefeld University affiliation. The record directly documents extensive EQ-HWB and EQ-5D research, including EQ-HWB development, valuation, cognitive debriefing, and German elderly-population studies, with core EuroQol coauthors."
batch-41,Oliver Rivero-Arias,A5121462085,accept,"Exact name and University of Oxford affiliation. The neonatal and infant-care portfolio coheres with the project on family spillovers in necrotising enterocolitis, and includes a children-and-young-people time-use questionnaire for economic evaluation; no conflicting identity signal is present."
batch-41,Oriana Ciani,A5008052793,accept,"Exact name and ORCID. The large, coherent health-technology-assessment and health-economics record includes an explicit 2021 EQ-5D-5L value set for Italy and closely related valuation, surrogate-endpoint, and policy research. The early technology papers do not constitute a conflicting identity."
batch-42,Pedro Ferreira,A5048178253,hold,"Although Pedro Lopes Ferreira has a plausible Portuguese health/QoL core, this 347-work profile has substantial incompatible name-collision material: 2025 vehicle re-identification, Mozambique conflict, cardiac-device infection corrigendum, and a FeCo alloy paper. These unrelated fields prevent safe inclusion."
batch-42,Paul Kind,A5013594779,accept,"Exact name and a highly coherent, extensive EQ-5D record: EQ-5D-5L development and interim scoring, EQ-5D-Y development, UK population health surveys, TTO, and EuroQol tariff studies. The University of Leeds affiliation and collaborators also fit; one old unrelated ophthalmology paper is not substantial contamination."
batch-42,Paul Krabbe,A5061371202,accept,"Name expansion Paul F. M. Krabbe and University Medical Center Groningen match exactly. The record strongly supports EuroQol valuation work, including EuroQol health-state reliability, the Dutch EQ-5D tariff, a European EQ-5D currency, and the international EQ-5D-5L valuation protocol."
batch-42,Patricia Cubi-Molla,A5087726711,accept,"The accented name, Office of Health Economics affiliation, health-economics/QoL focus, and repeated collaboration with EuroQol researchers Nancy Devlin and Paula Lorgelly form a coherent record. Work includes health valuation, EQ-5D-5L comparison, and quality-of-life research."
batch-42,Paula Lorgelly,A5027424571,accept,"Exact name and University of Auckland affiliation match. Record is coherently health economics and HRQoL, with EQ-5D-5L valuation, EQ-5D instrument validity, EQ-DAPHNIE, long-COVID HRQoL, and health-equity work; Amanda Cole is a frequent collaborator."
batch-43,Peep Stalmeier,A5013523692,accept,"Exact name and Radboud affiliation align. The record directly includes Dutch EQ-5D tariff work and recent time-trade-off, worse-than-dead, and severe-health-state valuation studies matching the listed valuation projects."
batch-43,Philip Clarke,A5072230333,hold,"Although the Melbourne health-economics and EQ-5D/UKPDS work fits, the profile also contains clearly incompatible 1955 nutrition, 1969 metrology, and 1977/1979 neutron-diffraction works. These constitute substantial name-collision contamination."
batch-43,Philip Powell,A5072704582,accept,"Exact name and a strong, coherent health-valuation record: frequent coauthors Jill Carlton, Donna Rowen, and John Brazier, plus work on paediatric quality of life and measuring health-related quality of life in infants and toddlers, fit the listed EQ-VT youth projects."
batch-43,Piyameth Dilokthornsakul,A5013970219,accept,"Exact uncommon name with a coherent Thai health-economics and outcomes-research record. The profile is led by health-system/economic-evaluation work and has sustained collaboration with Nathorn Chaiyakunapruk and other Thai health-economics coauthors, consistent with a Thai EQ-5D-Y value-set project."
batch-43,Prudence Cheung,A5011025629,accept,"Exact name and University of Hong Kong affiliation fit a coherent paediatric orthopaedics/scoliosis record. It includes EQ-5D-5L validation in Chinese adolescents, EQ-5D-Y questionnaire comparison, and 2025 EQ-5D-Y health-state preference research, directly matching the Youth project."
batch-44,Rachel Tan,A5047279366,hold,"The profile has a strong EQ-5D/HRQoL cluster with Nan Luo and Michael Herdman, but also includes clearly unrelated consumer-marketing and immunology records, indicating substantial same-name profile contamination."
batch-44,Rainer Reile,A5036883637,accept,Exact name and Estonian National Institute for Health Development affiliation; the record includes the 2026 Ukrainian-refugee HRQoL-in-Estonia study matching project 1987-SG and coherent Estonian population-health work.
batch-44,Rebecca Addo,A5005424373,accept,"The UTS health-economics record coherently supports the EQ-5D multilayer project: it includes the matching 2025 conference abstract, Ghana EQ-5D-5L value-set work, and EQ-5D bolt-on research with relevant coauthors."
batch-44,Richard Brooks,A5112107099,hold,"Although it includes seminal EuroQol/EQ-5D publications, the profile is substantially mixed with unrelated legal, political-history, philosophy, planning, and regional-economics records, so it is unsafe as one identity."
batch-44,Richard Norman,A5101841802,accept,"Exact name, ORCID, and Curtin affiliation align. The dominant record is a coherent health-economics/EQ-5D valuation portfolio, including Australian EQ-5D weights, DCE work, and the Australian 5L value-set study matching his projects."
batch-45,Rosalie Viney,A5076742980,accept,"Exact UTS affiliation and a coherent health-economics/EQ-5D valuation record. Projects on EQ-5D-5L valuation align with multiple core works (Australian EQ-5D weights, DCE valuation) and frequent EuroQol coauthors including Nancy Devlin and John Brazier."
batch-45,Ruixuan Jiang,A5049026946,hold,"Merck affiliation and several EQ-5D/health-economics works fit, but the record has substantial incompatible contamination: 2026 subglacial-radar datasets plus 2000–2006 leukemia, selenium/adenoma, and genetic-polyp publications. These form a distinct, implausible research identity."
batch-45,Sander van Kuijk,A5087173002,accept,"The expanded exact name and Maastricht UMC affiliation fit a coherent clinical-epidemiology record. COVID-19 research, quality-of-life outcomes, and health-economic collaborators (including Carmen Dirksen) align with the long-COVID and EQ-5D bolt-on projects. The one 1986 PACS item is isolated, not substantial contamination."
batch-45,Sarah Derrett,A5021576811,accept,"Exact University of Otago affiliation and a coherent record in injury outcomes, health-related quality of life, and health systems research. Recent work on generic HRQoL instruments, EQ-5D-5L Nepal adaptation, and content validity directly aligns with the supplied EuroQol projects."
batch-45,Sarah Dewilde,A5043932217,accept,"A coherent health-economics and patient-reported-outcomes record, with recent EQ-5D bolt-on psychometrics work directly matching two supplied projects. Frequent coauthors Mathieu Janssen and Lieven Annemans and work on utilities, stroke, fatigue, and myasthenia support the EuroQol identity."
batch-46,Sarega Gurudas,A5067968462,accept,"Moorfields Eye Hospital ophthalmology record is coherent with the vision bolt-on project: nearly all work concerns retinal disease, diabetic retinopathy, vision impairment, and SMART-India, including the SMART-India diabetes vision-prevalence study."
batch-46,Sayem Ahmed,A5011474576,accept,"The record is a coherent health-economics and global-health portfolio, including quality-of-life, willingness-to-pay, cost-effectiveness, health insurance, and healthcare-system research. Its Nepal hypertension cost-effectiveness protocol supports compatibility with developing a Nepal EQ-5D-5L value set."
batch-46,Seungjin Bae,A5038405248,accept,"Ewha Womans University record is predominantly coherent in health economics, pharmaceutical policy, and quality-of-life research. Examples include cost-effectiveness, health-care data in South Korea, cancer medicine pricing, biosimilar uptake in Korea, and AI in health-economic evaluation, consistent with a Korean EQ-5D-Y valuation study."
batch-46,Shankar Prinja,A5071690494,accept,"PGIMER health-economics and health-systems profile is strongly coherent with the India valuation projects. It includes the exact 2022 Value in Health article developing the Indian EQ-5D-5L value set, alongside India-focused economic evaluation and healthcare financing work."
batch-46,Shitong Xie,A5113241600,accept,"This is a coherent health-utility measurement and valuation record with Jing Wu, Feng Xie, and John Brazier. It includes Chinese SF-6Dv2 valuation and psychometrics, EQ-5D-5L population norms and measurement-property comparisons, and adolescent health-measurement work, directly fitting the China EQ-5D-Y projects."
batch-47,Shunya Ikeda,A5064794823,hold,"Although the profile includes Japanese EQ-5D valuation papers, it has substantial apparent name-collision contamination: unrelated CAR-T, oral microbiology, ICU, audiology, nursing, and 1970s–1990s works alongside the health-economics record."
batch-47,Simon Pickard,A5058888906,accept,"A. Simon Pickard at University of Illinois Chicago has a coherent HRQL and health-economics record, with numerous directly relevant EQ-5D valuation, measurement, population-norm, and youth-preference works matching the supplied projects."
batch-47,Simone Schieskow,A5117152200,accept,"Exact-name Bielefeld University profile with a focused four-work record on EQ-5D-Y measurement, HRQL in infants/toddlers, stakeholder engagement, and EuroQol EQ-TIPS, consistent with the EQ-HWB psychometric project."
batch-47,Soumana Chamoun Nasser,A5029600163,accept,"Soumana C. Nasser at Lebanese American University has a coherent health-economics, pharmaceutical-policy, and quality-of-life record, including EQ-HWB-9 caregiver validity and EQ-HWB pain/discomfort psychometrics that match the supplied project."
batch-47,Stefan Lipman,A5078862538,accept,"Stefan A. Lipman's health-economics record directly covers EQ-5D-Y valuation perspectives, time trade-off, states worse than dead, and the Netherlands EQ-5D-Y-3L value set; it closely matches the listed valuation and youth projects."
batch-48,Stella Heemskerk,A5025807986,accept,"Exact Stella C. M. Heemskerk at Erasmus MC. The clinical outcomes/cost-effectiveness record is coherent, including long-COVID quality-of-life studies and work with health-economics coauthors such as Haagsma and Dirksen, consistent with the Dutch EQ-TIPS project."
batch-48,Stephen Coons,A5052220528,accept,"Exact Stephen Joel Coons at Critical Path Institute. Extensive patient-reported-outcome and EQ-5D measurement record, including US EQ-5D valuation, EQ-5D/SF-12 comparison, and the ISPOR report on electronic-versus-paper PRO measurement equivalence."
batch-48,Stevanus Pangestu,A5033743427,accept,"Exact Stevanus Pangestu at Corvinus University of Budapest. Recent work directly matches the listed EQ projects: EQ-5D-5L bolt-ons, child/adult EQ-5D-Y-3L composite TTO, EQ-HWB, and health-related quality of life; sustained collaboration with Fanni Rencz supports the identity."
batch-48,Stirling Bryan,A5015667412,accept,"Exact Stirling Bryan with a large, coherent health-economics and quality-of-life record. It includes the Canadian EQ-5D-5L value set and current patient-reported-outcome work on hospital readmission, directly consistent with the two British Columbia projects."
batch-48,Sun Sun,A5081188742,hold,"Although it contains relevant EQ-5D work with Burstrom and Lindholm, this generic-name profile has substantial incompatible contamination: smart grids, microgrids, wireless communications, superconductivity, database design, and video generation alongside the health record."
batch-49,Suzana Karim,A5003389681,accept,"University of Dhaka profile directly matches her valuation projects through Peru EQ-5D-5L preference heterogeneity, Dutch EQ-5D-5L valuation, and related discrete-choice work; the coherent coauthor network includes Benjamin M. Craig."
batch-49,Taavi Lai,A5109074641,accept,"The record is coherently Estonia-focused and health-policy/quality-of-life oriented: it includes Estonian PDQ-39 validation, Estonian alcohol-control cost-effectiveness, and recent health-related quality-of-life work among Ukrainian refugees in Estonia."
batch-49,Takeru Shiroiwa,A5007564965,accept,"National Institute of Public Health profile has a large, coherent Japanese health-economics and quality-of-life record, including Japanese EQ-5D-3L/5L norms, the EQ-5D-5L Japan value set, and DCE/TTO scoring comparison—directly matching both supplied projects."
batch-49,Teresa Tsui,A5089652474,accept,"Sunnybrook profile directly supports the cancer-utility project: it includes EQ-5D-3L health utilities in patients with cancer, real-world oncology EQ-5D collection in Ontario, the Breast Utility Instrument, and Canadian EQ-5D-5L valuation work."
batch-49,Tessa Peasgood,A5022446221,accept,"The University of Sheffield affiliation and extensive health-utility record are consistent with the supplied projects: the profile includes EQ-HWB development, EQ-5D-5L measurement work, child/adolescent valuation, content-validity research, and core EuroQol coauthors."
batch-50,Tie Parma Yamato,A5034831401,accept,"Name variant with matching ORCID and University of Sydney affiliation. Recent works directly compare EQ-5D-Y-3L/5L in children and review their measurement properties, consistent with both Brazilian youth EQ-5D projects."
batch-50,Thao Thai,A5050171927,hold,"Name is compatible, but the 8-work record is 2018–2020 Vietnamese HIV, dengue, cardiovascular and media research, with no EQ-HWB, psychometric, mental-health, Australian, or supplied-project connection."
batch-50,Titi Fitriana,A5049547434,accept,"Name expands to Titi Sahidah Fitriana with a coherent Indonesian EQ-5D record: Indonesian EQ-5D-5L and EQ-5D-Y value sets, youth EQ-5D-Y measurement papers, and Bahasa Indonesia EQ-5D-Y-5L adaptation."
batch-50,thomas kohlmann,A5031953969,accept,"Exact name and Greifswald medical affiliation match. The record includes EQ-5D-5L interim scoring, an EQ-5D-5L psychometric review, quality-of-life/economic-evaluation work, and the stated EQ-5D scoring focus."
batch-50,Tianxin Pan,A5044860561,accept,"Exact name, ORCID and University of Melbourne affiliation align. Frequent collaborators include Nancy Devlin and Brendan Mulhern, and works directly cover EQ-5D-Y valuation, EQ-5D ceiling effects, Chinese HRQoL, and child health."
batch-51,Tomos Robinson,A5048830550,accept,"The profile is coherently UK health-services/health-economics research: it includes EQ-5D/CHU-9D utility mapping and health-inequality work, with regular collaborators Luke Vale and Laura Ternent. The project on socioeconomic inequality in UK EQ-5D measures fits this record; a few isolated old items are not substantial contamination."
batch-51,Trudy Sullivan,A5022698267,accept,"Exact name and University of Otago affiliation. The record directly contains the adolescent EQ-5D valuation feasibility study and EQ-DAPHNIE publications, and its health-economic/quality-of-life work with Otago collaborators Sarah Derrett and Andrew Gray matches both supplied projects."
batch-51,Ulrike Ravens-Sieberer,A5049804622,accept,"The name, Hamburg affiliation, and extensive child/adolescent health-related quality-of-life record are coherent. It includes the foundational Development of the EQ-5D-Y paper and sustained KIDSCREEN/KINDL psychometric research, directly matching the supplied pediatric EQ-5D-Y project."
batch-51,Valentina Prevolnik Rupel,A5091343801,accept,"Exact name and a focused Slovenian health-economics/EQ-5D record. Works include EQ-5D-5L Value Set for Slovenia, EQ-5D-Y Value Set for Slovenia, Slovenian population norms, and Central/Eastern European EQ-5D research, directly supporting the listed valuation and elderly-population projects."
batch-51,victor zarate,A5074565937,accept,"The Merck/MSD affiliation, Latin American health-economics focus, and collaborations with Paul Kind and Federico Augustovski fit the supplied person. The record directly includes Chilean and Latin-American EQ-5D valuation, self-perceived-health, inequality, DALY/QALY, and health-reform studies; two 1931 duplicates are isolated contamination."
batch-52,Vincent Lau,A5022213392,accept,"Exact-name Alberta Health Services critical-care profile; ICU/sepsis work and repeated Bagshaw, Basmaji, and Rochwerg coauthorship directly fit the EQ-5D-5L critical-care validation project."
batch-52,Vivian Reckers-Droog,A5121459836,accept,"Exact-name Erasmus University Rotterdam health-economics record, with Mos, Knies, and Brouwer coauthors and work on societal preferences and healthcare valuation, coherent with the EQ-5D-Y valuation projects."
batch-52,Wenjing Zhou,A5080372262,accept,"Exact-name profile has repeated Busschbach and Herdman coauthorship and articles explicitly validating Chinese EQ-5D-Y, EQ-TIPS, EQ-5D-5L, and EQ-HWB-S in children and carers—a direct project match."
batch-52,Willem van Veghel,A5003208889,accept,"Exact-name Sint Franciscus Gasthuis profile includes work on health outcomes, costs, and a Quality Cost Indicator model, consistent with the EQ-5D-5L value-based healthcare implementation project."
batch-52,Wolfgang Greiner,A5001823062,accept,"Exact-name Bielefeld University profile includes the German EQ-5D-5L value set, EQ-5D-Y development and validation, and extensive health-economics work, directly matching the supplied EuroQol projects."
batch-53,Xin Zhang,A5100427821,hold,"Profile is Lixin Zhang, not Xin Zhang, and is dominated by plant biology, natural products, genomics, and unrelated highly heterogeneous works; it provides no coherent EQ-5D/atopic-dermatitis research identity."
batch-53,Xuejing Jin,A5008581679,accept,"Exact name and Beijing University of Chinese Medicine affiliation. The record is coherent in health economics, quality of life, patient-reported outcomes, and multiple EQ-5D China studies, including the China EQ-5D-5L and EQ-5D-Y-3L value sets."
batch-53,Yan Feng,A5053760337,hold,"Although the name can be reordered as Feng Yan, the reported affiliation is a Chinese hydrology laboratory and the record centers on neurology, hemorrhage, and molecular cancer research, not QMUL health economics or EQ-5D valuation."
batch-53,Yap Xin Yi,A5058382403,hold,"Profile name Yajun Yi is incompatible with Yap Xin Yi. Its dominant record is molecular oncology/prostate and head-and-neck cancer, with older unrelated biomedical works; the single EQ-TIPS conference abstract is insufficient amid substantial name-collision contamination."
batch-53,Yared Belete Belay,A5086002810,accept,"Exact name and a coherent Ethiopian health-economics/quality-of-life record. It includes EQ-5D-5L validity in Ethiopian mental health, EQ-5D-Y-3L psychometrics in Ethiopian inpatients, and related HRQoL and mental-health research."
batch-54,Yiting Luo,A5101270824,hold,"This 52-work profile is substantially mixed and overwhelmingly unrelated to health-outcomes research: wireless localization, nonlinear optical crystals, hydrogels, biosensing, business, and materials work. One paediatric HRQoL review cannot safely identify it with the EQ-5D climate and valuation researcher."
batch-54,You-Shan Feng,A5091571513,accept,"The Universitätsklinikum Tübingen affiliation matches exactly. The record has extensive EQ-5D/EQ-HWB psychometrics, EQ VAS, bolt-on, inequality, and population-norms publications, directly coherent with the listed EuroQol projects."
batch-54,Yirga Legesse Niriayo,A5025678242,accept,"The Mekelle University profile is a coherent Ethiopian clinical-pharmacy and cardiovascular outcomes record. It includes heart-failure drug-therapy research and an EQ-5D health-related quality-of-life systematic review, consistent with the proposed EQ-5D-5L heart-failure study."
batch-54,Yifan Ding,A5076822287,accept,"China-focused EQ-5D-Y and EQ-HWB quality-of-life studies directly match the cultural relevance and psychometric-evaluation project. Frequent coauthors include Zhihao Yang, Jan J.V. Busschbach, and Nan Luo, forming a coherent EuroQol research record."
batch-54,Zhihao Yang,A5028809099,hold,"Although 71 works concern EQ-5D/EQ-HWB and the Guiyang Medical University affiliation matches, the profile has substantial collision contamination: 2010-14 civil/geotechnical and coal-reservoir papers plus 2026 molecular-property and marine-phytoplankton papers are unrelated to the EuroQol record."
batch-55,Zhuxin Mao,A5002022038,accept,"Exact name and University of Antwerp affiliation, with a coherent health-economics and health-related quality-of-life record. Multiple EQ-5D/EQ-HWB China studies directly match the supplied EuroQol projects, and frequent collaborators include Antwerp health-economics researchers. The older agricultural papers are a limited early cluster, not enough to outweigh the strong matching record."
