review_required,review_reason,status,name,is_project_leader,is_member,n_projects,project_ids,member_id,member_affiliation,member_profile_url,chosen_id,openalex_url,chosen_name,orcid,orcid_url,openalex_affiliation,eq_works,total_works,alternatives,override_id,manual_note
1,High-work-count profile: verify identity,ok,Jeffrey Johnson,1,1,13,1871-RA;1989-SG;2016500;2016520;20170610;20180170R1;20190690;20190810;216-RA;2257-RA;2553-RA;367-RA;445-RA,17879,University of Alberta,https://euroqol.org/about-us/our-members/member-detail/?memberid=17879,A5067514299,https://openalex.org/A5067514299,Jeffrey Johnson,0000-0001-8290-2857,https://orcid.org/0000-0001-8290-2857,Dakota State University,142,1277,A5068867603=Jeffrey L. Johnson(1 eq); A5056814298=Jeffrey G. Johnson(2 eq); A5016249965=Jeffrey D. Johnson(4 eq),,
1,High-work-count profile: verify identity,ok,Richard Xu,1,1,12,1495-RA;1549-RA;1804-RA;1897-RA;2181-RA;2183-RA;2184-RA;2351-BT;2375-RA;2409-RA;444-RA;85-RA,21678,The Hong Kong Polytechnic University,https://euroqol.org/about-us/our-members/member-detail/?memberid=21678,A5057171540,https://openalex.org/A5057171540,Richard Huan Xu,0000-0002-4720-5172,https://orcid.org/0000-0002-4720-5172,Hong Kong Polytechnic University,50,143,A5101613292=Rui‐Hua Xu(12 eq),,
1,ambiguous,ambiguous,Samar Farid,1,0,11,1492-RA;1594-RA;20180130;2063-RA;2145-RA;2341-RA;2402-BT;2492-RA;2522-EO;335-RA;338-EO,,,,A5091305227,https://openalex.org/A5091305227,Samar Farid,0000-0002-6048-847X,https://orcid.org/0000-0002-6048-847X,Cairo University,10,81,A5003458011=Samar M. Farid(1 eq); A5001251189=Samar Farid(5 eq); A5137593163=Samar Farid(2 eq); A5140654507=Samar F. Farid(1 eq),,
1,ambiguous,ambiguous,pei wang,1,0,4,1863-RA;20170530;2454-RA;401-RA,,,,A5100462615,https://openalex.org/A5100462615,Pei Wang,0000-0001-7787-6498,https://orcid.org/0000-0001-7787-6498,Southwest University,4,228,A5051368106=Pei Wang(3 eq),,
1,ambiguous,ambiguous,Clement Cheuk Wai Ng,1,0,3,1691-RA;1703-RA;211-RA,,,,A5102680222,https://openalex.org/A5102680222,Clement Cheuk Wai Ng,,,Chinese University of Hong Kong,3,3,A5001642847=Charis Wei Ling Ng(2 eq); A5079557144=Clement Cheuk-Wai Ng(1 eq),,
1,ambiguous,ambiguous,Jonathan Nazari,1,0,3,2264-EO;2414-RA;2583-EO,,,,A5076426425,https://openalex.org/A5076426425,Jonathan Nazari,0000-0002-4758-7588,https://orcid.org/0000-0002-4758-7588,Pfizer (United States),3,19,A5083342500=Jonathan L. Nazari(2 eq); A5120416926=Jonathan Nazari(1 eq); A5058527781=J Nazari(2 eq); A5137981527=Jonathan L. Nazari(1 eq),,
1,ambiguous,ambiguous,Paul Schneider,1,0,3,1508-RA;1596-RA;2582-SG,,,,A5086411644,https://openalex.org/A5086411644,Paul M. Schneider,0000-0003-2776-4441,https://orcid.org/0000-0003-2776-4441,The University of Melbourne,2,354,A5009816526=Bryan P. Schneider(2 eq); A5028665038=Paul Schneider(1 eq),,
1,Common-name OpenAlex profile appears contaminated,ok,yaling Yang,1,1,3,1807-RA;2130-PHD;2172-RA,18014,Oxford University,https://euroqol.org/about-us/our-members/member-detail/?memberid=18014,A5008455417,https://openalex.org/A5008455417,Yaling Yang,0000-0002-9529-1685,https://orcid.org/0000-0002-9529-1685,Shanghai Public Health Clinical Center,28,163,A5000074603=Yi Yang(2 eq),,
1,unresolved,unresolved,Jarinne Woudstra-de Jong,1,0,2,2289-BT;2326-RA,,,,,,,,,,,,,,
1,ambiguous,ambiguous,Maresa Buchholz,1,0,2,1582-RA;2057-TVG,,,,A5061680498,https://openalex.org/A5061680498,Maresa Buchholz,0000-0002-4486-8632,https://orcid.org/0000-0002-4486-8632,Universitätsmedizin Greifswald,16,40,A5126533651=Maresa Buchholz(8 eq); A5121100821=Maresa Buchholz(1 eq); A5125998044=Maresa Buchholz(1 eq); A5134006794=Maresa Buchholz(1 eq),,
1,unresolved,unresolved,Wojciech Trzebiński,1,0,2,1698-RA;2343-RA,,,,,,,,,,,,,,
1,unresolved,unresolved,Abdulhamid Musa,1,0,1,20210010,,,,,,,,,,,,,,
1,unresolved,unresolved,Afewerki Gebremeskel,1,0,1,396-RA,,,,,,,,,,,,,,
1,not_found,not_found,Ahmed Hamdan AlJedai,1,0,1,1666-VS,,,,,,,,,,,,,,
1,not_found,not_found,Aysenur Ahsen,1,0,1,2206-RA,,,,,,,,,,,,,,
1,unresolved,unresolved,Bosiljka Djikanovic,1,0,1,2128-VS,,,,,,,,,,,,,,
1,ambiguous,ambiguous,Carrie-Anne Ng,1,0,1,2157-RA,,,,A5035818265,https://openalex.org/A5035818265,Carrie‐Anne Ng,0000-0001-9326-8492,https://orcid.org/0000-0001-9326-8492,University of Technology Sydney,5,23,A5135197841=Carrie-Anne Ng(2 eq),,
1,not_found,not_found,Chris Flood,1,0,1,2005-SG,,,,,,,,,,,,,,
1,unresolved,unresolved,Cristina Guttierez,1,0,1,20180290,,,,,,,,,,,,,,
1,unresolved,unresolved,Daliya Kaskirbayeva,1,0,1,2013-RA,,,,,,,,,,,,,,
1,unresolved,unresolved,Edwine Barasa,1,0,1,2233-VS,,,,,,,,,,,,,,
1,unresolved,unresolved,Elizabeth Tompkins,1,0,1,1572-RA,,,,,,,,,,,,,,
1,not_found,not_found,Emma Pleeging,1,0,1,2186-RA,,,,,,,,,,,,,,
1,weak_via_works,weak_via_works,Esther de Bekker-Grob,1,0,1,2095-EO,,,,A5007711014,https://openalex.org/A5007711014,Esther W. de Bekker‐Grob,0000-0001-7645-6168,https://orcid.org/0000-0001-7645-6168,Erasmus University Rotterdam,4,202,,,
1,unresolved,unresolved,Felix Masiye,1,0,1,2238-VS,,,,,,,,,,,,,,
1,OpenAlex profile also assigned to Rosalind de Charro,ok,Frank De Charro,1,1,1,2013080,17853,,https://euroqol.org/about-us/our-members/member-detail/?memberid=17853,A5080909830,https://openalex.org/A5080909830,Frank de Charro,0000-0002-5280-5551,https://orcid.org/0000-0002-5280-5551,,18,64,A5111927574=Frank T. de Charro(1 eq),,
1,ambiguous,ambiguous,Gordon Liu,1,0,1,2012010,,,,A5074307362,https://openalex.org/A5074307362,Gordon G. Liu,0000-0002-4339-2644,https://orcid.org/0000-0002-4339-2644,Peking University,8,171,A5064540278=Gordon Liu(4 eq),,
1,not_found,not_found,Hajer Falfel,1,0,1,20190040,,,,,,,,,,,,,,
1,unresolved,unresolved,Hoang Van Mi,1,0,1,20170220,,,,,,,,,,,,,,
1,not_found,not_found,Julia Fox-Rushby,1,0,1,2109-RA,,,,,,,,,,,,,,
1,unresolved,unresolved,Lyazzat Kosherbayeva,1,0,1,2232-VS,,,,,,,,,,,,,,
1,unresolved,unresolved,Meles Tekie,1,0,1,223-RA,,,,,,,,,,,,,,
1,not_found,not_found,Merhawit Gerezgiher,1,0,1,1490-RA,,,,,,,,,,,,,,
1,not_found,not_found,Nadine Zawadzkli,1,0,1,140-RA,,,,,,,,,,,,,,
1,unresolved,unresolved,Nicholas Smeele,1,0,1,2320-TR,,,,,,,,,,,,,,
1,not_found,not_found,Norma Bulamu,1,0,1,2205-RA,,,,,,,,,,,,,,
1,unresolved,unresolved,Priyanka Banik,1,0,1,2530-RA,,,,,,,,,,,,,,
1,unresolved,unresolved,Raf Van Gestel,1,0,1,1672-SG,,,,,,,,,,,,,,
1,unresolved,unresolved,Rini Noviyani,1,0,1,2598-RA,,,,,,,,,,,,,,
1,unresolved,unresolved,Sandjar Djalalov,1,0,1,59-VS,,,,,,,,,,,,,,
1,unresolved,unresolved,Sesil Lim,1,0,1,20180420,,,,,,,,,,,,,,
1,unresolved,unresolved,Sofia Vallejo,1,0,1,2517-RA,,,,,,,,,,,,,,
1,unresolved,unresolved,Teresa Bago d'Uva,1,0,1,1463-PHD,,,,,,,,,,,,,,
1,ambiguous,ambiguous,Johannes Clouth,0,1,0,,17883,Retired,https://euroqol.org/about-us/our-members/member-detail/?memberid=17883,A5029021088,https://openalex.org/A5029021088,Johannes Clouth,0000-0001-8941-6739,https://orcid.org/0000-0001-8941-6739,Eli Lilly (Germany),4,52,A5004580198=Felix J. Clouth(4 eq),,
1,OpenAlex profile also assigned to Frank De Charro,ok_via_works,Rosalind de Charro,0,1,0,,17978,,https://euroqol.org/about-us/our-members/member-detail/?memberid=17978,A5080909830,https://openalex.org/A5080909830,Frank de Charro,0000-0002-5280-5551,https://orcid.org/0000-0002-5280-5551,,4,,,,
0,,ok,Nan Luo,1,1,55,128-RA;1504-RA;1505-RA;1517-RA;1522-RA;1535-RA;1599-RA;1608-RA;1738-TVG;1741-RA;180-RA;1818-RA;188-RA;2012060;2014100;2015220;2015410;2016010;2016070;2016130;2016230;2016290;2016310;2016600;20170330;20170430;20170450;20170460;20170640;20180060;20180160;20180250;20180270;20180600;2019-EO;20190010;20190600;20190820;20190830;2120-RA;2176-RA;2222-EO;232-RA;2362-BT;2418-BT;2451-RA;2455-PHD;274-RA;320-VS;321-VS;364-RA;402-RA;439-PHD;69-RA;76-RA,17944,National University of Singapore,https://euroqol.org/about-us/our-members/member-detail/?memberid=17944,A5064398143,https://openalex.org/A5064398143,Nan Luo,0000-0001-7980-6979,https://orcid.org/0000-0001-7980-6979,National University of Singapore,263,477,,,
0,,ok,Feng Xie,1,1,22,137-RA;1587-TVG;1704-RA;1793-RA;2013050;2013180;2013230;2013270;2015120;2016-RA;2016060;2016080;2016540;20170100;20180310;20191110;2023-RA;2170-RA;2566-RA;2593-RA;342-RA;345-PHD,17851,McMaster University,https://euroqol.org/about-us/our-members/member-detail/?memberid=17851,A5102994482,https://openalex.org/A5102994482,Feng Xie,0000-0003-3454-6266,https://orcid.org/0000-0003-3454-6266,Qingdao University,110,385,A5015716999=Feng Xie(36 eq),,
0,,ok,Zhihao Yang,1,1,22,1485-RA;1534-EO;1598-RA;1941-RA;20180070R1;20180230;20180610;20190150R1;20190151;20190370;20190900;20191020;215-2020RA;2180-RA;221-RA;2225-BT;2276-RA;2348-BT;353-RA;456-RA;75-EO;92-2020RA,18019,Guizhou Medical University,https://euroqol.org/about-us/our-members/member-detail/?memberid=18019,A5028809099,https://openalex.org/A5028809099,Zhihao Yang,0000-0001-5468-0847,https://orcid.org/0000-0001-5468-0847,Guiyang Medical University,76,108,A5051597671=Zhihao Yang(5 eq); A5103097710=Zhihao Yang(1 eq),,
0,,ok,Nancy Devlin,1,1,21,1404-RA;1497-RA;2012050;2013040;2014020;2014170;2015060;2015100;2016320;2016570;2016571;2016630;2016631;20170010;20180210;20180650;20190220;202-RA;2274-TVG;370-RA;399-RA,17946,University of Melbourne,https://euroqol.org/about-us/our-members/member-detail/?memberid=17946,A5103206776,https://openalex.org/A5103206776,Nancy Devlin,0000-0002-1561-5361,https://orcid.org/0000-0002-1561-5361,The University of Melbourne,198,380,A5029151069=Nancy Devlin(1 eq); A5108295899=Nancy Devlin(4 eq),,
0,,ok,Marcel Jonker,1,1,18,1413-RA;1484-RA;1489-RA;1611-RA;1612-RA;163-RA;1679-RA;1693-RA;1695-RA;1919-RA;20180320;20190170;20191070;20191180;2178-RA;2204-RA;356-PHD;415-RA,17920,,https://euroqol.org/about-us/our-members/member-detail/?memberid=17920,A5063358434,https://openalex.org/A5063358434,Marcel F. Jonker,0000-0001-8433-1402,https://orcid.org/0000-0001-8433-1402,Erasmus University Rotterdam,11,61,,,
0,,ok,Juanita Haagsma,1,1,17,141-RA;1498-PHD;151-RA;1604-RA;1954-RA;20180330;20180380;20180630;20190120;2159-RA;2426-PHD;243-RA;2456-BT;315-RA;420-RA;460-RA;77-RA,17895,Erasmus MC,https://euroqol.org/about-us/our-members/member-detail/?memberid=17895,A5060133399,https://openalex.org/A5060133399,Juanita A. Haagsma,0000-0002-2055-548X,https://orcid.org/0000-0002-2055-548X,Erasmus MC,94,360,A5108136368=Juanita A. Haagsma(1 eq); A5108548502=J Haagsma(1 eq); A5114155705=J A Haagsma(1 eq),,
0,,ok,Fredrick Purba,1,1,16,1644-RA;1910-RA;1914-RA;2016420;20180140;20180430;20190130;20190440;2035-RA;2113-EOI;2177-RA;2203-RA;242-RA;2463-RA;2466-RA;442-RA,17855,Universitas Padjadjaran,https://euroqol.org/about-us/our-members/member-detail/?memberid=17855,A5059806422,https://openalex.org/A5059806422,Fredrick Dermawan Purba,0000-0002-7336-3043,https://orcid.org/0000-0002-7336-3043,Padjadjaran University,62,148,A5126954425=Fredrick Purba(1 eq),,
0,,ok,Benjamin Matthew Craig,1,1,15,1769-RA;1850-RA;2013100;2013130;2015030;2015290;2016020;2016720;20170260;2266-TVG;2337-RA;2501-RA;302-EO;304-PHD;464-RA,19813,"University of South Florida, Tampa, USA",https://euroqol.org/about-us/our-members/member-detail/?memberid=19813,A5029949490,https://openalex.org/A5029949490,Benjamin M. Craig,0000-0003-1121-1316,https://orcid.org/0000-0003-1121-1316,University of South Florida,43,118,A5008541510=Benjamin Thomas(3 eq); A5085528800=Joshua D. Stein(2 eq),,
0,,ok,Kim Rand,1,1,14,1507-VS;1854-EO;2014070;2015070;2015250;2015260;2015270;20190580;20191190;209-RA;2471-RA;2540-EO;2626-RA;309-RA,17897,"Maths in Health and the Health Services Research Centre, Akershus University Hospital",https://euroqol.org/about-us/our-members/member-detail/?memberid=17897,A5041551368,https://openalex.org/A5041551368,Kim Rand,0000-0001-7692-4099,https://orcid.org/0000-0001-7692-4099,Akershus University Hospital,33,66,A5043214580=and Kim Rand(1 eq),,
0,,ok,Michał Jakubczyk,1,1,14,1530-RA;1574-RA;1585-RA;1689-RA;1930-RA;2009-RA;2015320;2016640;20190070;2132-RA;2143-RA;2144-RA;404-RA;431-RA,17934,"SGH Warsaw School of Economics, Poland",https://euroqol.org/about-us/our-members/member-detail/?memberid=17934,A5015781187,https://openalex.org/A5015781187,Michał Jakubczyk,0000-0002-0006-6769,https://orcid.org/0000-0002-0006-6769,SGH Warsaw School of Economics,30,128,,,
0,,ok,Brendan Mulhern,1,1,13,1903-RA;1926-RA;1976-TVG;2014010;2015460;2016260;2016650;20170670;20180300;20180460;234-VS;322-RA;99-RA,17807,University of Technology Sydney,https://euroqol.org/about-us/our-members/member-detail/?memberid=17807,A5090013218,https://openalex.org/A5090013218,Brendan Mulhern,0000-0003-3656-8063,https://orcid.org/0000-0003-3656-8063,University of Technology Sydney,164,294,A5009868132=Brendan J. Mulhern(1 eq); A5132596277=Brendan Mulhern(1 eq); A5122901134=Mulhern Brendan(1 eq),,
0,,ok,Fatima Al Sayah,1,1,13,102-RA;1465-VS;1696-RA;1931-RA;1974-VS;1984-RA;20190050;2116-EOI;2413-RA;2487-TVG;2490-EO;2560-RA;96-EO,17847,"University of Alberta (Canada), Centre for Clinical, Health Economics, and Outcomes Research, CCHO (Lebanon, UAE, KSA)",https://euroqol.org/about-us/our-members/member-detail/?memberid=17847,A5026033494,https://openalex.org/A5026033494,Fatima Al Sayah,0000-0003-3891-5452,https://orcid.org/0000-0003-3891-5452,University of Alberta,66,103,A5058978537=Fatima Hussein Al Sayah(6 eq); A5130247173=Fatima Al Sayah(1 eq),,
0,,ok,Janine Verstraete,1,1,13,142-RA;147-RA;1681-RA;1859-TVG;1928-RA;20180730;20190200;20190670;2226-TR;2633-TVG;365-RA;425-RA;426-RA,17877,University of Cape Town,https://euroqol.org/about-us/our-members/member-detail/?memberid=17877,A5006452129,https://openalex.org/A5006452129,Janine Verstraete,0000-0002-1148-4747,https://orcid.org/0000-0002-1148-4747,University of Cape Town,46,88,A5095559141=Verstraete Janine(1 eq),,
0,,ok,Paul Kind,1,1,13,1583-RA;1786-RA;2009018;2010011;2014120;2014220;2015350;2015420;2016050;2016200;20191040;20191050;78-RA,17962,"Health Economics Policy Lab (HEPL), University College London",https://euroqol.org/about-us/our-members/member-detail/?memberid=17962,A5013594779,https://openalex.org/A5013594779,Paul Kind,0000-0003-2377-1652,https://orcid.org/0000-0003-2377-1652,University of Leeds,139,240,A5136640933=Paul Kind(1 eq),,
0,,ok,Tessa Peasgood,1,1,12,1823-RA;1916-RA;20180350;20190260;2207-RA;224-RA;2366-EO;2470-RA;2488-TVG;2493-RA;282-RA;348-PHD,17998,University of Sheffield,https://euroqol.org/about-us/our-members/member-detail/?memberid=17998,A5022446221,https://openalex.org/A5022446221,Tessa Peasgood,0000-0001-8024-7801,https://orcid.org/0000-0001-8024-7801,University of Sheffield,62,121,A5137019908=Tessa Peasgood(4 eq); A5140631355=Tessa Peasgood(1 eq),,
0,,ok,Wolfgang Greiner,1,1,12,1603-RA;2012020;2013200;2014030;2014160;2015200;2016530;20170020;20180010;20180260;20180510;2433-RA,18010,Bielefeld University,https://euroqol.org/about-us/our-members/member-detail/?memberid=18010,A5001823062,https://openalex.org/A5001823062,Wolfgang Greiner,0000-0001-9552-6969,https://orcid.org/0000-0001-9552-6969,Bielefeld University,85,570,A5076750502=Wolfgang Greiner(4 eq),,
0,,ok,Elly Stolk,1,1,11,1721-RA;1761-EO;2013090;2013300;2014060;2015430;2016410;2138-TR;2219-PCG;2262-RA;2644-EO,17837,EuroQol Research Foundation,https://euroqol.org/about-us/our-members/member-detail/?memberid=17837,A5033903811,https://openalex.org/A5033903811,Elly Stolk,0000-0001-5968-0416,https://orcid.org/0000-0001-5968-0416,,79,161,A5078693305=EA Stolk(5 eq),,
0,,ok,Jennifer Jelsma,1,1,11,1713-RA;2013110;2014200;2016120;2016180;20170250;20170540;20170650;20190030;20190500;20191210,17881,University of Cape Town,https://euroqol.org/about-us/our-members/member-detail/?memberid=17881,A5064611767,https://openalex.org/A5064611767,Jennifer Jelsma,0000-0003-4049-8395,https://orcid.org/0000-0003-4049-8395,University of Cape Town,49,162,A5139685966=Jennifer Jelsma(3 eq),,
0,,ok,Stefan Lipman,1,1,11,120-RA;1783-RA;1992-RA;20190080R1;20190860;20190890;205-RA;2404-RA;245-RA;416-RA;417-RA,17992,"Erasmus School of Health Policy & Management (ESHPM), Erasmus University Rotterdam",https://euroqol.org/about-us/our-members/member-detail/?memberid=17992,A5078862538,https://openalex.org/A5078862538,Stefan A. Lipman,0000-0002-8784-9650,https://orcid.org/0000-0002-8784-9650,National Institute for Public Health and the Environment,21,56,,,
0,,ok,You-Shan Feng,1,1,11,127-RA;1593-RA;1600-RA;1898-RA;1901-RA;1902-RA;2200-RA;2312-BT;2373-RA;2544-RA;329-RA,18018,"Medical University Tübingen, Germany",https://euroqol.org/about-us/our-members/member-detail/?memberid=18018,A5091571513,https://openalex.org/A5091571513,You‐Shan Feng,0000-0003-1509-3409,https://orcid.org/0000-0003-1509-3409,Universitätsklinikum Tübingen,20,67,A5140621214=You-Shan Feng(1 eq),,
0,,ok,Abraham Gebregziabiher,1,1,10,133-RA;1798-RA;20170480;20180500;20191010;2124-RA;225-RA;313-PHD;340-RA;89-RA,17787,"1School of Pharmacy, College of Health Science, Mekelle University.",https://euroqol.org/about-us/our-members/member-detail/?memberid=17787,A5061701004,https://openalex.org/A5061701004,Abraham Gebregziabiher Welie,0000-0003-4661-7287,https://orcid.org/0000-0003-4661-7287,Mekelle University,4,6,A5113330806=Abraham Gebregziabiher(1 eq),,
0,,ok,Bas Janssen,1,1,10,155-RA;157-RA;2012040;2015450;2016620;20170600;240-RA;2594-RA;458-RA;461-RA,19005,,https://euroqol.org/about-us/our-members/member-detail/?memberid=19005,A5020933378,https://openalex.org/A5020933378,Mathieu F. Janssen,0000-0001-6602-6949,https://orcid.org/0000-0001-6602-6949,Erasmus MC,92,117,A5111827091=Bas Janssen(37 eq); A5058167663=MF Bas Janssen(1 eq),,
0,,ok,Dominik Golicki,1,1,10,1575-VS;2015240;2015280;2016110;2038-RA;2100-EOI;214-RA;2479-RA;337-RA;339-RA,17831,Medical Univeristy of Warsaw,https://euroqol.org/about-us/our-members/member-detail/?memberid=17831,A5035126117,https://openalex.org/A5035126117,Dominik Golicki,0000-0001-7741-4760,https://orcid.org/0000-0001-7741-4760,Medical University of Warsaw,97,162,,,
0,,ok,Federico Augustovski,1,1,10,1605-RA;1891-RA;2012-RA;2013070;2015-RA;2016360;20170170;20170660;20180580;2119-RA,17849,Institute for Clinical Effectiveness and Health Policy (IECS),https://euroqol.org/about-us/our-members/member-detail/?memberid=17849,A5053077563,https://openalex.org/A5053077563,Federico Augustovski,0000-0002-2914-5022,https://orcid.org/0000-0002-2914-5022,Instituto de Efectividad Clínica y Sanitaria,44,342,A5075446732=Federico Augustovski(1 eq),,
0,,ok,Simon Pickard,1,1,10,2014130;2015190;2016090;2016210;2016470;20180080;20180520;20190360;20190410;20190800,17988,University of Illinois - Chicago,https://euroqol.org/about-us/our-members/member-detail/?memberid=17988,A5058888906,https://openalex.org/A5058888906,A. Simon Pickard,0000-0001-5645-7091,https://orcid.org/0000-0001-5645-7091,University of Illinois Chicago,140,306,A5103487818=AS Pickard(21 eq),,
0,,ok,Cate Bailey,1,1,9,1559-RA;1566-RA;1772-RA;1872-RA;2032-RA;2096-RA;2439-RA;2440-RA;295-RA,21677,University of Melbourne,https://euroqol.org/about-us/our-members/member-detail/?memberid=21677,A5020867003,https://openalex.org/A5020867003,Cate Bailey,0000-0001-5030-430X,https://orcid.org/0000-0001-5030-430X,The University of Melbourne,13,88,A5018812334=Cate Bailey(1 eq); A5007805675=Cate Bailey(1 eq),,
0,,ok,Gouke Bonsel,1,1,9,2013150;2014090;2016160;2016670;2016750;20170360;238-RA;512-RA;645-RA,17861,EuroQol Research Foundation,https://euroqol.org/about-us/our-members/member-detail/?memberid=17861,A5047977076,https://openalex.org/A5047977076,Gouke J. Bonsel,0000-0002-8364-1086,https://orcid.org/0000-0002-8364-1086,,77,362,,,
0,,ok,Juan M. Ramos-Goñi,1,1,9,2013320;2014210;2016430;2016510;2016610;20170310R2;2588-TR;450-RA;74-RA,17893,Maths in Health,https://euroqol.org/about-us/our-members/member-detail/?memberid=17893,A5047957689,https://openalex.org/A5047957689,Juan Manuel Ramos-Goñi,0000-0002-9568-5190,https://orcid.org/0000-0002-9568-5190,SGH Warsaw School of Economics,72,96,A5049678494=Juan Manuel Ramos Goñi(9 eq); A5136612135=Juan M. Ramos-Goñi(1 eq),,
0,,ok,Koonal Shah,1,1,8,117-RA;2015050;2015440;2016150;2016370;20190490;20190660;82-RA,17901,NICE,https://euroqol.org/about-us/our-members/member-detail/?memberid=17901,A5083575745,https://openalex.org/A5083575745,Koonal Shah,0000-0002-4927-7858,https://orcid.org/0000-0002-4927-7858,National Institute for Health and Care Excellence,65,151,,,
0,,ok,Ling Jie Cheng,1,1,8,1663-TVG;1961-EO;2078-RA;2246-EO;2267-EO;2329-RA;2531-EO;2605-RA,19028,University of Oxford,https://euroqol.org/about-us/our-members/member-detail/?memberid=19028,A5082193621,https://openalex.org/A5082193621,Ling Jie Cheng,0000-0002-5338-578X,https://orcid.org/0000-0002-5338-578X,National University of Singapore,32,150,A5002268768=Ling Cheng(1 eq); A5100430876=Xi Zhang(6 eq),,
0,,ok,Nils Gutacker,1,1,8,123-RA;1479-TVG;1925-TVG;2016450;20190910;2192-RA;2415-TVG;2653-TVG,17954,"Centre for Health Economics, University of York",https://euroqol.org/about-us/our-members/member-detail/?memberid=17954,A5023093255,https://openalex.org/A5023093255,Nils Gutacker,0000-0002-2833-0621,https://orcid.org/0000-0002-2833-0621,University of York,19,120,,,
0,,ok,Paula Lorgelly,1,1,8,1573-RA;1655-EO;1680-RA;1881-RA;20191030;2053-EO;2443-BT;291-RA,17966,University of Auckland | Waipapa Taumata Rau,https://euroqol.org/about-us/our-members/member-detail/?memberid=17966,A5027424571,https://openalex.org/A5027424571,Paula Lorgelly,0000-0002-8990-9514,https://orcid.org/0000-0002-8990-9514,University of Auckland,23,203,,,
0,,ok,Zhuxin Mao,1,1,8,103-RA;1580-RA;1588-RA;20190990;20191000;2084-RA;2422-RA;398-RA,18021,University of Antwerp,https://euroqol.org/about-us/our-members/member-detail/?memberid=18021,A5002022038,https://openalex.org/A5002022038,Zhuxin Mao,0000-0002-7444-1584,https://orcid.org/0000-0002-7444-1584,University of Antwerp,34,69,A5116549914=Zhuxin Mao(1 eq); A5123300040=Zhuxin Mao(2 eq),,
0,,ok,Bram Roudijk,1,1,7,100-RA;169-RA;1694-RA;1923-RA;20180340R1;20190780;2647-RA,17805,EuroQol Research Foundation,https://euroqol.org/about-us/our-members/member-detail/?memberid=17805,A5028508726,https://openalex.org/A5028508726,Bram Roudijk,0000-0001-5000-0875,https://orcid.org/0000-0001-5000-0875,Erasmus MC,48,58,,,
0,,ok,Maja Kuharic,1,1,7,1514-RA;1811-RA;1915-RA;2037-RA;2040-RA;2042-RA;414-PHD,19030,Northwestern University,https://euroqol.org/about-us/our-members/member-detail/?memberid=19030,A5007210675,https://openalex.org/A5007210675,Maja Kuharić,0000-0003-3696-9086,https://orcid.org/0000-0003-3696-9086,Northwestern University,43,84,A5060066674=Bruce W. Sherman(1 eq); A5137004902=Maja Kuharic(2 eq); A5139409824=Maja Kuharic(2 eq),,
0,,ok,Nick Bansback,1,1,7,1624-EO;1880-TVG;2013290;2015040;2016030;20190470;2133-TVG,17952,School of Population and Public Health,https://euroqol.org/about-us/our-members/member-detail/?memberid=17952,A5052496992,https://openalex.org/A5052496992,Nick Bansback,0000-0002-1510-3462,https://orcid.org/0000-0002-1510-3462,Providence Health Care,53,335,A5108322539=Nick Bansback(3 eq),,
0,,ok,Bernhard Michalowsky,1,1,6,152-RA;1592-RA;1791-RA;2002-RA;244-RA;349-RA,17803,"German Center for Neurodegenerative Diseases (DZNE), Greifswald, Germany & McMaster University, Hamilton, Canada",https://euroqol.org/about-us/our-members/member-detail/?memberid=17803,A5088093819,https://openalex.org/A5088093819,Bernhard Michalowsky,0000-0002-3425-0089,https://orcid.org/0000-0002-3425-0089,,34,174,A5113279604=Bernhard Michalowsky(4 eq),,
0,,ok,Carlos Wong,1,1,6,2012030;2014050;20180530;20190250;2421-RA;333-RA,17811,London School Hygiene & Tropical Medicine,https://euroqol.org/about-us/our-members/member-detail/?memberid=17811,A5041610413,https://openalex.org/A5041610413,Carlos King Ho Wong,0000-0002-6895-6071,https://orcid.org/0000-0002-6895-6071,University of Leicester,79,487,,,
0,,ok,Clara Mukuria,1,1,6,1892-RA;2016240;20190310;2217-TR;2234-TVG;326-RA,17819,University of Sheffield,https://euroqol.org/about-us/our-members/member-detail/?memberid=17819,A5043083823,https://openalex.org/A5043083823,Clara Mukuria,0000-0003-4318-1481,https://orcid.org/0000-0003-4318-1481,University of Sheffield,80,128,A5140592939=Clara Mukuria(1 eq),,
0,,ok,Eleanor Pullenayegum,1,1,6,109-RA;2015130;2015140;20190270;20190430;2340-RA,17835,The Hospital for Sick Children,https://euroqol.org/about-us/our-members/member-detail/?memberid=17835,A5029465719,https://openalex.org/A5029465719,Eleanor Pullenayegum,0000-0003-4265-1330,https://orcid.org/0000-0003-4265-1330,University of Toronto,56,327,A5023955515=E. Pullenayegum(7 eq),,
0,,ok,Fanni Rencz,1,1,6,119-RA;1700-RA;1800-RA;192-VS;2000-RA;20170500,17845,"Corvinus University of Budapest, Department of Health Policy",https://euroqol.org/about-us/our-members/member-detail/?memberid=17845,A5024021740,https://openalex.org/A5024021740,Fanni Rencz,0000-0001-9674-620X,https://orcid.org/0000-0001-9674-620X,Semmelweis University,148,245,A5117412551=Fanni Rencz(1 eq); A5123176482=Fanni Rencz(1 eq); A5128705474=Fanni Rencz(1 eq); A5124885266=Fanni Rencz(1 eq),,
0,,ok,Henry Bailey,1,1,6,1414-EO;1767-RA;20170390;20180040R1;341-RA;357-RA,17867,The University of the West Indies,https://euroqol.org/about-us/our-members/member-detail/?memberid=17867,A5090969739,https://openalex.org/A5090969739,Henry Bailey,0000-0002-4479-9948,https://orcid.org/0000-0002-4479-9948,University of the West Indies,34,41,,,
0,,ok,Lidia Engel,1,1,6,1481-PHD;150-RA;2008-RA;20190960;2173-RA;2453-RA,17911,Monash University,https://euroqol.org/about-us/our-members/member-detail/?memberid=17911,A5039737173,https://openalex.org/A5039737173,Lidia Engel,0000-0002-7959-3149,https://orcid.org/0000-0002-7959-3149,Australian Regenerative Medicine Institute,51,141,A5117412550=Lidia Engel(1 eq); A5126529010=Lidia Engel(8 eq); A5133152037=Lidia Engel(1 eq),,
0,,ok,Richard Norman,1,1,6,1578-RA;2015310;2016250;20170410;20170560;83-VS,17974,Curtin University,https://euroqol.org/about-us/our-members/member-detail/?memberid=17974,A5101841802,https://openalex.org/A5101841802,Richard Norman,0000-0002-3112-3893,https://orcid.org/0000-0002-3112-3893,Curtin University,103,468,A5063203369=Richard N. Jones(8 eq),,
0,,ok,victor zarate,1,1,6,2015370;2016380;2016390;20170470;20170630;462-RA,18008,MSD,https://euroqol.org/about-us/our-members/member-detail/?memberid=18008,A5074565937,https://openalex.org/A5074565937,V Zárate,0000-0001-9145-3694,https://orcid.org/0000-0001-9145-3694,"Merck & Co., Inc., Rahway, NJ, USA (United States)",21,43,A5036153783=Víctor Zárate(1 eq),,
0,,ok,Alexander Arons,1,0,5,2013120;2013250;2013260;2014140;2016220,,,,A5044999875,https://openalex.org/A5044999875,Alexander M. M. Arons,,,Novartis (Netherlands),8,13,,,
0,,ok,Alice Yu,1,1,5,1888-RA;1890-RA;20180150;2335-RA;2584-RA,21551,Centre for Health Economics and Research Evaluation (CHERE),https://euroqol.org/about-us/our-members/member-detail/?memberid=21551,A5055148154,https://openalex.org/A5055148154,Alice L. Yu,0000-0003-2444-0505,https://orcid.org/0000-0003-2444-0505,Chang Gung University,2,492,,,
0,,ok,Donna Rowen,1,1,5,134-RA;1524-VS;20190140;2201-RA;222-RA,17833,University of Sheffield,https://euroqol.org/about-us/our-members/member-detail/?memberid=17833,A5067226056,https://openalex.org/A5067226056,Donna Rowen,0000-0003-3018-5109,https://orcid.org/0000-0003-3018-5109,,123,274,A5141744635=Donna Rowen(1 eq),,
0,,ok,Jan Busschbach,1,1,5,2013240;2015230;2016040;2016421;20170160,17875,Erasmus MC,https://euroqol.org/about-us/our-members/member-detail/?memberid=17875,A5020122364,https://openalex.org/A5020122364,Jan J.V. Busschbach,0000-0002-8602-0381,https://orcid.org/0000-0002-8602-0381,Erasmus MC,145,523,A5136664917=Jan Busschbach(2 eq),,
0,,ok,Lucky Ngwira,1,0,5,1734-TVG;1943-EO;20200030;2025-RA;2252-EO,,,,A5063482306,https://openalex.org/A5063482306,Lucky G. Ngwira,0000-0002-2695-8917,https://orcid.org/0000-0002-2695-8917,Kamuzu Central Hospital,6,41,,,
0,,ok,Mark Oppe,1,1,5,2013220;2015300;2016140;2016590;452-RA,17924,EuroQol Research Foundation,https://euroqol.org/about-us/our-members/member-detail/?memberid=17924,A5023709885,https://openalex.org/A5023709885,Mark Oppe,0000-0003-4286-8855,https://orcid.org/0000-0003-4286-8855,Erasmus MC,59,109,,,
0,,ok,Sarah Derrett,1,1,5,1543-RA;1812-PHD;2014190;2015170;2229-TR,17982,University of Otago,https://euroqol.org/about-us/our-members/member-detail/?memberid=17982,A5021576811,https://openalex.org/A5021576811,Sarah Derrett,0000-0003-2867-0498,https://orcid.org/0000-0003-2867-0498,University of Otago,60,237,,,
0,,ok,Sarah Dewilde,1,1,5,124-VS;1601-RA;20180640;20180641;2167-RA,17984,SHE,https://euroqol.org/about-us/our-members/member-detail/?memberid=17984,A5043932217,https://openalex.org/A5043932217,Sarah Dewilde,0000-0002-7315-3230,https://orcid.org/0000-0002-7315-3230,Department of Health Services,25,85,A5124247816=Sarah Dewilde(1 eq),,
0,,ok,Tianxin Pan,1,1,5,1472-PD;2284-BT;233-RA;2347-RA;428-RA,18002,,https://euroqol.org/about-us/our-members/member-detail/?memberid=18002,A5044860561,https://openalex.org/A5044860561,Tianxin Pan,0000-0002-2243-8818,https://orcid.org/0000-0002-2243-8818,The University of Melbourne,22,50,,,
0,,ok,Valentina Prevolnik Rupel,1,1,5,1687-RA;2013160;2013210;20170280;377-VS,18006,Institute for Economic Research,https://euroqol.org/about-us/our-members/member-detail/?memberid=18006,A5091343801,https://openalex.org/A5091343801,Valentina Prevolnik Rupel,0000-0002-1238-7156,https://orcid.org/0000-0002-1238-7156,,47,104,A5109424218=Valentina Prevolnik-Rupel(1 eq),,
0,,ok,Yan Feng,1,1,5,1650-RA;2015090;2015330;2016330;20180740,18016,Queen Mary University of London,https://euroqol.org/about-us/our-members/member-detail/?memberid=18016,A5053760337,https://openalex.org/A5053760337,Feng Yan,0000-0001-8663-6859,https://orcid.org/0000-0001-8663-6859,State Key Laboratory of Hydrology-Water Resources and Hydraulic Engineering,1,545,,,
0,,ok,Yared Belete Belay,1,0,5,1846-EO;229-RA;323-RA;327-RA;79-RA,,,,A5086002810,https://openalex.org/A5086002810,Yared Belete Belay,0000-0001-5473-3857,https://orcid.org/0000-0001-5473-3857,Monash Health,9,33,,,
0,,ok,Arthur Attema,1,0,4,1602-RA;236-RA;237-RA;435-RA,,,,A5082166488,https://openalex.org/A5082166488,Arthur E. Attema,0000-0003-3607-6579,https://orcid.org/0000-0003-3607-6579,Erasmus University Rotterdam,9,119,,,
0,,ok,Aureliano Finch,1,1,4,122-RA;1927-RA;20170210;20190460,19003,"EuroQol Office, EuroQol Research Foundation",https://euroqol.org/about-us/our-members/member-detail/?memberid=19003,A5055927783,https://openalex.org/A5055927783,Aureliano Paolo Finch,0000-0003-1438-321X,https://orcid.org/0000-0003-1438-321X,EuroQol Research Foundation,37,47,A5101780892=Aureliano Paolo Finch(6 eq); A5132652328=Aureliano Finch(1 eq); A5128721368=Aureliano Finch(2 eq),,
0,,ok,Elske van den Akker-van Marle,1,0,4,1447-RA;1792-SG;2408-RA;2420-BT,,,,A5032469209,https://openalex.org/A5032469209,M. Elske van den Akker‐van Marle,0000-0002-5269-509X,https://orcid.org/0000-0002-5269-509X,Leiden University Medical Center,27,209,A5018584587=Elske M van den Akker-van Marle(4 eq); A5098757921=M. Elske van den Akker – van Marle(1 eq),,
0,,ok,Gisela Cristiane Miyamoto,1,0,4,2308-VS;2410-RA;2468-RA;2482-EO,,,,A5024629360,https://openalex.org/A5024629360,Gisela Cristiane Miyamoto,0000-0002-6826-4278,https://orcid.org/0000-0002-6826-4278,Universidade Cidade de São Paulo,11,61,A5140658737=Gisela Cristiane Miyamoto(1 eq),,
0,,ok,Goitom Molalign Takele,1,0,4,1735-RA;227-RA;317-RA;449-RA,,,,A5009462612,https://openalex.org/A5009462612,Goitom Molalign Takele,0000-0002-9344-3390,https://orcid.org/0000-0002-9344-3390,Mekelle University,2,8,,,
0,,ok_via_works,Jia Jia Lee,1,0,4,1971-EO;2125-RA;2179-RA;2299-EO,,,,A5050544932,https://openalex.org/A5050544932,Jia Jia Lee,0000-0001-7821-9131,https://orcid.org/0000-0001-7821-9131,,5,,A5066191705=Beatrice Lee(2 eq); A5083334093=Kai Yi Lee(2 eq); A5100755625=Anna Lee(1 eq); A5037128541=Kyoung Suk Lee(1 eq); A5036716004=Huey-Er Lee(1 eq); A5014379458=Shaun Wen Huey Lee(1 eq); A5047279366=Rachel Lee-Yin Tan(1 eq); A5114057860=Yanni Jia(1 eq); A5072736104=Yung Seng Lee(1 eq); A5013850344=Nicole Kim Luan Lee(1 eq); A5077558407=P. Lee(1 eq); A5084226720=Misook L. Chung(1 eq); A5029678714=Eleena Shi Lynn Lee(1 eq); A5045869662=Chris Ban Loong Lee(1 eq); A5039183742=Shaun Qing Wei Lee(1 eq); A5086600809=Kheng Hock Lee(1 eq); A5014071868=Melanie Yee Lee Siaw(1 eq); A5044352202=Michelle Jia Xin Lee(1 eq); A5013704489=Joyce V. Lee(1 eq); A5115589358=Deborah Lee(1 eq); A5049216605=Sheldon Shao Guang Lee(1 eq); A5059757998=Kai Lee Woo(1 eq); A5050328284=Si Jia Lee(1 eq),,
0,,ok,Katy Gallop,1,0,4,1884-RA;2011-RA;2014-RA;2432-BT,,,,A5091811569,https://openalex.org/A5091811569,Katy Gallop,0000-0002-6826-3865,https://orcid.org/0000-0002-6826-3865,Lloyd's,46,77,,,
0,,ok,Kim Dalziel,1,0,4,111-RA;2017-RA;330-PHD;361-RA,,,,A5078953009,https://openalex.org/A5078953009,Kim Dalziel,0000-0003-4972-8871,https://orcid.org/0000-0003-4972-8871,The University of Melbourne,58,237,A5138004883=Kim Dalziel(1 eq),,
0,,ok,Lan Gao,1,0,4,1771-RA;198-RA;2141-RA;2363-BT,,,,A5043687438,https://openalex.org/A5043687438,Lan Gao,0000-0001-9734-1140,https://orcid.org/0000-0001-9734-1140,Deakin University,25,211,,,
0,,ok,Louise Longworth,1,1,4,2013190;2016300;20200020;2115-EOI,17916,Arrow Health Economics,https://euroqol.org/about-us/our-members/member-detail/?memberid=17916,A5046647690,https://openalex.org/A5046647690,Louise Longworth,0000-0003-2512-4862,https://orcid.org/0000-0003-2512-4862,Arrow International (United States),78,217,,,
0,,ok,Ning Yan Gu,1,1,4,246-RA;358-RA;409-RA;84-RA,17956,University of San Francisco,https://euroqol.org/about-us/our-members/member-detail/?memberid=17956,A5063972558,https://openalex.org/A5063972558,Ning Yan Gu,0000-0002-1250-7605,https://orcid.org/0000-0002-1250-7605,Exact Sciences (United States),28,84,A5088843664=Ning Yan Gu(3 eq),,
0,,ok,Peep Stalmeier,1,1,4,115-RA;1487-RA;2013010;2015150,17968,Radboudumc,https://euroqol.org/about-us/our-members/member-detail/?memberid=17968,A5013523692,https://openalex.org/A5013523692,Peep F. M. Stalmeier,0000-0002-7553-562X,https://orcid.org/0000-0002-7553-562X,Radboud University Nijmegen,24,163,,,
0,,ok,Rainer Reile,1,0,4,1960-RA;1987-SG;2569-RA;2621-VS,,,,A5036883637,https://openalex.org/A5036883637,Rainer Reile,0000-0001-9488-887X,https://orcid.org/0000-0001-9488-887X,National Institute for Health Development,3,59,,,
0,,ok,Stevanus Pangestu,1,0,4,1883-RA;2003-RA;2323-RA;2500-RA,,,,A5033743427,https://openalex.org/A5033743427,Stevanus Pangestu,0000-0003-2546-9449,https://orcid.org/0000-0003-2546-9449,Corvinus University of Budapest,11,36,A5143329800=Setiawan Stevanus Pangestu(1 eq),,
0,,ok_via_works,Wenjing Zhou,1,0,4,1654-TVG;1742-EO;1874-TVG;2152-RA,,,,A5080372262,https://openalex.org/A5080372262,Wenjing Zhou,0000-0003-0770-4564,https://orcid.org/0000-0003-0770-4564,,7,,A5025879429=Huifen Zhou(2 eq); A5045524881=Zhou Wenjing(2 eq); A5101270720=Wenjing Zhou(1 eq); A5102868531=Huifen Zhou(1 eq); A5100733635=Zhou Ying(1 eq); A5033264921=Sisi Zhou(1 eq),,
0,,ok,Aki Tsuchiya,1,1,3,2013170;2015180;20190840,17790,University of Sheffield,https://euroqol.org/about-us/our-members/member-detail/?memberid=17790,A5015417862,https://openalex.org/A5015417862,Aki Tsuchiya,0000-0003-4245-5399,https://orcid.org/0000-0003-4245-5399,University of Sheffield,73,272,,,
0,,ok,Andrew Lloyd,1,1,3,1475-RA;1806-RA;20190510,17791,Acaster Lloyd,https://euroqol.org/about-us/our-members/member-detail/?memberid=17791,A5031114648,https://openalex.org/A5031114648,Andrew Lloyd,0000-0002-7597-6556,https://orcid.org/0000-0002-7597-6556,Lloyd's,99,235,A5004304607=Andrew R. Lloyd(10 eq); A5079822735=Andrew W. Lloyd(2 eq),,
0,,ok,Annette Regan,1,0,3,1796-RA;260-RA;384-RA,,,,A5010948852,https://openalex.org/A5010948852,Annette K. Regan,0000-0002-3879-6193,https://orcid.org/0000-0002-3879-6193,Kaiser Permanente,4,226,A5055830496=A Regan(1 eq),,
0,,ok,Asrul Shafie,1,0,3,2016100;2016190;20190290,,,,A5089160643,https://openalex.org/A5089160643,Asrul Akmal Shafie,0000-0002-5629-9270,https://orcid.org/0000-0002-5629-9270,Universiti Sains Malaysia,76,416,A5122335686=Asrul Akmal Shafie(1 eq),,
0,,ok,Chris Sampson,1,1,3,116-RA;2112-EOI;427-RA,17815,Office of Health Economics,https://euroqol.org/about-us/our-members/member-detail/?memberid=17815,A5002636040,https://openalex.org/A5002636040,Chris Sampson,0000-0001-9470-2369,https://orcid.org/0000-0001-9470-2369,Office Of Health Economics,13,98,,,
0,,ok,Emily McDool,1,0,3,1455-RA;1665-RA;2097-RA,,,,A5006458172,https://openalex.org/A5006458172,Emily McDool,0000-0002-3530-7921,https://orcid.org/0000-0002-3530-7921,University of Sheffield,14,25,,,
0,,ok,Fernando Argento,1,0,3,2169-RA;2171-RA;2436-RA,,,,A5021426515,https://openalex.org/A5021426515,Fernando Argento,0000-0002-2492-8933,https://orcid.org/0000-0002-2492-8933,Instituto de Efectividad Clínica y Sanitaria,8,45,,,
0,,ok,Hannah Penton,1,1,3,1453-RA;1493-RA;1494-RA,17863,,https://euroqol.org/about-us/our-members/member-detail/?memberid=17863,A5056335393,https://openalex.org/A5056335393,Hannah Penton,0000-0001-9492-7875,https://orcid.org/0000-0001-9492-7875,Patient-Centered Outcomes Research Institute,13,26,,,
0,,ok,Irina Kinchin,1,0,3,1676-RA;1912-RA;235-RA,,,,A5054485095,https://openalex.org/A5054485095,Irina Kinchin,0000-0003-0133-2763,https://orcid.org/0000-0003-0133-2763,Trinity College Dublin,6,93,,,
0,,ok,Jan Abel Olsen,1,1,3,1830-RA;1973-TVG;2295-RA,17873,"Department of Community Medicine, UiT The Arctic University of Norway",https://euroqol.org/about-us/our-members/member-detail/?memberid=17873,A5052181611,https://openalex.org/A5052181611,Jan Abel Olsen,0000-0001-9472-2669,https://orcid.org/0000-0001-9472-2669,UiT The Arctic University of Norway,43,191,A5110162663=Jan-Abel Olsen(1 eq); A5125645599=Jan Abel Olsen(2 eq),,
0,,ok,John Brazier,1,1,3,2014080;2016660;2016710,17885,University of Sheffield,https://euroqol.org/about-us/our-members/member-detail/?memberid=17885,A5007276743,https://openalex.org/A5007276743,John Brazier,0000-0001-8645-4780,https://orcid.org/0000-0001-8645-4780,Novartis (Switzerland),268,860,,,
0,,ok,John Hartman,1,1,3,2016680;2016690;20180560,17887,GSK,https://euroqol.org/about-us/our-members/member-detail/?memberid=17887,A5108501222,https://openalex.org/A5108501222,Karen Hartman,,,,1,239,,,
0,,ok,Joshua Bonsel,1,0,3,145-RA;1483-TVG;287-PHD,,,,A5090783923,https://openalex.org/A5090783923,Joshua M. Bonsel,0000-0002-9143-5506,https://orcid.org/0000-0002-9143-5506,Erasmus MC,6,14,,,
0,,ok,Ling-Hsiang Chuang,1,1,3,1482-RA;2407-BT;241-RA,17913,,https://euroqol.org/about-us/our-members/member-detail/?memberid=17913,A5057802030,https://openalex.org/A5057802030,Ling‐Hsiang Chuang,,,Dutch Health Care Inspectorate,34,136,A5108613850=L Ling-Hsiang Chuang(1 eq),,
0,,ok,Maksat Jumamyradov,1,0,3,1716-TVG;207-RA;2428-RA,,,,A5067862987,https://openalex.org/A5067862987,Maksat Jumamyradov,0009-0008-0180-7224,https://orcid.org/0009-0008-0180-7224,University of South Florida,6,10,A5140589336=Maksat Jumamyradov(1 eq),,
0,,ok,Marufa Sultana,1,0,3,1646-RA;2106-RA;2417-RA,,,,A5035318354,https://openalex.org/A5035318354,Marufa Sultana,0000-0003-2475-6497,https://orcid.org/0000-0003-2475-6497,Deakin University,6,107,,,
0,,ok,María Belizán,1,0,3,1885-RA;2412-BT;2589-RA,,,,A5058351382,https://openalex.org/A5058351382,María Belizán,0000-0002-8739-5249,https://orcid.org/0000-0002-8739-5249,Instituto de Efectividad Clínica y Sanitaria,14,100,,,
0,,ok,Mihir Gandhi,1,1,3,20170180;2224-RA;389-RA,17936,Duke-NUS Medical School,https://euroqol.org/about-us/our-members/member-detail/?memberid=17936,A5087601665,https://openalex.org/A5087601665,Mihir Gandhi,0000-0002-8902-2710,https://orcid.org/0000-0002-8902-2710,Duke-NUS Medical School,23,168,A5112963139=Mihir Gandhi(4 eq),,
0,,ok,Mimmi Åström,1,1,3,1776-RA;2015400;20190980,17938,Karolinska Institutet,https://euroqol.org/about-us/our-members/member-detail/?memberid=17938,A5055089597,https://openalex.org/A5055089597,Mimmi Åström,0000-0002-6711-5262,https://orcid.org/0000-0002-6711-5262,Karolinska Institutet,14,17,,,
0,,ok,Mina Bahrampour,1,1,3,2075-EOI;2416-BT;466-RA,19032,University of Technology Sydney,https://euroqol.org/about-us/our-members/member-detail/?memberid=19032,A5068470091,https://openalex.org/A5068470091,Mina Bahrampour,0000-0002-6915-1865,https://orcid.org/0000-0002-6915-1865,University of Technology Sydney,15,30,,,
0,,ok,Minh Pham,1,0,3,1970-RA;2136-TVG;2305-BT,,,,A5077706356,https://openalex.org/A5077706356,Phạm Minh Khuê,0000-0003-2974-3484,https://orcid.org/0000-0003-2974-3484,Hai phong University Of Medicine and Pharmacy,5,131,A5100633569=Ngoc Minh Pham(1 eq),,
0,,ok,Ole Marten,1,1,3,1951-RA;2024-RA;2623-RA,17958,Bielefeld University,https://euroqol.org/about-us/our-members/member-detail/?memberid=17958,A5033160244,https://openalex.org/A5033160244,Ole Marten,0000-0002-2576-9110,https://orcid.org/0000-0002-2576-9110,Bielefeld University,13,19,,,
0,,ok,Oliver Rivero-Arias,1,1,3,20180240;2021-RA;206-RA,17960,University of Oxford,https://euroqol.org/about-us/our-members/member-detail/?memberid=17960,A5121462085,https://openalex.org/A5121462085,Oliver Rivero-Arias,,,University of Oxford,2,19,A5014510851=Oliver Rivero‐Arias(71 eq); A5140639649=Oliver Rivero-Arias(1 eq); A5091454927=O Rivero-Arias(1 eq),,
0,,ok,Philip Clarke,1,0,3,118-RA;1415-RA;310-RA,,,,A5072230333,https://openalex.org/A5072230333,Philip Clarke,0000-0002-7555-5348,https://orcid.org/0000-0002-7555-5348,The University of Melbourne,34,501,A5043755237=Graham Clarke(1 eq); A5101846816=Philip A. Clarke(1 eq),,
0,,ok,Philip Powell,1,0,3,1711-RA;1877-RA;307-RA,,,,A5072704582,https://openalex.org/A5072704582,Philip A. Powell,0000-0003-1169-3431,https://orcid.org/0000-0003-1169-3431,Philips (Finland),27,116,A5067487467=Philip Powell(1 eq),,
0,,ok,Rosalie Viney,1,1,3,148-RA;2015360;2016280,17976,University of Technology Sydney,https://euroqol.org/about-us/our-members/member-detail/?memberid=17976,A5076742980,https://openalex.org/A5076742980,Rosalie Viney,0000-0002-0039-9635,https://orcid.org/0000-0002-0039-9635,University of Technology Sydney,74,320,A5137922693=Rosalie Viney(1 eq),,
0,,ok,Sander van Kuijk,1,0,3,1569-RA;1983-PHD;2368-RA,,,,A5087173002,https://openalex.org/A5087173002,Sander M. J. van Kuijk,0000-0003-2796-729X,https://orcid.org/0000-0003-2796-729X,Maastricht University Medical Centre,46,669,A5113240423=Sander M J van Kuijk(1 eq),,
0,,ok,Shankar Prinja,1,0,3,20170520;2033-RA;2220-VS,,,,A5071690494,https://openalex.org/A5071690494,Shankar Prinja,0000-0001-7719-6986,https://orcid.org/0000-0001-7719-6986,Post Graduate Institute of Medical Education and Research,25,324,A5108973227=Shankar Prinja(3 eq),,
0,,ok,Suzana Karim,1,0,3,138-RA;139-RA;20190230R1,,,,A5003389681,https://openalex.org/A5003389681,Suzana Karim,0000-0002-3370-1554,https://orcid.org/0000-0002-3370-1554,University of Dhaka,3,6,,,
0,,ok,Thao Thai,1,0,3,1797-RA;1887-RA;1896-RA,,,,A5050171927,https://openalex.org/A5050171927,Thao Phuong Thi Thai,,,,2,8,,,
0,,ok,Titi Fitriana,1,0,3,20180490;20200010;2444-RA,,,,A5049547434,https://openalex.org/A5049547434,Titi Sahidah Fitriana,0000-0001-5062-6886,https://orcid.org/0000-0001-5062-6886,Yarsi University,12,18,,,
0,,ok,Vivian Reckers-Droog,1,0,3,1462-PHD;20190920;2154-RA,,,,A5121459836,https://openalex.org/A5121459836,Vivian Reckers-droog,,,Erasmus University Rotterdam,1,9,A5011536590=Vivian Reckers‐Droog(16 eq),,
0,,ok,Yiting Luo,1,0,3,1867-RA;2036-RA;2458-RA,,,,A5101270824,https://openalex.org/A5101270824,Yiting Luo,,,Anhui Polytechnic University,1,52,A5102541048=Yiting Luo(1 eq),,
0,,ok,madeeha malik,1,0,3,1670-VS;20180660;344-VS,,,,A5053689562,https://openalex.org/A5053689562,Madeeha Malik,0000-0001-5824-9405,https://orcid.org/0000-0001-5824-9405,Health Services Academy,16,104,A5101765730=Madeeha Malik(3 eq),,
0,,ok,Agota Szende,1,1,2,2015470;20191120,17789,Covance Health Economics & Outcomes Services,https://euroqol.org/about-us/our-members/member-detail/?memberid=17789,A5002095623,https://openalex.org/A5002095623,Ágota Szende,0000-0002-5880-3354,https://orcid.org/0000-0002-5880-3354,Genesis Research Trust,33,113,,,
0,,ok,Akanksha Akanksha,1,0,2,1799-RA;2511-RA,,,,A5101596594,https://openalex.org/A5101596594,Akanksha Akanksha,,,University of Technology Sydney,3,135,A5100727879=Ajay Singh(7 eq),,
0,,ok,Alex Bató,1,0,2,2260-RA;2441-RA,,,,A5009546494,https://openalex.org/A5009546494,Alex Bató,0000-0002-1450-4790,https://orcid.org/0000-0002-1450-4790,Semmelweis University,9,16,,,
0,,ok,Annushiah Vasan Thakumar,1,0,2,2297-EO;2629-RA,,,,A5007225491,https://openalex.org/A5007225491,Annushiah Vasan Thakumar,0000-0001-7261-1255,https://orcid.org/0000-0001-7261-1255,Taylor's University,25,32,,,
0,,ok,Arto Ohinmaa,1,1,2,1744-EO;2015380,17795,"School of Public Health, University of Alberta, Edmonton, Canada",https://euroqol.org/about-us/our-members/member-detail/?memberid=17795,A5087246819,https://openalex.org/A5087246819,Arto Öhinmaa,0000-0002-7094-1573,https://orcid.org/0000-0002-7094-1573,University of Alberta,83,317,A5142884152=Arto Ohinmaa(1 eq); A5138243837=Arto Ohinmaa(1 eq),,
0,,ok,Begashaw Melaku Gebresillassie,1,0,2,1591-RA;436-RA,,,,A5013305477,https://openalex.org/A5013305477,Begashaw Melaku Gebresillassie,0000-0003-0071-732X,https://orcid.org/0000-0003-0071-732X,Hunter Medical Research Institute,6,58,,,
0,,ok,Ben Van Hout,1,1,2,2014025;20190940,17799,Open Health/University of Sheffield,https://euroqol.org/about-us/our-members/member-detail/?memberid=17799,A5032690231,https://openalex.org/A5032690231,Ben van Hout,0000-0001-9698-6094,https://orcid.org/0000-0001-9698-6094,The Open Group,42,120,A5061316225=Ben A. van Hout(9 eq),,
0,,ok_via_works,Christine Mpundu-Kaambwa,1,0,2,1709-RA;2129-RA,,,,A5020619329,https://openalex.org/A5020619329,Christine Mpundu‐Kaambwa,0000-0002-8152-6068,https://orcid.org/0000-0002-8152-6068,The University of Melbourne,20,49,A5057576997=Billingsley Kaambwa(4 eq),,
0,,ok,David Mott,1,1,2,104-RA;432-RA,17821,Office of Health Economics,https://euroqol.org/about-us/our-members/member-detail/?memberid=17821,A5009132187,https://openalex.org/A5009132187,David Mott,0000-0001-5959-8447,https://orcid.org/0000-0001-5959-8447,University of Wisconsin–Madison,20,63,A5089519347=David A. Mott(1 eq),,
0,,ok,Edward Webb,1,1,2,2316-RA;289-RA,18646,University of Leeds,https://euroqol.org/about-us/our-members/member-detail/?memberid=18646,A5011344482,https://openalex.org/A5011344482,Edward Webb,0000-0001-7918-839X,https://orcid.org/0000-0001-7918-839X,University of Leeds,6,61,,,
0,,ok,Gerard De Pouvourville,1,0,2,20170510;20190020,,,,A5085975930,https://openalex.org/A5085975930,Gérard de Pouvourville,0000-0002-5941-6823,https://orcid.org/0000-0002-5941-6823,École Supérieure des Sciences Économiques et Commerciales,26,357,A5122802732=Gérard de Pouvourville(1 eq),,
0,,ok,Guangjie Zhang,1,0,2,1758-EO;1985-EO,,,,A5030831609,https://openalex.org/A5030831609,Guangjie Zhang,0000-0003-1311-8510,https://orcid.org/0000-0003-1311-8510,Murdoch University,6,71,A5102899697=Guangjie Zhang(1 eq),,
0,,ok,Haode Wang,1,0,2,1963-RA;2107-TVG,,,,A5073060343,https://openalex.org/A5073060343,Haode Wang,0000-0002-0759-7087,https://orcid.org/0000-0002-0759-7087,Shanghai Medical Information Center,1,7,A5081456702=Haode Wang(1 eq),,
0,,ok,Ines Buchholz,1,1,2,1785-RA;2016170,17869,None,https://euroqol.org/about-us/our-members/member-detail/?memberid=17869,A5043257626,https://openalex.org/A5043257626,Ines Buchholz,0000-0001-9729-6992,https://orcid.org/0000-0001-9729-6992,Universität Hamburg,12,41,,,
0,,ok,Jahangir Khan,1,0,2,1669-VS;2480-EO,,,,A5052565475,https://openalex.org/A5052565475,Jahangir Khan,0000-0002-6151-764X,https://orcid.org/0000-0002-6151-764X,Liverpool School of Tropical Medicine,5,125,,,
0,,ok,Jan Faller,1,0,2,1851-TVG;2197-EO,,,,A5043601549,https://openalex.org/A5043601549,Jan Faller,0000-0001-7645-2079,https://orcid.org/0000-0001-7645-2079,Monash Health,4,14,A5133161132=Jan Faller(1 eq); A5124626660=Jan Faller(1 eq),,
0,,ok,Jan Heijdra Suasnabar,1,0,2,2265-EO;2301-RA,,,,A5050459768,https://openalex.org/A5050459768,Jan M. Heijdra Suasnabar,0000-0002-8057-1318,https://orcid.org/0000-0002-8057-1318,Leiden University Medical Center,5,7,A5120850706=Jan Heijdra Suasnabar(1 eq); A5138766947=Jan Heijdra Suasnabar(1 eq),,
0,,ok,Jessica Roydhouse,1,0,2,1557-RA;2134-RA,,,,A5010221662,https://openalex.org/A5010221662,Jessica Roydhouse,0000-0002-8025-5841,https://orcid.org/0000-0002-8025-5841,University of Tasmania,15,123,,,
0,,ok,Jill Carlton,1,0,2,1988-RA;2148-RA,,,,A5051490866,https://openalex.org/A5051490866,Jill Carlton,0000-0002-9373-7663,https://orcid.org/0000-0002-9373-7663,University of Sheffield,63,171,A5003198517=J. Carlton(2 eq); A5140632085=Jill Carlton(1 eq),,
0,,ok,Lucila Rey Ares,1,1,2,2015340;2016340,17918,,https://euroqol.org/about-us/our-members/member-detail/?memberid=17918,A5045433583,https://openalex.org/A5045433583,Lucila Rey Ares,,,Pfizer (United States),2,25,A5059615453=Lucila Rey‐Ares(12 eq); A5121517102=Lucila Rey-Ares(1 eq),,
0,,ok,Marisa Da Santos,1,1,2,1445-RA;20190630,17922,Instituto Nacional de Cardiologia,https://euroqol.org/about-us/our-members/member-detail/?memberid=17922,A5070231679,https://openalex.org/A5070231679,Marisa Santos,0000-0002-2174-6800,https://orcid.org/0000-0002-2174-6800,Instituto Nacional de Cardiologia,25,164,,,
0,,ok,Martine Hoogendoorn,1,0,2,20190850;2339-BT,,,,A5033706754,https://openalex.org/A5033706754,Martine Hoogendoorn,0000-0002-7122-9780,https://orcid.org/0000-0002-7122-9780,Erasmus MC,10,106,,,
0,,ok,Matthijs Versteegh,1,1,2,2013310;2359-PHD,17928,Huygens & Versteegh,https://euroqol.org/about-us/our-members/member-detail/?memberid=17928,A5086031530,https://openalex.org/A5086031530,Matthijs Versteegh,0000-0003-4804-235X,https://orcid.org/0000-0003-4804-235X,Huygens Institute for History and Culture of the Netherlands,34,104,,,
0,,ok,Michael Herdman,1,1,2,2014110;2016730,17930,Insight Consulting & Research,https://euroqol.org/about-us/our-members/member-detail/?memberid=17930,A5006750775,https://openalex.org/A5006750775,Michael Herdman,0000-0002-8189-5357,https://orcid.org/0000-0002-8189-5357,National University of Singapore,67,87,A5107835766=Michael Herdman(29 eq); A5101442953=Michael Herdman(29 eq),,
0,,ok,Michela Meregaglia,1,0,2,2043-RA;351-RA,,,,A5038451583,https://openalex.org/A5038451583,Michela Meregaglia,0000-0003-0092-5970,https://orcid.org/0000-0003-0092-5970,Bocconi University,24,73,,,
0,,ok,Mihretab Gebreslassie,1,0,2,1781-RA;2564-RA,,,,A5085631323,https://openalex.org/A5085631323,Mihretab Gebreslassie,0000-0001-9556-0075,https://orcid.org/0000-0001-9556-0075,Stockholm County Council,6,21,,,
0,,ok,Milad Karimi,1,1,2,2016560;20190550,17937,,https://euroqol.org/about-us/our-members/member-detail/?memberid=17937,A5076374306,https://openalex.org/A5076374306,Milad Karimi,0000-0002-5298-174X,https://orcid.org/0000-0002-5298-174X,Yazd University,9,56,,,
0,,ok_via_works,Minghui Li,1,1,2,2016580;20180620,17942,University of Tennessee,https://euroqol.org/about-us/our-members/member-detail/?memberid=17942,A5100400064,https://openalex.org/A5100400064,Minghui Li,0000-0003-3673-5925,https://orcid.org/0000-0003-3673-5925,,3,,A5103108258=Minghui Li(2 eq); A5126745824=Minghui Zeng(2 eq); A5132606393=Linguo Li(2 eq); A5114833165=LI Ming-hui(1 eq); A5016268972=Minghui Li(1 eq); A5044045569=Li Chen(1 eq); A5065633769=Ting Li(1 eq); A5100656423=Zhifang Li(1 eq); A5003200680=Qian Li(1 eq); A5101562655=Yangchun Li(1 eq); A5024828661=Dongyun Li(1 eq); A5082645897=Yuneng Li(1 eq); A5007642188=Ruijiang Li(1 eq); A5085750703=Meng Li(1 eq); A5100683085=Bingyu Li(1 eq); A5016360933=Linguo Li(1 eq),,
0,,ok,Narcis Gusi,1,1,2,20170290;355-RA,17948,University of Extremadura (Spain),https://euroqol.org/about-us/our-members/member-detail/?memberid=17948,A5042480120,https://openalex.org/A5042480120,Narcís Gusi,0000-0002-1001-8883,https://orcid.org/0000-0002-1001-8883,Complejo Hospitalario de Cáceres,71,254,,,
0,,ok_via_works,Patricia Cubi-Molla,1,0,2,2016460;20180190,,,,A5087726711,https://openalex.org/A5087726711,Patricia Cubí‐Mollá,0000-0002-2803-7337,https://orcid.org/0000-0002-2803-7337,Office Of Health Economics,13,53,,,
0,,ok,Shitong Xie,1,0,2,2209-RA;2211-RA,,,,A5113241600,https://openalex.org/A5113241600,Shitong Xie,,,Tianjin University of Science and Technology,35,61,A5103283293=Shitong Xie(4 eq); A5121097943=Shitong Xie(1 eq),,
0,,ok,Shunya Ikeda,1,0,2,2013140;2014040,,,,A5064794823,https://openalex.org/A5064794823,Shunya Ikeda,0000-0002-1866-2155,https://orcid.org/0000-0002-1866-2155,Hiroshima University,34,300,A5071966276=Shunya Ikeda(1 eq),,
0,,ok,Stirling Bryan,1,1,2,164-RA;1787-RA,17994,University of British Columbia,https://euroqol.org/about-us/our-members/member-detail/?memberid=17994,A5015667412,https://openalex.org/A5015667412,Stirling Bryan,0000-0001-7093-3058,https://orcid.org/0000-0001-7093-3058,Vancouver Coastal Health,54,367,,,
0,,ok,Takeru Shiroiwa,1,0,2,20180280;2098-RA,,,,A5007564965,https://openalex.org/A5007564965,Takeru Shiroiwa,0000-0003-3055-9932,https://orcid.org/0000-0003-3055-9932,National Institute of Public Health,70,166,A5131473235=Shiroiwa Takeru(1 eq),,
0,,ok,Tie Parma Yamato,1,0,2,218-RA;220-VS,,,,A5034831401,https://openalex.org/A5034831401,Tiê Parma Yamato,0000-0002-5228-1292,https://orcid.org/0000-0002-5228-1292,The University of Sydney,8,112,,,
0,,ok,Trudy Sullivan,1,1,2,20180470;441-RA,18004,University of Otago,https://euroqol.org/about-us/our-members/member-detail/?memberid=18004,A5022698267,https://openalex.org/A5022698267,Trudy Sullivan,0000-0001-8452-2591,https://orcid.org/0000-0001-8452-2591,University of Otago,18,82,A5066639875=T Sullivan(1 eq),,
0,,ok,Xin Zhang,1,0,2,1972-RA;2649-EO,,,,A5100427821,https://openalex.org/A5100427821,Lixin Zhang,0000-0003-0894-9520,https://orcid.org/0000-0003-0894-9520,University of Science and Technology Liaoning,2,1125,,,
0,,ok,Xuejing Jin,1,1,2,217-EO;318-RA,18012,Beijing University of Chinese Medicine,https://euroqol.org/about-us/our-members/member-detail/?memberid=18012,A5008581679,https://openalex.org/A5008581679,Xuejing Jin,0000-0003-3513-2364,https://orcid.org/0000-0003-3513-2364,Beijing University of Chinese Medicine,33,61,,,
0,,ok,Aaron Winn,1,0,1,2349-BT,,,,A5066367734,https://openalex.org/A5066367734,Aaron N. Winn,0000-0003-2906-3913,https://orcid.org/0000-0003-2906-3913,University of Illinois Chicago,1,177,,,
0,,ok,Abdelghafour MARFAK,1,0,1,1411-VS,,,,A5024805890,https://openalex.org/A5024805890,Abdelghafour Marfak,0000-0002-4212-8438,https://orcid.org/0000-0002-4212-8438,National School of Architecture,21,79,,,
0,,ok,Abdulmuminu Isah,1,0,1,2236-VS,,,,A5024575926,https://openalex.org/A5024575926,Abdulmuminu Isah,0000-0002-1349-6434,https://orcid.org/0000-0002-1349-6434,University of Nigeria,8,103,A5128234390=Isah Abdulmuminu(1 eq),,
0,,ok,Abdulrasheed Hassan Yusuf,1,0,1,1731-VS,,,,A5138651068,https://openalex.org/A5138651068,Abdulrasheed Hassan Yusuf,,,Mahidol University,1,1,,,
0,,ok,Abeer Al Rabayah,1,0,1,60-VS,,,,A5058964513,https://openalex.org/A5058964513,Abeer Al Rabayah,0000-0003-2952-9103,https://orcid.org/0000-0003-2952-9103,King Hussein Cancer Center,9,28,A5133668877=Abeer Al Rabayah(1 eq),,
0,,ok,Ademola Itiola,1,0,1,1753-PHD,,,,A5093433205,https://openalex.org/A5093433205,Ademola Itiola,,,University of Alberta,2,2,A5009099235=Ademola Joshua Itiola(1 eq),,
0,,ok,Alexander Geissler,1,0,1,301-SG,,,,A5089010455,https://openalex.org/A5089010455,Alexander Geißler,0000-0002-7445-2929,https://orcid.org/0000-0002-7445-2929,University of St.Gallen,11,232,A5121250490=Alexander Geissler(2 eq),,
0,,ok,Alexander van Heusden,1,0,1,1739-EO,,,,A5070658848,https://openalex.org/A5070658848,Alexander van Heusden,0009-0007-8055-5450,https://orcid.org/0009-0007-8055-5450,Murdoch Children's Research Institute,6,37,,,
0,,ok,Andrea L. Monteiro,1,0,1,161-RA,,,,A5024494805,https://openalex.org/A5024494805,A Monteiro,0000-0001-9763-3485,https://orcid.org/0000-0001-9763-3485,Clinton College,20,53,,,
0,,ok,Andrew Lenny,1,0,1,239-RA,,,,A5029564514,https://openalex.org/A5029564514,Andrew Lenny,0000-0002-9325-0062,https://orcid.org/0000-0002-9325-0062,People's History Museum,4,10,,,
0,,ok,Ann Charlotte Egmar,1,0,1,2013060,,,,A5037683865,https://openalex.org/A5037683865,Ann‐Charlotte Egmar,0000-0003-2504-343X,https://orcid.org/0000-0003-2504-343X,Röda Korsets Högskola,16,32,,,
0,,ok,Anna Krabbe-Lugner,1,1,1,2015010,17793,"Ministry of Infrastructure and Water Management, the Netherlands",https://euroqol.org/about-us/our-members/member-detail/?memberid=17793,A5047866823,https://openalex.org/A5047866823,Anna K. Lugnér,,,,3,36,A5086897701=Anna Norinder(2 eq); A5034856594=Lugnér Norinder Anna(1 eq),,
0,,ok,Antony Martin,1,0,1,319-RA,,,,A5070568819,https://openalex.org/A5070568819,Antony P. Martin,0000-0003-4383-6038,https://orcid.org/0000-0003-4383-6038,,13,125,A5006233066=Martin M. Antony(2 eq),,
0,,ok,Arjun Bhadhuri,1,0,1,2506-RA,,,,A5064578943,https://openalex.org/A5064578943,Arjun Bhadhuri,0000-0003-1220-0731,https://orcid.org/0000-0003-1220-0731,University of Basel,12,23,,,
0,,ok,Ava Hoogenboom,1,0,1,1934-TVG,,,,A5117116214,https://openalex.org/A5117116214,Ava F H Hoogenboom,0009-0004-2252-454X,https://orcid.org/0009-0004-2252-454X,Erasmus University Rotterdam,2,2,,,
0,,ok,Beata Koń,1,0,1,91-RA,,,,A5070682056,https://openalex.org/A5070682056,Beata Koń,0000-0003-2190-4546,https://orcid.org/0000-0003-2190-4546,National Health Insurance Fund,1,34,,,
0,,ok,Benedicte Lescrauwaet,1,0,1,2403-BT,,,,A5076552397,https://openalex.org/A5076552397,Bénédicte Lescrauwaet,0000-0002-7976-0330,https://orcid.org/0000-0002-7976-0330,Ghent University Hospital,3,81,,,
0,,ok,Bernhard Slaap,1,0,1,20200050,,,,A5001372652,https://openalex.org/A5001372652,Bernhard Slaap,0000-0002-4301-4790,https://orcid.org/0000-0002-4301-4790,EuroQol Research Foundation,8,8,,,
0,,ok,Birol Yetim,1,0,1,2247-VS,,,,A5048427287,https://openalex.org/A5048427287,Birol Yetim,0000-0002-1294-1874,https://orcid.org/0000-0002-1294-1874,Muş Alparslan University,1,28,,,
0,,ok,Brigitte Essers,1,0,1,2016740,,,,A5056962219,https://openalex.org/A5056962219,Brigitte A.B. Essers,0000-0002-7703-7114,https://orcid.org/0000-0002-7703-7114,Maastricht University Medical Centre,16,114,A5027908703=Brigitte Essers(1 eq); A5121223439=Brigitte A. B. Essers(1 eq); A5133815045=Brigitte A B Essers(1 eq),,
0,,ok,Camilla Falivena,1,0,1,354-RA,,,,A5014952669,https://openalex.org/A5014952669,Camilla Falivena,0000-0003-3259-095X,https://orcid.org/0000-0003-3259-095X,Libera Università Maria SS. Assunta,1,21,,,
0,,ok,Cathrine Elgaard Jensen,1,0,1,1606-RA,,,,A5102727513,https://openalex.org/A5102727513,Cathrine Elgaard Jensen,0000-0001-7300-254X,https://orcid.org/0000-0001-7300-254X,Aalborg University,9,12,A5003573062=Cathrine Elgaard Jensen(3 eq),,
0,,ok_via_works,Ciaran O'Neill,1,0,1,2013280,,,,A5016414995,https://openalex.org/A5016414995,Ciarán O’Neill,0000-0001-7668-3934,https://orcid.org/0000-0001-7668-3934,Queen's University Belfast,27,306,A5074975521=Ciaran O’Neill(1 eq); A5026057829=Ciaran O'Neill(3 eq); A5013966743=Linda O’Neill(2 eq); A5077308157=Stephen O’Neill(1 eq); A5027267415=Brian Patrick O’Neill(1 eq),,
0,,ok,Claire Gudex,1,1,1,20170400,17817,University of Southern Denmark,https://euroqol.org/about-us/our-members/member-detail/?memberid=17817,A5047944478,https://openalex.org/A5047944478,Claire Gudex,0000-0003-3881-9890,https://orcid.org/0000-0003-3881-9890,University of Southern Denmark,40,125,,,
0,,ok,Corneliu Bolbocean,1,0,1,1869-SG,,,,A5018646670,https://openalex.org/A5018646670,Corneliu Bolbocean,0000-0001-5782-1844,https://orcid.org/0000-0001-5782-1844,John Radcliffe Hospital,12,44,A5060530858=C Bolbocean(2 eq),,
0,,ok,Cynthia L. Gong,1,0,1,328-RA,,,,A5101451604,https://openalex.org/A5101451604,Cynthia L. Gong,0000-0003-0159-1335,https://orcid.org/0000-0003-0159-1335,Children's Hospital of Los Angeles,9,83,,,
0,,ok,Darshini Govindasamy,1,0,1,144-RA,,,,A5050754442,https://openalex.org/A5050754442,Darshini Govindasamy,0000-0001-5984-3588,https://orcid.org/0000-0001-5984-3588,South African Medical Research Council,2,65,,,
0,,ok,David Parkin,1,1,1,20170440,17823,,https://euroqol.org/about-us/our-members/member-detail/?memberid=17823,A5081956728,https://openalex.org/A5081956728,David Parkin,0000-0002-9990-8208,https://orcid.org/0000-0002-9990-8208,,44,221,A5113714864=David E. Parkin(8 eq); A5062986955=David G. Marrero(18 eq),,
0,,ok,David Whitehurst,1,1,1,2016350,17825,Simon Fraser University,https://euroqol.org/about-us/our-members/member-detail/?memberid=17825,A5045933977,https://openalex.org/A5045933977,David G. T. Whitehurst,0000-0002-7890-6756,https://orcid.org/0000-0002-7890-6756,Simon Fraser University,46,107,A5139456769=David G. Whitehurst(1 eq),,
0,,ok,Deborah Marshall,1,0,1,1752-RA,,,,A5049401142,https://openalex.org/A5049401142,Deborah A. Marshall,0000-0002-8467-8008,https://orcid.org/0000-0002-8467-8008,University of Calgary,27,548,A5007980923=Deborah Marshall(3 eq),,
0,,ok,Deborah Street,1,1,1,20190350,17827,University of Technology Sydney,https://euroqol.org/about-us/our-members/member-detail/?memberid=17827,A5053497885,https://openalex.org/A5053497885,Deborah J. Street,0000-0002-4476-0656,https://orcid.org/0000-0002-4476-0656,University of Technology Sydney,21,187,,,
0,,ok,Des Scott,1,1,1,2248-TR,17829,University of Cape Town,https://euroqol.org/about-us/our-members/member-detail/?memberid=17829,A5038664789,https://openalex.org/A5038664789,Des Scott,0000-0003-3943-7392,https://orcid.org/0000-0003-3943-7392,University of Cape Town,15,20,,,
0,,ok,Elena Olariu,1,0,1,20180030R1,,,,A5018887750,https://openalex.org/A5018887750,Elena Olariu,0000-0002-8718-5516,https://orcid.org/0000-0002-8718-5516,Matia Fundazioa,7,33,,,
0,,ok,Eliza Wong,1,0,1,20180750,,,,A5033480820,https://openalex.org/A5033480820,Eliza Lai‐Yi Wong,0000-0001-9983-6219,https://orcid.org/0000-0001-9983-6219,Department of Health,44,373,A5053432946=Eliza Mi Ling Wong(6 eq),,
0,,ok,Emelie Heintz,1,0,1,20180760,,,,A5052327641,https://openalex.org/A5052327641,Emelie Heintz,0000-0002-0715-7591,https://orcid.org/0000-0002-0715-7591,Stockholm School of Economics,30,81,,,
0,,ok,Eri Hoshino,1,0,1,2085-VS,,,,A5068533812,https://openalex.org/A5068533812,Eri Hoshino,0000-0003-2308-2048,https://orcid.org/0000-0003-2308-2048,National Center For Child Health and Development,4,77,,,
0,,ok,Erwin Birnie,1,0,1,20200060,,,,A5023843843,https://openalex.org/A5023843843,Erwin Birnie,0000-0002-4534-4857,https://orcid.org/0000-0002-4534-4857,University Medical Center Groningen,31,341,,,
0,,ok,Eszter Szlávicz,1,0,1,2400-RA,,,,A5086041403,https://openalex.org/A5086041403,Eszter Szlávicz,0000-0002-1083-0994,https://orcid.org/0000-0002-1083-0994,Veszprémi Érseki Hittudományi Fõiskola,1,33,,,
0,,ok,Gerkens Sophie,1,0,1,20170491,,,,A5063513647,https://openalex.org/A5063513647,Sophie Gerkens,0000-0001-6211-3471,https://orcid.org/0000-0001-6211-3471,Belgian Health Care Knowledge Centre (KCE),4,154,,,
0,,ok,Girma Tekle Gebremariam,1,0,1,343-RA,,,,A5008650274,https://openalex.org/A5008650274,Girma Tekle Gebremariam,0000-0002-2747-7955,https://orcid.org/0000-0002-2747-7955,Addis Ababa University,10,22,,,
0,,ok,Hannah Hussain,1,0,1,1967-RA,,,,A5015275165,https://openalex.org/A5015275165,Hannah Hussain,0009-0002-5645-184X,https://orcid.org/0009-0002-5645-184X,Office Of Health Economics,5,12,,,
0,,ok,Helen Harcombe,1,0,1,2015160,,,,A5081829233,https://openalex.org/A5081829233,Helen Harcombe,0000-0002-2612-1789,https://orcid.org/0000-0002-2612-1789,University of Otago,2,56,,,
0,,ok,Hesam Ghiasvand,1,0,1,2423-BT,,,,A5011771775,https://openalex.org/A5011771775,Hesam Ghiasvand,0000-0002-3110-6954,https://orcid.org/0000-0002-3110-6954,University of Warwick,1,60,,,
0,,ok,Hilton Lam,1,0,1,20170230,,,,A5071601943,https://openalex.org/A5071601943,Hilton Y. Lam,0000-0003-4042-5997,https://orcid.org/0000-0003-4042-5997,University of the Philippines Manila,6,104,,,
0,,ok,Hsiang-Wen Lin,1,0,1,2016440,,,,A5003956817,https://openalex.org/A5003956817,Hsiang‐Wen Lin,0000-0002-6771-6746,https://orcid.org/0000-0002-6771-6746,China Medical University,13,68,A5100874069=Hsiang-Wen Lin(4 eq); A5108671876=Hsiang-Wen Lin(1 eq),,
0,,ok,Ilan Koppen,1,0,1,1468-RA,,,,A5031557006,https://openalex.org/A5031557006,Ilan J.N. Koppen,0000-0002-1856-0968,https://orcid.org/0000-0002-1856-0968,Emma Kinderziekenhuis,5,98,,,
0,,ok,Ilias Goranitis,1,0,1,454-RA,,,,A5023451391,https://openalex.org/A5023451391,Ilias Goranitis,0000-0001-7946-8324,https://orcid.org/0000-0001-7946-8324,The University of Melbourne,14,153,,,
0,,ok,Iwan van der Horst,1,0,1,1539-SG,,,,A5024802434,https://openalex.org/A5024802434,Iwan C.C. van der Horst,0000-0003-3891-8522,https://orcid.org/0000-0003-3891-8522,Cardiovascular Institute Hospital,11,342,A5109996343=Iwan C. van der Horst(1 eq); A5109591436=Iwan van der Horst(1 eq); A5104342410=Iwan C. C. van der Horst(1 eq),,
0,,ok,Jan Henrik Terheyden,1,0,1,2357-BT,,,,A5069023369,https://openalex.org/A5069023369,Jan Henrik Terheyden,0000-0002-0174-4066,https://orcid.org/0000-0002-0174-4066,University of Bonn,3,97,,,
0,,ok,Jan Verhaar,1,0,1,200-RA,,,,A5035697100,https://openalex.org/A5035697100,Jan A.N. Verhaar,0000-0003-3016-9600,https://orcid.org/0000-0003-3016-9600,Erasmus MC,11,575,,,
0,,ok,Janine van Til,1,0,1,285-PHD,,,,A5070605387,https://openalex.org/A5070605387,Janine A. van Til,0000-0002-5416-5893,https://orcid.org/0000-0002-5416-5893,University of Twente,3,135,,,
0,,ok,Jenny Downs,1,0,1,429-RA,,,,A5045593878,https://openalex.org/A5045593878,Jenny Downs,0000-0001-7358-9037,https://orcid.org/0000-0001-7358-9037,The Kids Research Institute Australia,11,334,,,
0,,ok,Jeremy Dietz,1,0,1,1879-EO,,,,A5078556304,https://openalex.org/A5078556304,Jeremy Dietz,,,National Institute for Health and Care Excellence,1,6,A5123048171=Jeremy Dietz(1 eq),,
0,,ok,Jermaine Dambi,1,0,1,212-RA,,,,A5081348197,https://openalex.org/A5081348197,Jermaine M. Dambi,0000-0002-2446-7903,https://orcid.org/0000-0002-2446-7903,University of Zimbabwe,18,81,A5048329641=Jermaine Matewu Dambi(1 eq),,
0,,ok,Jeshika Singh,1,0,1,2015390,,,,A5036902866,https://openalex.org/A5036902866,Jeshika Singh,0000-0003-3321-5481,https://orcid.org/0000-0003-3321-5481,Daiichi Sankyo (United States),9,30,,,
0,,ok,Jiabi Wen,1,0,1,2288-EO,,,,A5001767251,https://openalex.org/A5001767251,Jiabi Wen,0000-0001-9579-9625,https://orcid.org/0000-0001-9579-9625,University of Alberta,6,13,,,
0,,ok_via_works,Jiyoung Park,1,0,1,2450-RA,,,,A5100409602,https://openalex.org/A5100409602,Jiyoung Park,0000-0003-1374-9187,https://orcid.org/0000-0003-1374-9187,,6,,A5004062042=Hyeung-Keun Park(3 eq); A5083008074=Young-Kwon Park(3 eq); A5079480739=Danbee Park(1 eq); A5011904557=Chongwon Park(1 eq); A5101847622=Myungsook Park(1 eq); A5016509472=Hee‐Won Park(1 eq); A5012306986=Hue Jung Park(1 eq); A5067451446=Chun Wook Park(1 eq); A5080320128=Chul Jong Park(1 eq); A5080097273=Hai‐Jin Park(1 eq); A5070659323=Jiyoung Park(1 eq); A5068610788=Chaehyun Park(1 eq),,
0,,ok,John Yfantopoulos,1,1,1,1710-VS,17889,University of Athens,https://euroqol.org/about-us/our-members/member-detail/?memberid=17889,A5050078092,https://openalex.org/A5050078092,John Yfantopoulos,0000-0003-0424-6887,https://orcid.org/0000-0003-0424-6887,National and Kapodistrian University of Athens,26,125,,,
0,,ok,Jose Luis Pinto-Prades,1,0,1,2015210,,,,A5017788431,https://openalex.org/A5017788431,José Luis Pinto Prades,0000-0002-9684-3410,https://orcid.org/0000-0002-9684-3410,Universidad de Navarra,22,171,,,
0,,ok,Josephine Walker,1,0,1,1732-VS,,,,A5038317615,https://openalex.org/A5038317615,Josephine G. Walker,0000-0002-9732-5738,https://orcid.org/0000-0002-9732-5738,At Bristol,5,164,,,
0,,ok_via_works,Juan Pedro Alonso,1,0,1,2592-RA,,,,A5109481311,https://openalex.org/A5109481311,María del Mar Alonso Montejo,,,,2,,A5111943550=Juan Carlos Torre‐Alonso(1 eq); A5082257111=Mónica Alonso-Martín(1 eq); A5093199173=Rafael Alonso-Valente(1 eq); A5018990701=Ma José Catalán Alonso(1 eq); A5072403243=Javier Blasco‐Alonso(1 eq); A5093481784=Natalia Alonso‐Pérez(1 eq); A5056614217=José Ramón Alberto‐Alonso(1 eq); A5093481794=Pedro Alonso‐López(1 eq); A5079030463=Rafael Alonso Valente(1 eq); A5102667392=Alonso R. Valente(1 eq),,
0,,ok,Judith Bosmans,1,0,1,71-RA,,,,A5016039203,https://openalex.org/A5016039203,Judith E. Bosmans,0000-0002-1443-1026,https://orcid.org/0000-0002-1443-1026,Department of Health,54,377,,,
0,,ok,Julie Ratcliffe,1,0,1,194-RA,,,,A5070505553,https://openalex.org/A5070505553,Julie Ratcliffe,0000-0001-7365-1988,https://orcid.org/0000-0001-7365-1988,Flinders University,140,507,A5103150407=Julie Ratcliffe(1 eq),,
0,,ok,Juntana Pattanaphesaj,1,0,1,2013030,,,,A5040546783,https://openalex.org/A5040546783,Juntana Pattanaphesaj,0000-0003-1426-6777,https://orcid.org/0000-0003-1426-6777,Ministry of Public Health,5,9,,,
0,,ok,KM Vermeulen,1,0,1,2016700,,,,A5110324582,https://openalex.org/A5110324582,KM Vermeulen,,,University Medical Center Groningen,1,4,A5093753904=Vermeulen KM(1 eq),,
0,,ok,Katie Page,1,0,1,20180301,,,,A5103147397,https://openalex.org/A5103147397,Karen Page,0000-0001-9183-9175,https://orcid.org/0000-0001-9183-9175,University of Technology Sydney,3,276,A5055703081=Katie Page(1 eq),,
0,,ok,Katie Spencer,1,0,1,20180670,,,,A5073760994,https://openalex.org/A5073760994,Katie Spencer,0000-0002-6846-4341,https://orcid.org/0000-0002-6846-4341,University of Leeds,1,89,,,
0,,ok,Kelly de Ligt,1,0,1,2317-RA,,,,A5000687889,https://openalex.org/A5000687889,Kelly M. de Ligt,0000-0001-9218-617X,https://orcid.org/0000-0001-9218-617X,Tilburg University,23,68,A5114124402=Kelly de Ligt(1 eq); A5085064498=K. de Ligt(2 eq),,
0,,ok,Kidu Gidey,1,0,1,1627-RA,,,,A5040157120,https://openalex.org/A5040157120,Kidu Gidey,0000-0002-7363-1327,https://orcid.org/0000-0002-7363-1327,Mekelle University,2,40,,,
0,,ok,Klas Goran Sahlen,1,0,1,20180770,,,,A5069574274,https://openalex.org/A5069574274,Klas-Göran Sahlèn,0000-0002-3975-4868,https://orcid.org/0000-0002-3975-4868,,13,71,,,
0,,ok,Knut Stavem,1,1,1,1816-RA,17899,Akershus University Hospital,https://euroqol.org/about-us/our-members/member-detail/?memberid=17899,A5033845511,https://openalex.org/A5033845511,Knut Stavem,0000-0003-4512-8000,https://orcid.org/0000-0003-4512-8000,University of Oslo,66,287,,,
0,,ok,Kompal Sinha,1,0,1,430-RA,,,,A5026880787,https://openalex.org/A5026880787,Kompal Sinha,0000-0003-4318-6100,https://orcid.org/0000-0003-4318-6100,International Labour Organization,6,93,,,
0,,ok,Kristina Burström,1,0,1,2016480,,,,A5005862614,https://openalex.org/A5005862614,Kristina Burström,0000-0001-9996-4317,https://orcid.org/0000-0001-9996-4317,Karolinska Institutet,60,89,,,
0,,ok,Kristina Ludwig,1,1,1,1762-RA,17905,"(1) Department of Health Economics & Health Care Management, School of Public Health, Bielefeld University, Germany; (2) EuroQol Research Foundation",https://euroqol.org/about-us/our-members/member-detail/?memberid=17905,A5035184665,https://openalex.org/A5035184665,Kristina Ludwig,0000-0002-4306-4667,https://orcid.org/0000-0002-4306-4667,Bielefeld University,28,46,A5106693152=Ludwig Kristina(1 eq),,
0,,ok,Lars Ehlers,1,0,1,20170401,,,,A5054828864,https://openalex.org/A5054828864,Lars Holger Ehlers,0000-0001-6512-5566,https://orcid.org/0000-0001-6512-5566,Nordic School of Public Health,26,310,,,
0,,ok,Lina Maria Serna Higuita,1,0,1,2338-RA,,,,A5022647682,https://openalex.org/A5022647682,Lina María Serna-­Higuita,0000-0001-5182-8295,https://orcid.org/0000-0001-5182-8295,Institute for Medical Informatics and Biostatistics,4,228,,,
0,,ok,Luis Rajmil,1,0,1,2016490,,,,A5000326162,https://openalex.org/A5000326162,Luís Rajmil,0000-0002-6625-0649,https://orcid.org/0000-0002-6625-0649,Agencia de Salud Pública de Barcelona,66,211,,,
0,,ok,Malin Regardt,1,0,1,352-RA,,,,A5010406225,https://openalex.org/A5010406225,Malin Regardt,0000-0002-1908-5708,https://orcid.org/0000-0002-1908-5708,Karolinska University Hospital,21,57,A5085481794=M Regardt(3 eq); A5137968190=Malin Regardt(1 eq); A5143489809=Malin Regardt(1 eq),,
0,,ok,Margreet Franken,1,0,1,196-RA,,,,A5089696059,https://openalex.org/A5089696059,M Franken,0000-0003-4207-510X,https://orcid.org/0000-0003-4207-510X,Radboud University Nijmegen,9,104,,,
0,,ok,Mark Sculpher,1,0,1,20180710,,,,A5060049178,https://openalex.org/A5060049178,Mark Sculpher,0000-0003-3746-9913,https://orcid.org/0000-0003-3746-9913,University of York,90,641,A5129518673=Mark Sculpher(2 eq),,
0,,ok,Martijn Doeleman,1,0,1,2101-EO,,,,A5038383689,https://openalex.org/A5038383689,Martijn J. H. Doeleman,0000-0003-4786-4108,https://orcid.org/0000-0003-4786-4108,Utrecht University,2,13,,,
0,,ok,Martin Härter,1,0,1,1719-RA,,,,A5048738092,https://openalex.org/A5048738092,Martin Härter,0000-0001-7443-9890,https://orcid.org/0000-0001-7443-9890,Universität Hamburg,24,856,,,
0,,ok,Maureen Rutten-van Molken,1,0,1,2015020,,,,A5010272673,https://openalex.org/A5010272673,Maureen Rutten‐van Mölken,0000-0001-8706-3159,https://orcid.org/0000-0001-8706-3159,Erasmus University Rotterdam,60,478,A5121515935=Maureen Rutten-van Mölken(2 eq),,
0,,ok,Meixia Liao,1,0,1,1979-EO,,,,A5079423723,https://openalex.org/A5079423723,Meixia Liao,0000-0001-7859-3684,https://orcid.org/0000-0001-7859-3684,National University of Singapore,8,17,,,
0,,ok_via_works,Min-Joo Woo,1,0,1,2013020,,,,A5028665396,https://openalex.org/A5028665396,Woo‐Jung Song,0000-0002-4630-9922,https://orcid.org/0000-0002-4630-9922,,4,,A5101624294=Jae‐Woo Jung(3 eq); A5024260821=Jae‐Woo Kwon(3 eq); A5083043316=Woo‐Kie Min(2 eq); A5053689286=Woo Kyung Kim(2 eq); A5100452176=Sang Woo Kim(2 eq); A5087392818=Min Woo Woo(1 eq); A5052219459=Cheol Woo Ko(1 eq); A5049488372=Jin-Woo Han(1 eq); A5090604870=Jong‐Min Woo(1 eq); A5043314694=Ro Woo Lee(1 eq); A5089346856=Yu Ri Woo(1 eq); A5033724239=Heung‐Woo Park(1 eq); A5005485828=Kun Woo Park(1 eq); A5100742649=Jae Woo Kim(1 eq); A5102811811=Cheol-Woo Kim(1 eq); A5077513339=Young-Min Ye(1 eq); A5101923707=Joohee Kim(1 eq),,
0,,ok,Nyantara Wickramasekera,1,0,1,2102-RA,,,,A5077076014,https://openalex.org/A5077076014,Nyantara Wickramasekera,0000-0002-6552-5153,https://orcid.org/0000-0002-6552-5153,University of Sheffield,4,58,,,
0,,ok,Oriana Ciani,1,0,1,316-EO,,,,A5008052793,https://openalex.org/A5008052793,Oriana Ciani,0000-0002-3607-0508,https://orcid.org/0000-0002-3607-0508,University of Exeter,28,259,,,
0,,ok,Paul Krabbe,1,1,1,2014150,17964,University Medical Center Groningen,https://euroqol.org/about-us/our-members/member-detail/?memberid=17964,A5061371202,https://openalex.org/A5061371202,Paul F. M. Krabbe,0000-0001-6042-1243,https://orcid.org/0000-0001-6042-1243,University Medical Center Groningen,89,266,A5088926761=Krabbe Paul(1 eq),,
0,,ok,Pedro Ferreira,1,0,1,2015110,,,,A5048178253,https://openalex.org/A5048178253,Pedro Lopes Ferreira,0000-0002-9448-9542,https://orcid.org/0000-0002-9448-9542,University of Lisbon,53,349,A5100602883=João Pedro Ferreira(13 eq),,
0,,ok,Piyameth Dilokthornsakul,1,0,1,1982-VS,,,,A5013970219,https://openalex.org/A5013970219,Piyameth Dilokthornsakul,0000-0002-6981-1771,https://orcid.org/0000-0002-6981-1771,Nakornping Hospital,11,176,,,
0,,ok,Prudence Cheung,1,0,1,1808-RA,,,,A5011025629,https://openalex.org/A5011025629,Prudence Wing Hang Cheung,0000-0002-3213-7373,https://orcid.org/0000-0002-3213-7373,University of Hong Kong,32,117,A5129501642=Prudence Cheung(4 eq),,
0,,ok,Rebecca Addo,1,0,1,1899-RA,,,,A5005424373,https://openalex.org/A5005424373,Rebecca Addo,0000-0002-5970-1122,https://orcid.org/0000-0002-5970-1122,University of Technology Sydney,6,29,,,
0,,ok,Sarega Gurudas,1,0,1,2139-RA,,,,A5067968462,https://openalex.org/A5067968462,Sarega Gurudas,0000-0002-2656-0570,https://orcid.org/0000-0002-2656-0570,Moorfields Eye Hospital NHS Foundation Trust,1,46,,,
0,,ok,Sayem Ahmed,1,0,1,2202-VS,,,,A5011474576,https://openalex.org/A5011474576,Sayem Ahmed,0000-0001-9499-1500,https://orcid.org/0000-0001-9499-1500,Department of Health and Social Care,11,227,,,
0,,ok,Seungjin Bae,1,0,1,2510-VS,,,,A5038405248,https://openalex.org/A5038405248,SeungJin Bae,0000-0002-8993-8884,https://orcid.org/0000-0002-8993-8884,Ewha Womans University,1,117,,,
0,,ok,Simone Schieskow,1,1,1,20180450,17990,"Bielefeld University, School of Public Health, Department of Health Economics and Health Care Management",https://euroqol.org/about-us/our-members/member-detail/?memberid=17990,A5117152200,https://openalex.org/A5117152200,Simone Schieskow,,,Bielefeld University,3,4,,,
0,,ok,Soumana Chamoun Nasser,1,0,1,2585-RA,,,,A5029600163,https://openalex.org/A5029600163,Soumana C. Nasser,0000-0003-4202-7116,https://orcid.org/0000-0003-4202-7116,Lebanese American University,5,38,,,
0,,ok,Stella Heemskerk,1,0,1,2638-RA,,,,A5025807986,https://openalex.org/A5025807986,Stella C M Heemskerk,0000-0002-1320-8084,https://orcid.org/0000-0002-1320-8084,Erasmus MC,6,13,A5128901318=Stella C.M. Heemskerk(1 eq); A5140912878=Stella C.M. Heemskerk(1 eq),,
0,,ok,Stephen Coons,1,0,1,2014180,,,,A5052220528,https://openalex.org/A5052220528,Stephen Joel Coons,0000-0001-7977-5156,https://orcid.org/0000-0001-7977-5156,Critical Path Institute,47,203,A5109900536=Stephen Joel Coons(2 eq),,
0,,ok_via_works,Sun Sun,1,1,1,1561-RA,17996,Parexel/Umeå University,https://euroqol.org/about-us/our-members/member-detail/?memberid=17996,A5081188742,https://openalex.org/A5081188742,Sun Sun,0000-0001-5948-3025,https://orcid.org/0000-0001-5948-3025,,10,,A5101892958=Sun Wook Kim(2 eq); A5100953230=Kui Sun(1 eq); A5068381333=In‐Sun Kwon(1 eq); A5007163195=Sun‐Seog Kweon(1 eq); A5067331756=Hongpeng Sun(1 eq); A5044140980=Xiaojie Sun(1 eq); A5027471073=Peng-ran Sun(1 eq); A5020991724=Shawn X. Sun(1 eq); A5102019997=Shumei S. Sun(1 eq); A5080077644=Yiyuan Sun(1 eq); A5102936644=Xibin Sun(1 eq); A5100702983=He Sun(1 eq); A5101603075=Yanping Sun(1 eq); A5079581260=Li‐Min Sun(1 eq); A5016760346=Ling Sun(1 eq),,
0,,ok,Taavi Lai,1,0,1,2602-SG,,,,A5109074641,https://openalex.org/A5109074641,Taavi Lai,,,The Fourth People's Hospital,1,46,,,
0,,ok,Teresa Tsui,1,0,1,1456-PD,,,,A5089652474,https://openalex.org/A5089652474,Teresa Tsui,0000-0002-9806-9393,https://orcid.org/0000-0002-9806-9393,Sunnybrook Health Science Centre,5,17,,,
0,,ok,Tomos Robinson,1,0,1,2196-RA,,,,A5048830550,https://openalex.org/A5048830550,Tomos Robinson,0000-0001-8695-9738,https://orcid.org/0000-0001-8695-9738,St Nicholas Hospital,7,63,,,
0,,ok,Ulrike Ravens-Sieberer,1,1,1,2016270,21548,University Medical Center Hamburg-Eppendorf,https://euroqol.org/about-us/our-members/member-detail/?memberid=21548,A5049804622,https://openalex.org/A5049804622,Ulrike Ravens‐Sieberer,0000-0002-2031-095X,https://orcid.org/0000-0002-2031-095X,Universität Hamburg,131,462,A5036898038=U. Ravens-Sieberer(1 eq); A5059696988=Ulrike Ravens Sieberer(2 eq),,
0,,ok,Vincent Lau,1,0,1,299-RA,,,,A5022213392,https://openalex.org/A5022213392,Vincent Lau,0000-0002-9939-7348,https://orcid.org/0000-0002-9939-7348,Alberta Health Services,2,74,A5058547242=K. H. Vincent Lau(1 eq),,
0,,ok,Willem van Veghel,1,0,1,1584-SG,,,,A5003208889,https://openalex.org/A5003208889,Willem H. P. van Veghel,,,Sint Franciscus Gasthuis,1,2,,,
0,,ok,Yap Xin Yi,1,0,1,2290-EO,,,,A5058382403,https://openalex.org/A5058382403,Yajun Yi,0000-0002-7135-6325,https://orcid.org/0000-0002-7135-6325,Beijing Children’s Hospital,1,79,,,
0,,ok_via_works,Yifan Ding,1,0,1,2188-TVG,,,,A5076822287,https://openalex.org/A5076822287,Yifan Ding,0009-0006-8112-628X,https://orcid.org/0009-0006-8112-628X,,5,,A5061534385=Wei Ding(1 eq),,
0,,ok,Yirga Legesse Niriayo,1,0,1,2563-RA,,,,A5025678242,https://openalex.org/A5025678242,Yirga Legesse Niriayo,0000-0002-6943-753X,https://orcid.org/0000-0002-6943-753X,Mekelle University,1,28,,,
0,,ok,thomas kohlmann,1,1,1,20170130,18000,University of Greifswald,https://euroqol.org/about-us/our-members/member-detail/?memberid=18000,A5031953969,https://openalex.org/A5031953969,Thomas Kohlmann,0000-0002-5956-8309,https://orcid.org/0000-0002-5956-8309,Universitätsmedizin Greifswald,67,430,,,
0,,ok,Ataru Igarashi,0,1,0,,17797,The University of Tokyo,https://euroqol.org/about-us/our-members/member-detail/?memberid=17797,A5071771037,https://openalex.org/A5071771037,Ataru Igarashi,0000-0001-6307-6916,https://orcid.org/0000-0001-6307-6916,University of Tokyo Health Sciences,52,371,A5073828554=A Igarashi(1 eq),,
0,,ok_via_works,Barbara Spady,0,1,0,,17798,University of Calgary,https://euroqol.org/about-us/our-members/member-detail/?memberid=17798,A5032609556,https://openalex.org/A5032609556,Barbara Conner‐Spady,0000-0001-5674-4795,https://orcid.org/0000-0001-5674-4795,University of Calgary,17,63,,,
0,,ok,Caitlyn Solem,0,1,0,,17809,GSK,https://euroqol.org/about-us/our-members/member-detail/?memberid=17809,A5090387330,https://openalex.org/A5090387330,Caitlyn T. Solem,,,GlaxoSmithKline (United States),25,121,,,
0,,ok,Erica Lubetkin,0,1,0,,17839,City University of New York School of Medicine,https://euroqol.org/about-us/our-members/member-detail/?memberid=17839,A5037314317,https://openalex.org/A5037314317,Erica I. Lubetkin,0000-0001-9962-7775,https://orcid.org/0000-0001-9962-7775,CUNY School of Law,46,94,A5136506788=Erica Lubetkin(1 eq); A5138147876=Erica I. Lubetkin(1 eq),,
0,,ok,Ernest Law,0,1,0,,17841,Pfizer,https://euroqol.org/about-us/our-members/member-detail/?memberid=17841,A5040405517,https://openalex.org/A5040405517,Ernest H. Law,0000-0002-6111-8008,https://orcid.org/0000-0002-6111-8008,Pfizer (United States),21,126,,,
0,,ok_via_works,Fan Yang,0,1,0,,17843,Analysis Group,https://euroqol.org/about-us/our-members/member-detail/?memberid=17843,A5056976700,https://openalex.org/A5056976700,Fan Yang,0000-0003-4689-265X,https://orcid.org/0000-0003-4689-265X,,9,,A5074244556=Wanting Yang(3 eq); A5006311711=Xiaofei Fan(3 eq); A5028809099=Zhihao Yang(2 eq); A5101540097=Xiao Yang(1 eq); A5072203049=Dazhi Fan(1 eq); A5101640116=Xue Yang(1 eq); A5050065410=Bin Yang(1 eq); A5040528059=Fengyan Fan(1 eq); A5085516779=Lei Yang(1 eq); A5059784345=Yang Cao(1 eq); A5037500856=Li Yang(1 eq); A5100532253=Wenyi Fan(1 eq); A5101040799=Yang-Chih Lin(1 eq); A5112634380=Kuo-Chia Yang(1 eq); A5100397590=Yang Yang(1 eq); A5078136185=Shengnuo Fan(1 eq); A5050534760=Zhao‐hui Yang(1 eq); A5063850097=Yang-Fan Chen(1 eq); A5100719711=Fan Yang(1 eq); A5100591300=Jingzhi Fan(1 eq); A5065665543=Zihao Fan(1 eq); A5040315632=Xiaoang Yang(1 eq); A5111264511=Qiulan Yang(1 eq); A5100712124=Yuying Fan(1 eq); A5023793312=Rong Fan(1 eq); A5059187721=Litao Yang(1 eq),,
0,,ok,Harri Sintonen,0,1,0,,17865,University of Helsinki/Department of Public Health,https://euroqol.org/about-us/our-members/member-detail/?memberid=17865,A5032927955,https://openalex.org/A5032927955,Harri Sintonen,0000-0003-1252-0946,https://orcid.org/0000-0003-1252-0946,University of Helsinki,291,488,A5109039017=Sintonen Harri(3 eq); A5091222738=H Sintonen(1 eq); A5070129016=Harri Sintonen P x E ivi Vaara(1 eq),,
0,,ok,James Shaw,0,1,0,,17871,Takeda Pharmaceuticals,https://euroqol.org/about-us/our-members/member-detail/?memberid=17871,A5055862397,https://openalex.org/A5055862397,James W. Shaw,0000-0002-7019-3720,https://orcid.org/0000-0002-7019-3720,Bristol-Myers Squibb (United States),45,156,A5091413872=James Shaw(5 eq),,
0,,ok,Juan Cabasés,0,1,0,,17891,"Department of Economics, Universidad Pública de Navarra",https://euroqol.org/about-us/our-members/member-detail/?memberid=17891,A5039017875,https://openalex.org/A5039017875,Juan Manuel Cabasés Hita,0000-0003-0207-4137,https://orcid.org/0000-0003-0207-4137,Universidad de Navarra,31,141,A5141830454=Juan Cabases(1 eq),,
0,,ok,Kristina Secnik Boye,0,1,0,,17907,Eli Lilly and Company,https://euroqol.org/about-us/our-members/member-detail/?memberid=17907,A5039006946,https://openalex.org/A5039006946,Kristina S. Boye,0000-0002-5953-5929,https://orcid.org/0000-0002-5953-5929,Eli Lilly (United States),41,243,,,
0,,ok,Leida Lamers,0,1,0,,17909,"Ministry of Health, Welfare and Sports",https://euroqol.org/about-us/our-members/member-detail/?memberid=17909,A5091647381,https://openalex.org/A5091647381,Leida M. Lamers,,,Institut für Forschung und Transfer,11,51,,,
0,,ok,Liv Ariane Augestad,0,1,0,,17914,University of Oslo,https://euroqol.org/about-us/our-members/member-detail/?memberid=17914,A5054297438,https://openalex.org/A5054297438,Liv Ariane Augestad,0000-0003-3330-5081,https://orcid.org/0000-0003-3330-5081,University of Oslo,23,31,,,
0,,ok,Min-Woo Jo,0,1,0,,17940,"Department of Preventive Medicine, University of Ulsan College of Medicine",https://euroqol.org/about-us/our-members/member-detail/?memberid=17940,A5015763173,https://openalex.org/A5015763173,Min‐Woo Jo,0000-0002-4574-1318,https://orcid.org/0000-0002-4574-1318,Ulsan College,79,231,A5112107115=Min Woo Jo(1 eq); A5112212980=Min-Woo Jo(1 eq),,
0,,ok,Márta Péntek,0,1,0,,19179,Obuda University,https://euroqol.org/about-us/our-members/member-detail/?memberid=19179,A5064557440,https://openalex.org/A5064557440,Márta Péntek,0000-0001-9636-6012,https://orcid.org/0000-0001-9636-6012,Obuda University,125,349,A5031376763=Márta Péntek(3 eq); A5056245079=M Péntek(1 eq); A5124456882=Márta Péntek(2 eq); A5138970384=Márta Péntek(1 eq),,
0,,ok,Rachel Tan,0,1,0,,18648,IQVIA,https://euroqol.org/about-us/our-members/member-detail/?memberid=18648,A5047279366,https://openalex.org/A5047279366,Rachel Lee-Yin Tan,0000-0002-4610-1195,https://orcid.org/0000-0002-4610-1195,,21,37,,,
0,,ok,Richard Brooks,0,1,0,,17973,Retirement Association,https://euroqol.org/about-us/our-members/member-detail/?memberid=17973,A5112107099,https://openalex.org/A5112107099,Richard Brooks,,,Guiyang Medical University,22,66,A5016131855=Richard R. Brooks(2 eq),,
0,,ok,Ruixuan Jiang,0,1,0,,17980,"Merck & Co., Inc.,",https://euroqol.org/about-us/our-members/member-detail/?memberid=17980,A5049026946,https://openalex.org/A5049026946,Ruixuan Jiang,0000-0003-1737-2989,https://orcid.org/0000-0003-1737-2989,"Merck & Co., Inc., Rahway, NJ, USA (United States)",19,58,,,
