a91fa2245ecdb50edd63e4d5f93f3f04ffbab843447d9de885339366f2e773be	15490	00_euroqol_members.csv
632b7fa338bdf83ae874f507eb4b9dc666052e0d9d53567f1e063ee250fd2691	19331	01_authors.csv
ee9b1368ad51540a824c912745b70e2b390bf3677f5ca2f5869016044c2ced29	36029	01_people.csv
06f7fcaa76a1c11a45aab6cc952619b79f5e01afb62e8801acbf9b49fce6cdf5	461139	02_author_ids.json
eda85804af8c742ced5a5df5f22f3591cf08debd3b31369c3c2cb8e66095948c	86617	02_review.csv
ad1bbc5553ff2751a492fe4a0a09247d031beac20a282d260f99d31a6ea85f75	11515014	03_funder_works.json
2929317fa58d0c29b48099948c8c431751f3ada9571aef85b61f05017f3f7485	39501448	03_works/A5000074603.json
4fe024b0a338ba48265928ddcf93b938ff210d846bdd2e5edcaf8be97641406a	2537213	03_works/A5000326162.json
af727070a5ecb8528d095b60fc8230fe1831954d2088c55c9a691f75018fd515	1090713	03_works/A5000687889.json
6b970b24a3055f8988f91c57314d34b82b49b6b99cdf91f4a76e3509524633b8	47889	03_works/A5001251189.json
d1a004b4c808fbc0818aafeed2c26b913ee67bf7c20bd9e15b59c41602b84276	85021	03_works/A5001372652.json
d12fdb71b127567153d65b02805c08f48d58874dd6c333a94b38733cec74f354	187583	03_works/A5001642847.json
fb21d723c37cad432a5b8692532f8935a238da81a91d5e95fe44ee4c74b04491	173090	03_works/A5001767251.json
5f1a9a046b1481ffdfbd459a256f158e255da130170fc2b4b9ad44d7ae94cd7e	5768604	03_works/A5001823062.json
0fc3a5d7d3a8d5e5faf61ca6268a674bf0ff9854bb8d72996687cbfee0377bdc	951789	03_works/A5002022038.json
dc754061af0b4560c0aff8411e2e2ba108172a98c670123c501687d2cc030edb	780772	03_works/A5002095623.json
024b73fe4eab297e0466ab2dfe333e81a0864b545f2f3ba554399c3e3f37a18c	926370	03_works/A5002636040.json
40ab928eb79e0d3f8948973b2640b3f66eb8b70fafbef263db12bb1cff94a263	524702	03_works/A5003198517.json
298c447f5c830086fb3db0ec2cd6ed6ba55647f749185b3860b3837d1458cca0	36984	03_works/A5003208889.json
b4c6c92f0d5c9fa1f2735ff9702c13442792d6b55a522cb8209e2d14bf391c62	58529	03_works/A5003389681.json
eb583ece17c344bce81524a0f6f6af816c1e46611857712d93e2efe2a77f9f9d	249937	03_works/A5003573062.json
14457397398899b6fad118942dcdda9dea351752300b29bffeb53798256cdd69	892868	03_works/A5003956817.json
f0b8e5ec951bd01ddd1469963061162eba555191dfb439d6fe44411846b29097	500613	03_works/A5004062042.json
4df939fd31c098e37a6fcd772c273175125e2e4c437b9fcb724b1968edc39821	10238961	03_works/A5004304607.json
f33e51e0c3c470a08c42697519e215fc08faa4a6d8854e201cdee18da8dafdc3	256607	03_works/A5005424373.json
79791d72a19fdcc897c7d59efe87f12d409f05b9cf006f1b4d80a640b6f30bbe	1147140	03_works/A5005862614.json
1dd484a9ac07ad04a2d08e280e9891864c9f616d01c92d42c072208064459561	3443716	03_works/A5006233066.json
0ec4dfa21a04544c295224bbc34c65ee304feea2b5e6650fed25370b015cd8ff	848942	03_works/A5006452129.json
bc3b87c43638655f09927b77176f180cf2a0c2627d44f48689b98b75fd73ba48	259299	03_works/A5006458172.json
e6c3d5ae030e7cdfdbaa56519958d4fe735fb1bd0706bb63a89ccaf3c6cc19bf	861690	03_works/A5006750775.json
48c34a3e56fcb554f4a3551e122b292a44b54173b59b22c3291b2e3a0a9cebd7	1086678	03_works/A5007210675.json
1a631233939653bb2c88297a4d6b0fa91d0cfc0bb4c0870de16f3ce2664317d5	333612	03_works/A5007225491.json
b7e9de0e36a477c52b0801ec0d8821bea5e0d3bcbac5b40ff8e8e3a9215c1c78	9341829	03_works/A5007276743.json
57d62edc72a88e6a646487f88de7beb696b07fed7088c1addee5f5c37d22c29b	1684215	03_works/A5007564965.json
d4599fcec9c68577e31509a1ed61dcf2d27b5b87b4efecc1da5c0aef772ed891	527715	03_works/A5007669432.json
b73c21556c170281861bcb5234d0f3ee1c200d9b7740d0e5e14c4c0976f9a873	3034564	03_works/A5007711014.json
c53c475f6d6fcff5592569bafb9e2954b0b90381d7c2f0164dfea4e9bedadea0	2483266	03_works/A5007980923.json
af9b1e1900840e35de40f746216b61ac8dad8a090d5ab6b3cf3e4273573e507a	3414586	03_works/A5008052793.json
39a968b0d0e6786fb02157f7a6f52452bddfd17b01c34f402ca48bca6921ad10	2494287	03_works/A5008455417.json
fff7e20fbd2f9e0d8eb4396a396768a1b0d403b182df9e27e081de4e46b2aa1b	1023012	03_works/A5008581679.json
2010aad97186187d147bf7de2ccc750d29a0ae32e5a61eb3529b42096c1eac43	274499	03_works/A5008650274.json
dec6bc6129acb7e6f28968c6fa78b957535103ad3279fe5ac13d9c5e26c4bbdc	583257	03_works/A5009132187.json
4be4f3fbdf2e43e7318193cadbdf057a7540afcffd7f7cb50c9ef1fa74f20240	94074	03_works/A5009462612.json
7a7f5b52df4217f17eb0322274ed002a3931a53afc766f44af52714ea73c251f	208702	03_works/A5009546494.json
afe26b9e65386c540f5f6fde3190b8baa879580cc6423b267ebb44250bd24a03	9436936	03_works/A5009816526.json
8b59358ac637164d1ef9b3efb520ccea69929ac9951c9b0243a67d0ebd9426c2	1690942	03_works/A5010221662.json
ab5c61446135d2f34eabca5239d1402212b1c63bca0eee8a68961c9eaae10a94	5587708	03_works/A5010272673.json
87f945a16ae8c471852e5912db5005b0ed619471e734945c71a3646392454b64	1321126	03_works/A5010406225.json
f3aa2ac8581a1c18d4ae0e9a440e39afda38d3cea8f77ae97a3cabe7ea1e5760	3837262	03_works/A5010948852.json
144b1adc0c152952ed0f367fd52f60ab2ce08d8d55627ad8c2c66eccb9673f93	1636668	03_works/A5011025629.json
b7db74e6ce3adc608323085fd7f3c4e9230d8c375f1062f6e5bc6416f35331a0	830181	03_works/A5011344482.json
9411619e4789f21b6fba24c53e54a5ece1a790a2b2d45d7945b5b91519498a8d	2849157	03_works/A5011474576.json
17803734a08c73af3b5462581f17a32d6896fed32560ed1dec2d29d010e1fa63	1759045	03_works/A5011771775.json
7fcaf78d9a46393edc5f760372bff82d14d8f1e4ccab69bf05af5b082513400f	1271687	03_works/A5013305477.json
3f432dca30b14a18c773c03bb5022b482e0d35ff56f30e1ec6cea00947fd24ef	1722024	03_works/A5013523692.json
80517da78b1b89d50a380770a892b5c88a23aaee0c71b41f52c2c374f6225869	2128331	03_works/A5013594779.json
a938a2184209aedd68bbec15ccc483a3bf9ede069d892a146cb1204d6390f6d2	1005707	03_works/A5013966743.json
78d715081c1f38b669911b1f86979dd71256a258785ea0b2808cf89e1a75b53c	2082072	03_works/A5013970219.json
4cfebe9261159fcb63bdb1a50c76f09eb23bbfc9e2e9afe9ff158c3d31a7b7d3	217629	03_works/A5014952669.json
a25f0e3194da129fc14f7fca8053289d20a21a59e8614fc704729f1d1c1854d7	224866	03_works/A5015275165.json
1f8a1caa90597a24257d052fa6237d24cbe8febd94ac9cfdafd9af031f3328f8	2222789	03_works/A5015417862.json
f7da8256c28987a35f27ef469d25e2e0b16171a44a2936c4628c8276b90d6d96	5440202	03_works/A5015667412.json
58c7ddc5c7882b97674abe87f3c014e3e37d1e48bf44241340b5c09ac5ddd77e	3702820	03_works/A5015716999.json
7b02d088d483e32e11a3c05f3c640bc6f72d2897e7ececee642d30ed529dfcbf	3065134	03_works/A5015763173.json
351f9acf2572b03517482e26596ade892cfa383915405a0da00f9ff50a32aedd	1053512	03_works/A5015781187.json
dcaad4fd34ed24d3b2580446ebd5cec4c8869124c3869befc18ff25f1d044058	6102373	03_works/A5016039203.json
85e1247841bb944c288eb14b6df9cd6f1d2272c12934346edfa5d5666bfb01d2	1674171	03_works/A5016249965.json
6015a8e0106785fba69c2a56f227a80156ee97f180b0b34e44f5a1d3d52841a3	3942129	03_works/A5016414995.json
a83818e28810664d98758cc152c46a98b313d0fd22afa55a9bd6607501bee6b9	1227816	03_works/A5017788431.json
44c65d157e439702b10c4d10786d7ad8cf8e1738ed3ea2a0b0a1298820ec7d22	82463	03_works/A5018584587.json
8c088758b2d39d8eeefb20ff098b445505a956a2853919c233357c0d2d35518f	681751	03_works/A5018646670.json
11ad1a74921ec99f6f19b1b943faf0df1052615deb3cdf3febb598690e77b36e	388763	03_works/A5018887750.json
6b9d03df3df0e0523c73cdd41b095a3ce669fa0350e50a33239c22364080f7fc	6458015	03_works/A5020122364.json
e20db3211ba37c1668395eb7e3a2069b444cfd16d8b8c53edf31c7b0e7e073b5	1710276	03_works/A5020619329.json
86eb07a8d3162bd511ae92b3656ccc85ef445f1610f6e93ce6076deef03fa418	1299144	03_works/A5020867003.json
9b37af03712fb2d2100550a6b7cf3ee7ed9bd1523c22c5ca491494bd6778caf1	1297927	03_works/A5020933378.json
427fd4a35744c6dc252602d8ad267e9b8ce5e970d7f01e90e3c097160e4e1fed	788983	03_works/A5021426515.json
beef971146a0919693d2e057fc513f4de9a65d75ba53954c6f7b3348f1860fce	4205497	03_works/A5021576811.json
dbf7074a22496b64a505acfbb6f5fa0ac496ef1d1ffa47a92e1238dd944988cc	1973278	03_works/A5022213392.json
3fc54afa04a9ad7e942c5867779bb492cf0ad933fe9de5f8df07f6b9fd388c8c	1585387	03_works/A5022446221.json
cfa0e0ec126bae0c90b078b508558f66d1a62e5cf6268a03ba9d0e7e54402a2d	4864245	03_works/A5022647682.json
e471637b643e53f1f170c24d8717988c508379c5a818c7a335b379418c8a1497	1021819	03_works/A5022698267.json
43460f0b422094551f25836c6adfa784e6742a16dcb460002760acb03e7cedd7	1604316	03_works/A5023093255.json
612c3a9197b7b82e98637632d1180230b485353914034e8b1c8888987932c235	3739677	03_works/A5023451391.json
eddb9d2ca423d833399cf391b253ed0762803b5a9e82bf276ee3abc912b12571	1134858	03_works/A5023709885.json
d72829648b1404c4e7cd9a3694c7c17028f1418fca81b0832f4a022518784955	4667519	03_works/A5023843843.json
2eb851d3668c9833c21f3afc77656fd778d898c4c21347dc7d726cd2eff11b00	167684	03_works/A5023955515.json
d9ae56fbdb1d964542ed7ce30a9018e418550fa2ea52855b1a80b0daf06104e2	3021421	03_works/A5024021740.json
8507057e6db97d77ae48bb12125421ca3d6038401a5a0370ea01ad2b4c436400	3665176	03_works/A5024260821.json
90b289fb52714a295d8804cddb9e1394f988013d4f12387508782d1df82123c8	662722	03_works/A5024494805.json
aab069a6964a3e7a4c129c4a4dbf6afa78268c6fe5ad1ad01fedd683eda62bd3	1337017	03_works/A5024575926.json
3aa066d37959f4e1d2345b4f12ac553c383776c47f789051bc09bcc36dcdb5d2	783250	03_works/A5024629360.json
37c942a3d82fae689d1bfed74c64fa57b3c1fe679edecfa75dabb1cfc50d8d9c	7937538	03_works/A5024802434.json
308fdb81ad2dbf787c6922350a536651814e46a75c9046299e8593f8f2a28819	1000274	03_works/A5024805890.json
2a929b9960f3b47b7319cb82d69387daf5f0cf956daf162db0a94eb48bd716b4	439507	03_works/A5025678242.json
d0937704d87a568851be95f2d704516c4fa54ad34fea2edc0826f4d16938d369	327316	03_works/A5025807986.json
28de715e3ed2b354bcc565f4554f42f886e89342ae265a3c7748d6c02eea99ad	1057819	03_works/A5025879429.json
a6e3eded75075e9b88df25dd3dff00bc91dcab95081cfd4c31292b8beabb60cd	1114717	03_works/A5026033494.json
f660a07a286c68182a8cbf54f702010de7eaf1163225f09ef424566d4d897679	161065	03_works/A5026057829.json
e2619da6eaf0a40643d8d831ef7e6a03e3cdca08237c682747bc2acdb44601d3	814469	03_works/A5026880787.json
81f140290445f3ea5cd92ffd41e86778030cc79ac4e56ef13150800b9b89fc36	2443051	03_works/A5027424571.json
567df931cf9bcf6f3da42750f05a195bd972ccc67f84115032b764c3ac868c8b	733886	03_works/A5028508726.json
66a0a2e56fba03c7ab7f05ac8c592229c4d1e27495c0a0e20ab7f35ba9392087	7637007	03_works/A5028665396.json
e7f3e70d5ea877757aeb7b99a185f3a6faa72e42740d78aa3c29debba93f4bc1	1389938	03_works/A5028809099.json
97698b78c2622842990de305ae3a8876a0e38f718b474d86250e5315a75dee3e	6429728	03_works/A5029465719.json
b8626dd2be8d94a2c6a807180a60aabca520f01bd6f8818b0cfc464545040ab9	96248	03_works/A5029564514.json
bd83c832bc6e1c7332374655669e4bfdd913baa60bcd4c3041dcdf0e9ba06cd3	349475	03_works/A5029600163.json
b12bffe896c1455199e6d15088492a959c216f1a65bd8b60f3ed6c5d36fb0dbd	1107899	03_works/A5029949490.json
0eb34683a67838681f5fdb69789f39e62bb4c36d872ec5611ffcc5a55221aece	878383	03_works/A5030831609.json
81ecfbe787c6c3268a71736d93da8417bebd49e631d4dae9a8b2933461870303	2412820	03_works/A5031114648.json
4ccc02e919a69894a9009fddffd79fe94d6d1dc9aa772f1f816ee0168d2f8bbc	1301748	03_works/A5031557006.json
8da3aca4875a97c608df68ceab25c22c90be3376f686a5916ca9ff20e75d7147	5454553	03_works/A5031953969.json
8a5c61698aec1a20079a122006000355a35a748e105c6ce86882f6accda9e07e	2841815	03_works/A5032469209.json
0ad69030578ad7a356139878f249631117d03b6cc696672300d3eb3c4e548adc	712068	03_works/A5032609556.json
d67b3e5c49015a07d9cae62573dac0cae024710953fd226fd17e7179ffb4cb34	1395666	03_works/A5032690231.json
dc41499e42ebfc1cd5854b76f319121465cbb60e31b20e5b84c14684997402d6	5257094	03_works/A5032927955.json
9145baf2bca2dfd8f72a9eebab3991efb69260b68907473adca3710f7455deb7	270926	03_works/A5033160244.json
a7f73a4cbade13377dcbd46403469ea1eefe3ff607d567175063b1b18bd15840	5039771	03_works/A5033480820.json
729b3d6572c50e262a934d23f0dc8793c2f83042e166d6f08f69556f907ff0bf	945476	03_works/A5033706754.json
926b3d5e838542f8e75f4c3c56c28e9b2ca7f57a05c8650fd6c5af31ab6d30c2	263893	03_works/A5033743427.json
32f710dd96a32fd9371cc24b70cbedd2826b033ac1cb416d8d6227b6c9517491	3235975	03_works/A5033845511.json
adc2dac1f9b6a82362d2fd344096c4aeb5d90078440203493c028758c4b08a89	1759128	03_works/A5033903811.json
d07d8fe43c3faa0cd611452a02fe51956fe3bd11579ceab21461fdc0eaf747e5	1478013	03_works/A5034831401.json
98881e9e11162c5de8f3d1186f00bb36bd54bd1ef089664a925a1a4dd3ee0e40	1500167	03_works/A5035126117.json
1d7704b1b92362bc1945d08742421a4dc35986354d6156874db8cc51abbffcf4	591198	03_works/A5035184665.json
beddcccb02f9bb40cacce43e31d1eb219882ab7a5c3bc2eda7054807986a815a	1801699	03_works/A5035318354.json
13da4a443e02527acf149df43f2d82bbd47a3c2440bc18ed071004f66d7f66c7	6299756	03_works/A5035697100.json
f16ffbefe81ba4a20c5ac5a4d1da83a4f67659656f46075f6d1ccf975e2906f0	388164	03_works/A5035818265.json
ecfd089c4ab056678f0c9793c4f95c02871543ba21a0a72c727c9628aad617c0	1034128	03_works/A5036883637.json
703d9dc84e643bb610d11680c862815c8ef86242fd2031fa3ea177fbeb85b55f	478779	03_works/A5036902866.json
d625aad30b5d162dcbe599b6901fc3976ece972ae5201d79366387ca48a9cea8	1068363	03_works/A5037314317.json
6bd1eef95ee991df9c13917ff2cd1bc43a53a0beba3556a12924a7f8ccb3988b	361792	03_works/A5037683865.json
74b6d3b6c0604839c6e48876fee6ce26ae7091c8973dbee71c85a3029d452df0	2775667	03_works/A5038317615.json
1407b53bb16a842520ace35203ca3c799276a290ffab078d2699b0bc9ad49868	253776	03_works/A5038383689.json
2f27ac3114ce00d571e68763a1ff9c3cb90713ad39fdabf0b62c65d2636c3f0f	1318356	03_works/A5038405248.json
834428dcfc31f419a306565548b427f22bd60ec9e2bd5e28c4b318ddfcb151b1	805546	03_works/A5038451583.json
a4c2c6559973309fe24206769762a480233647f1b02a838dfbc76f2764aeba95	223521	03_works/A5038664789.json
3d5502541a1411662b8c7d78d0aa572d16d3f99e3a203fe76d233d9bc7052a38	2553895	03_works/A5039006946.json
a5e80a11a2a7f8ca538e47bfe76dd19677be229bdd4f72563c3c4e9f43a21e21	955398	03_works/A5039017875.json
dda49116e940d67b37e79052e8bf2d9425291221265530bc393606a37f3efe44	2465868	03_works/A5039737173.json
abe65597a5b5e52861df8e7dd038184e87fd96615ecdd6f0af27a456fe051704	641496	03_works/A5040157120.json
a725b840935f6eab5690d44fd6de5f85d3c31b9e29cf06fbbd494f210e54b18e	2141340	03_works/A5040405517.json
3dacc072ae86e7d0b11d0fe6bcefd0a4e23a99abb5c09945577a861746026052	118723	03_works/A5040546783.json
0ecad3896cebeaf110e12255a9aa970d768a2c049cf5d6088b1ca2911b8c7e67	601806	03_works/A5041551368.json
cff3eca8060b2874786389abc65af2a01661ba198fda9e75e11f82226084c329	8562394	03_works/A5041610413.json
2c3c2059a403f902c83b5399223a28718daa885fa3b44ddb2933c8ddd4df18bf	3942049	03_works/A5042480120.json
7e016ab15d7233030c99a7971c2581282b5c49942e4f8f9ed4961b8f9f596c60	1590685	03_works/A5043083823.json
47cc3fd43e16cf3fc907fd0d47607c77a607c8a804db566cd4b8380ec7822a47	501323	03_works/A5043257626.json
26b333b767b1c206c764e69680f3a0b22283a763c9976f6d6bd531248b2784fc	281293	03_works/A5043601549.json
f53f92cbcd577390020eabb218f78be75a621c5c0970d1d6c266c46a3140a803	3345230	03_works/A5043687438.json
46ebd1e427c123428d78c5405e1eb9e66ae331c470dd4c03980173d70323e2d1	800348	03_works/A5043932217.json
5a4e1eb00487fbd4562f41da97c9f96fa88126518d875bde8eb0e2f70d8bce1d	801468	03_works/A5044860561.json
5395f6843d12c2034b862838187c28cef59e17c8fdd151e2b54876c008f01c04	143863	03_works/A5044999875.json
1895139f197f0c86e902639f9f90ff7a7b42ddf1fd1769dc2c1dd8629fbc4e96	220481	03_works/A5045433583.json
3a27291521a01ada903cd5b3049606c5ac9bf32b894caaa2a289fe26be196557	5116	03_works/A5045524881.json
0a8ebe8a2e64b4e1a61a275894b221d7e40cb7b6c8edbf73e3fd9a101ad26161	5415622	03_works/A5045593878.json
815dde7fd8e60aeaea32332b7f8b5a394db46ebe4639e0be953c048a12ec8bd4	1821179	03_works/A5045933977.json
cb5a371c19f6939d20c66ae82de8d2bbe3ec9763c15625839dd8df4da7f4be20	2163232	03_works/A5046647690.json
b652d5b527dd9477ed575a2e14a233d6bda42fabe8729391d53e8aec7994144d	498836	03_works/A5047279366.json
7f333b99fe8354c2a15e3fb0165ff68619e628a0650862cec76c31ef50a9a2e8	421602	03_works/A5047866823.json
4ed9df6e24962581fcefffb31935473cc1bc3691184fc3a7d9be7334bd4a5e10	1086775	03_works/A5047944478.json
593794dc3806bbd1b69f8f57d5dd02f825e52e25997798bf8f8c3e65b70c9a0e	992501	03_works/A5047957689.json
b6441324be5d90d068185469bc5653e18bbc15fb348a6911d73068f6a7b777bb	4688832	03_works/A5047977076.json
ef33320ae1142bcfbe28a69d79da90dcbc5ecd220cb8f9d57ee7d69413289eb1	3574583	03_works/A5048178253.json
828a2889003fae756da8e2b6000b9fcbec729d8b7f56579ebdd61c0f5f1fea2d	239603	03_works/A5048427287.json
739da4dc768164d218ac8051ae05c3d2ed2378ce1271fd1a7badca3157ef7778	12619278	03_works/A5048738092.json
5d903be1d80c093dc593389a262c0796a950cc21b933b5b2417fd8226300afa6	1062269	03_works/A5048830550.json
98547a468e95bb002321c9176411b30e1a78bcd0888e326b0ff22b54f17a089d	862234	03_works/A5049026946.json
126caef45baf1bae958a1cbcce5190a4a82a1a8431edb0da1c1f2aa1b9ffc21d	8816745	03_works/A5049401142.json
82da03d0396cabee2867c1e8099f46afffffbec98cd659b78250294ef476cd9d	198592	03_works/A5049547434.json
d7a5e3f8bf20b01be8e2939163fa038de3918bb7e37f032a2fd2a3b3921c53d8	212437	03_works/A5049678494.json
cf6f5973b9b4647f8f17455004406e367c3aefe372d5a8c308ae482a42b9c598	6440402	03_works/A5049804622.json
ff891de163a415755eb296a58a663a9df347923489c596d29f3cc6d2e0f3cfc5	1315894	03_works/A5050078092.json
06ec6f9f9eb98b28ab061bafe3f7764f6054fffdfcc3a399c6dbb56456d817d8	131322	03_works/A5050171927.json
7c04b20748e5f78a48aef7065c8b640564d277f98bb025c573a4fb64daf8c355	86344	03_works/A5050459768.json
b56528bc746c025f0e66728c4f8527ee67adbbf75092b3c8bec574e4ba141cdd	376040	03_works/A5050544932.json
b0f703b97e44748c933b0e1b0e63349c8bef5c15358f5d0363d70d57b7c2341e	1192104	03_works/A5050754442.json
23288047199f206a29f96ff9035fc06419978e6b82f1c58cb729f2a5a78f7f2a	5437597	03_works/A5051368106.json
2e2e831b350a56a29ba052244b6ccd9ce661c8816fb5dcb4aa974440f8288ea6	2750435	03_works/A5051490866.json
614b956737164ccfae01396db6f88b6d2b82c226b5dc4d53ef380611c0d573f4	4090821	03_works/A5051597671.json
ead49eb05688ccf6b38a34f1397037d3c156677488f795d9b48cc5bb5a88d500	1448360	03_works/A5052181611.json
89d537c715c45bd1e74ac2608a9756c5346c64d0743ade3f1cb1cc1ab460de8f	1908961	03_works/A5052220528.json
c72e5637350009ba1e34f2c6777c357513e4f799054d507b3a3c334c1ea17bf1	1023761	03_works/A5052327641.json
e6b87f957aeced00dc997e96b15f972869d3072a6e926b9c2b39edb846258113	5112868	03_works/A5052496992.json
8f900050eb0543b55a79fbd680396973295ba24a1b9c9947c039a7ecf6df23c9	1736969	03_works/A5052565475.json
e4713f6abe2da7feb29656ce9fc3a8e8102517cf50863d5169fc20a3bf475b36	4060319	03_works/A5053077563.json
8aa49ed8c8a2ff1327b5780a973ea9b13495ae30229452bd439e8ee71cf486c0	1223432	03_works/A5053432946.json
699360f183116cbdd8dfb9b7b946e6eac02f2f6b27dcbb895349c4c34511c695	1703160	03_works/A5053497885.json
dbb89d8a3d68664f01086ba34cc4264802cd12277187a0e583b8636fd6589fb1	4694920	03_works/A5053689286.json
97122500565f088cd7563d1347f480a6d3d5386068839207de32e86af3ac1d51	950868	03_works/A5053689562.json
c02603046c8b5093a0c48af425b0c53afa8ea52778656f77a442c62b685c10a1	9151004	03_works/A5053760337.json
39f582cdc25beef318ac007d3763645412b46652f7580d074e7614684f806bdb	301599	03_works/A5054297438.json
4195112fa1c19c0fc3236fcfe23e08f1803c85ffb0ab7fc3b7280fd58587f157	1340903	03_works/A5054485095.json
0302a7c5bd2fa329b1e53065b5ae4c51e75e25210d2c264ab4eaaedec2e70326	2401161	03_works/A5054828864.json
184fc0aa078716d57a4a39a98176c8b1d49109cd44dea91c4384ce7d7db7c096	220629	03_works/A5055089597.json
33e3806344462c28294fd314399a7e3f6af8169f2b70f8531a503d92fb8a8329	7063055	03_works/A5055148154.json
fd59cc7938f985ad3fca6a27132d121b4fd75a05106be40bfcdea2e8466c1fe0	1631626	03_works/A5055862397.json
0091a7c0b77977f3b71f95cc00f756613dc7c8c74efd71a1eca8f626f4e73552	649886	03_works/A5055927783.json
159f17ad0997de8864a446ef6f05c5b39d3792aba09f4c5b632fc4dff6932571	363461	03_works/A5056335393.json
581f717f670c1e90a169c956d82c27afb6579d05508c208af10ccf80f9883d60	1532937	03_works/A5056814298.json
729745d2172dc51f6bf1f2aa3afcee8be60bf4847df1b147f86c0e5701f2bfbc	1933627	03_works/A5056962219.json
3addc56c48919090abf8146b9fad84856c9f7663099aee91f512c6a8d2c35be5	1505487	03_works/A5056976700.json
b90a36eb216cedf24c927b93ff38e95ae120ba5f3ee1755d844ef2eb3df3161b	1694829	03_works/A5057171540.json
d25b6bf28b349ad416699f9730a6133eb5c580fb27afdbfea911c997bb013578	6143397	03_works/A5057576997.json
576b2cc93e9f71184bdf79f7250d594a8a9fcc998bfbb023a4e74898f581caf3	1166738	03_works/A5057802030.json
6a7b1f984295f96fcffd41bc7502a95d1f2df9f16f078f82c404a2e7ead977f5	1458488	03_works/A5058351382.json
8fd6157a9e496a581d43956006179174193ccfc8e5b301913a2562f47e5f4a84	1187525	03_works/A5058382403.json
5a409d3e97e7cfc27859818d97fdc2e5eb9e847cd8d6f9c027a3a15e2b96c60e	23761	03_works/A5058527781.json
24c3c3ff7a74d5b2f4975d17b3006ba2ff9013d7cd5da2557b5022906b7598af	3720610	03_works/A5058888906.json
b5569f2d92f5dab14ea39f115a419f03e69150bd15069154d4d403ff751a40e7	280015	03_works/A5058964513.json
517d94c615a34e50acc6454d9334481fa0eaf2c86e50ed913b2f9dc9a0d07032	63984	03_works/A5058978537.json
6ffb810ccd02abf01010b54e968d57faf7ee8e0f2b934ec1c93ac53e697de354	43512	03_works/A5059696988.json
a009f3d4f38702ec1aabcb40f2703fd5987f488954f8607e46b801b57fdc2a14	1889967	03_works/A5059806422.json
ae8b37a21f3adf2ccd5d8c4df22c68e67ae2bdac2af712269f8a1de55f851fad	7327163	03_works/A5060049178.json
caf965e4f57f9506b877b4aed89790e59806a37becfd48d19b2ed07b40a9d83c	13055565	03_works/A5060133399.json
1a03084d787f561a7bf16f1c73fef51c66aedb6c16a1b703ef6199c12cd1ab8e	17524	03_works/A5060530858.json
774ad878181882f66580d26270343caae9ec27243eb4a46b52d0640719136a90	1025498	03_works/A5061316225.json
1ad7de0dff26edebcd46c3a54026afa66c728d695d8e251f4acc23aef0efbed3	2907503	03_works/A5061371202.json
727785aa729b434cd3fcf8e0c52dba1c23d7b1b97e406ebc1086b4c042d7d79b	923142	03_works/A5061680498.json
48aa89b3238b33e29c5c3f2f1fe8b58cadf8c13f053988fa6bed510e7ffbe58d	74803	03_works/A5061701004.json
8af263ab6225ce1c8822b37fda97d1f0ae942258be8bb3f754493319936d52f6	753367	03_works/A5063358434.json
e5fe9e0611d2ffa8fcd55c1841b8e70d489c85534b0bd67e6dbe6b896332cc73	867677	03_works/A5063482306.json
d4d04d3fc7da410f533abd9a4533b388024b7b95dd457fe2f0d339ec76392e34	1361324	03_works/A5063513647.json
8d5e14305d22cd8b6e79eb916796290a894d3c4560e8b6c08bc291c63c4eee40	807975	03_works/A5063972558.json
ac0df5fe0f87e917c01c1d14a3bcb390fefe86eeeefa9ad1ffbdab1eddf2ad69	6082626	03_works/A5064398143.json
301dee9af5463c833f80f9f8c711be333b9056734a3bd36dbf6421990c234036	1507981	03_works/A5064540278.json
d3016766f4d25c0ea98b2043c3d630d3cbe8e1843b6cec78d0bc5e74457158df	4346610	03_works/A5064557440.json
371b6f4cd162ce4f782ebade37cf7623c7a23d7b4f496472e15e7f6ae6dfded3	360479	03_works/A5064578943.json
9ec9ecc78917452374134e4fa93a9876fe569a9c364d16acf797d926387df699	1567337	03_works/A5064611767.json
e14b808037b48c3b594b4c7e2a57252e5d15bb3d584b11b8727af9815384fd19	3243700	03_works/A5064794823.json
7287982c2a93347564a0b1f7ec1d36df7ca0fe19313e8cb7be2ab899b2e05b4d	1407125	03_works/A5066191705.json
606a94bf58f5fb80eaf84f3e5e02e75e6bbf59d248d97e3daa2f7e36f37733e3	2198810	03_works/A5066367734.json
77e84e06ac91154b29ea37591747b8f402a693043c9c90559d0b7bbed88ffbeb	3743047	03_works/A5067226056.json
2b09df9d75df17b6839bfb1476e728f45a216b661b784bb17516d7a867d6ca18	15989430	03_works/A5067514299.json
2a046a5ced2193fc5c0131df7306395316aa6c66fa348f2605449ef971dfec2c	87516	03_works/A5067862987.json
42876f204f39c694462f17671493ad2964712d1592cc61dd7fe587eafeee5cf1	848660	03_works/A5067968462.json
cc3325b40c9d91e36b70cdc8d2ca9b1f8eec9f0ab6e605941a493917a607be6b	385500	03_works/A5068470091.json
ab2e71accee6e3e4c5fadf57f4dbf7285ac63570b46f5653cfc0ca1e3b1e64f5	977173	03_works/A5068533812.json
92e4ce4d849b29759205d4bf18d45ab8342e98d018a235e361c80db8fab29bb5	2453832	03_works/A5069023369.json
ea38fa2ccabc490ecb90845c2d540b2e0e57259290f0d9f4a851d77b6e3cf82a	748742	03_works/A5069574274.json
96dc257784e2b11d62ebfc5026e3be6ecd64659aebbaaa952ddf3ee0fc914456	1917930	03_works/A5070231679.json
4784f97561e3fa9dca4a2f2c028a64234904a92a9f8a62f022c4b1f43aaa3e85	6886555	03_works/A5070505553.json
04b96011dc9e9d60f36e4b18972ca4ef0accbb0e026235a5909c5892cbe43794	2177967	03_works/A5070568819.json
d2c988004bf88c23f014a96458d68934571d47cc27a43d7dca38ec156de602aa	1529914	03_works/A5070605387.json
0b8eeb3822a59f7235e23621681490d07c4c3cca3e10e8f99af7a3f4f462f293	697120	03_works/A5070658848.json
9e4cd5ee351b3a37f52290d33993434a99ffcb2d9fde05fd55a2d365313be59a	380244	03_works/A5070682056.json
f8363eb44199256db851dc035539c3edfd45c3b3b923990701a64d1689817988	3818346	03_works/A5071601943.json
6643ee52c2bde69ad78a71d67d6ef79ee8e36353af9a6d0d53f1f5ddcf656e02	4268422	03_works/A5071690494.json
a4ff7bcbc073a42f12b9dd35f01afe5ce8db3c358c0b69711b4cd46f35885344	4496490	03_works/A5071771037.json
f1bedd8a4eb402c871655015c75fd707e978ec5a61a75a34b1f8cd601d031f9c	6414347	03_works/A5072230333.json
09c21dcae2dbdfd4a5aaf3a849958ecced335a87191456ad4c351604b42222ef	1314309	03_works/A5072704582.json
bf6fd0e7f5ecf804713415632e3b4ed13b5e40981404aa9d99d832406bcb177a	88908	03_works/A5073060343.json
bf68c36ab28df4df40486736858e5399df62b2f90dfa71c8515a43f80ed0468d	1122879	03_works/A5073760994.json
127756b7161a5e82d28c5a37349c369f20b2596a7416371ae9cf46a8bbb35253	1795652	03_works/A5074307362.json
963b51a8d39ec22519ed0b7107f60b588c59fd24ce12f96f8cf472ae5d5d7d6f	302946	03_works/A5074565937.json
6b792845676606da1238340e9d618a5a7b7c835ab301954a225aeb16c978b071	673113	03_works/A5076374306.json
bf8fabd4ecc1c4bac26a72f724d300f19987ade976103bf185a7c4cf80bf62b1	239408	03_works/A5076426425.json
5bd05f78463b9a8874e839bd912fcc4cdf5ab2672cab17dc9b4b2638e3168295	736750	03_works/A5076552397.json
57ad9b3de97d5f9b3bd8a6edea41e0fa01559ece2f73aa28e13937b2352f8a3e	3800746	03_works/A5076742980.json
740d00a7bda97265757d8be68088834b467411561056bc7fea7fd058305bfe3f	204485	03_works/A5076750502.json
58e78b20591e31e1a14f11d921429d2c819dd2f5c9dc71d2fdde66cadcce0234	98360	03_works/A5076822287.json
520ee58116b24322b7894b094b061fcadd2de7156bc178909c2421c4fc98f09e	1241872	03_works/A5077076014.json
a386a5bfb3795dace2185729412d1fcd90d6c4482825c04e801acb7b2b76363c	2536289	03_works/A5077706356.json
ff034ffe0093ac9db5b89b57b40d167759a34a67df551a58c64a34aff4b1dea2	56575	03_works/A5078556304.json
451ec5725b47d3d6e3da34f4a964dec3f52d855dd8013ac147cd1d140632d36f	99357	03_works/A5078693305.json
04fcc2192ed0ec678582f88a80e261d53ff3b8d9e0999af03201150141967338	605016	03_works/A5078862538.json
89d702dbfa94bbffba070ec1cf36b1ab55cc72fdb9e33c69d30cc2a5972872e7	4020993	03_works/A5078953009.json
8201465bb7ca9a211b09631759f074174bd11c01bb309266b2ec0c3f5bf14769	188368	03_works/A5079423723.json
cc3e432c4f871a4a8b6de0ce4dbacd517131d57bb7d81c9c358fcf4cf9d40a54	2288631	03_works/A5079822735.json
68b7a8799a1b8ae513795f1fd2cc449944668078bd0cbd330440ae1acbeb31d3	137859	03_works/A5080372262.json
47050d38853bdf7d824051ed4989a25de37b559031b2f76b70641f4b8f24cfad	571954	03_works/A5080909830.json
78222fb3e7b605af20fa99c7529ab52fdc1f94078d8cfad03958671875374947	1058586	03_works/A5081188742.json
134bf5c84d9a1fc4075effa64a45c0630635f3302060ca69a6f955db32d98224	1084726	03_works/A5081348197.json
d5b523cc5cbc2dc65c188501b72becc396070e3a05d1d77e14818197977ad905	1242103	03_works/A5081829233.json
c5adc03d0999d996ac95ad055fbe2d0636a07a055085f44ab79f2d8a798df556	1583849	03_works/A5081956728.json
6540b5965467e7448eaa07bf9d979771f3006ec97843ea71601cd4ad6b2fda80	1105179	03_works/A5082166488.json
020ee1214b82bf8e5d7b7abeeb22d445b8dd7d018241f3ca7ae27153b8e2433a	2089871	03_works/A5082193621.json
3ecf5ab5c3d75becc7ac75d267a53c8cabda8c6a5480bfb2b097115c342fb7ce	2283516	03_works/A5083008074.json
88ca1ba52c07b3ed25dd231c74ae6c6dbb2fd84b97846b1837381f2259f05160	1407868	03_works/A5083043316.json
199830d2f3be1ecf23e31bb9e1125ed4bf64f819e20c0d21bca2e78cf0f8fa38	149522	03_works/A5083334093.json
7b205dd5548e5e9a89627ce0abfe1c7f1ae8cd1298d7e26dd8fba60ffad06f32	53181	03_works/A5083342500.json
30b1ca45bd83f8996ad13e04d31f02067f4be72d13879cedc4f268a4f1795275	1557430	03_works/A5083575745.json
58c636c4eaf0efc2d3f084776b7f0e4b827d2823656e67cbe9c1a0aefb7df967	118857	03_works/A5085064498.json
252454ef9415130380185e0d16313db751f4dad80873c186c984b95ca5dc277b	49493	03_works/A5085481794.json
506eb12ae89ddd10441be0364877cbf9860abdad90dc40125dee1859c6de2569	288605	03_works/A5085631323.json
ae61aafd0c8380269e361745dbdef9ae299256ea117d3e1d39b72467fef491b5	3427024	03_works/A5085975930.json
9423d4709a8bad0c119634825fbffb3972ad4d2e96e332d1750f298aadb48b42	1063757	03_works/A5086002810.json
1a65c50e21d802547b3586c6f3fdb683afeffa9aa71158e7b8783ed706502b8c	1333807	03_works/A5086031530.json
fa3910973cd794fc9197f736304301b6d226f1feae6c0d69090e786c98400219	466709	03_works/A5086041403.json
f00f23afe5540cb95844fa12a3674ed99d231c5b7cf31b3f8d600e67f3a77a52	5166029	03_works/A5086411644.json
a276601a8a3a46177d442383b4e279946973a5dd3748bdf7f93cd69363bf7600	12195670	03_works/A5087173002.json
0ee48504a4e902fd7f1a7059ff16ab816f1151753822fd73680bc765f69c41c4	3590822	03_works/A5087246819.json
f2bd064e339eea076b75cdba9c8a02ee0aeef7286fd40235f4a40d0e2d25fc22	2661821	03_works/A5087601665.json
a5ad125a9bd4e8adf6a2ff3ddc862001b9dac91437b569fbbee0140f79f2bf8f	485422	03_works/A5087726711.json
6aa145df5c4143394c9147a21060bc38e45781406ecfefb3d313576015bb24af	2813060	03_works/A5088093819.json
4dae95ee2a20dcfbaeccab9eafa0d3fcb0036dd7c0227d251304da3ff78d09ce	26401	03_works/A5088843664.json
4c149b81a1a056700ad5dd833566cd14f8a20080b61e3f00bd27bf0810fb54a9	2264174	03_works/A5089010455.json
7ba787fb583ea77d0b2abfa74e347927769f2eebcac45396377b421373d927f5	3875246	03_works/A5089160643.json
95257070fdd386beb472d4573c8a49d28949cdc1ca865655b0725767fe1895d8	142142	03_works/A5089362672.json
8e2144f4dfc4b25ce7334788f2cd2b1e9963b20c9032fc3cf54213609e92829b	403330	03_works/A5089652474.json
69d5f3e16e214cdc3a1aa1bf5be9e4f2f60f0da3b6bfdb99e2522640b45eeb23	1391692	03_works/A5089696059.json
55ca11804e12a9c4ac925b93036a14689c5117c1eebba257d5ba67c9f125e8cb	3516077	03_works/A5090013218.json
e1bc6bae2b3cae7d81647a04d11efee718358a56b2a32afe905ca02c68bbc4f8	1319253	03_works/A5090387330.json
1eb3800262eec89588e8e6d122011f84ca8c4d80fee941dd0474a1d91e950909	209154	03_works/A5090783923.json
0417b400539e677379746f34c75bbd32fade4bd1515a51a9d6692bf0378cf01d	438331	03_works/A5090969739.json
d12ea067bbc5b5827ecece6939c1bde6d30a85410328c569889011d5d356ee2b	729687	03_works/A5091305227.json
e127601a5c4bfc92685d5982b67794ebac5e4878d4d091f09530072fc2e021f7	985155	03_works/A5091343801.json
a9f34e14990c79e0e457598a313fb721615abe8aebfb7ee312ef0facf6caaa5f	858509	03_works/A5091571513.json
81599c309ae0a81ee181063a665d60215a69f19589906b3b65dd2393b9133e6e	444566	03_works/A5091647381.json
e1f8bd6dac0b01096e35051c1f03c9cfa850ef560672792f2bbdbfb05e975205	764156	03_works/A5091811569.json
602f9e68e373375747f6f7329bca7e2bb08c38f89e1b841b398d5a74da19d1c0	29227	03_works/A5093433205.json
6b05993e46b07a2ad49d73aa19cf84088c781b67e08b9a1e82ade5f3c827a8f1	486264	03_works/A5100400064.json
7ae98643873b89629064a922b763730d596f52e7c9f248c5aea9be34613fc26d	1856394	03_works/A5100409602.json
e253612cf3d402c6e338d487c6ca2e44ad530ab8996539ab137daea9090b29d3	17996332	03_works/A5100427821.json
5549eb9aa51deef1b1d22c7c942f0a4b0434c0d2c30a2a4b7bfaf03070f98019	1162554	03_works/A5100452176.json
49702963d8c562c665fe7427a5f3279e2ab6e0d2b4fe7043a9082bc441b4f094	3293952	03_works/A5100462615.json
9e47bfd26a378c05238f2a2fa31ea1079ae7a190539005c9b3aa96edf5e67364	13750871	03_works/A5100602883.json
425e208afdd2e26318fff1dc4b139d4989fb86b8f60fc9c0edb533c4cd2f7b4d	129756	03_works/A5100874069.json
9f55da742cd0cb846dfc338906d05b1f8b9bf15f9deb818d06c9db1672c15b09	732087	03_works/A5101270824.json
b8e55878e75d323e75461c8a9381bf4d8f3d0803c43fda1801327785eb2c14e7	593143	03_works/A5101442953.json
0cba6a9ffa0f4ec9ee2eef837d3cf96af2c6c77345dc8ccbd4dfb5765d5ee494	1034017	03_works/A5101451604.json
dab4295e97646e468d7bce7dc9acc0d807be56fa4a907ab317736e827d380940	1098260	03_works/A5101596594.json
6114ddaf2b37e6351776d173b52a8b6e0a0effffe13ae5ebacd760b1861e0142	29243893	03_works/A5101613292.json
d9258328b0a4ff2079dde7c1c2772045d55f1272561e511d2416df321e0b3789	4534084	03_works/A5101624294.json
29f003627e25084b39389f4a08c5e189ecf4bd04969152c98e53b7479fc99c1f	38364	03_works/A5101765730.json
c2a15e57ecd28fc00a451092120df5e829a73fa952ce903acb06919d37fb0eab	156568	03_works/A5101780892.json
219d18404c362c37f6c5da4f282ce3f3d0b77003e5921014210058a8fb42de0e	6257696	03_works/A5101841802.json
8f699314519934982024cfc9fd1129a588eba9107a1e55ba0bd22b2db558315c	5241758	03_works/A5101892958.json
b3bcfaa307b7c3ca9b8444122fd90ad2ee86f203cb64a0f24fbf418ca4c1fa3d	25915	03_works/A5102680222.json
f621d3e15ce703373ac4dc385d5719e4ebcf38f4997b284135fd19aa0cebbc3a	123465	03_works/A5102727513.json
f0f6e03496180e6bacb1b09d566c4d66e1ccbabcb753299501f30c5d6ac37c63	6869139	03_works/A5102994482.json
797b6aba6c226604f370b8ee7586267006e2142b54f97423a2e1da9a8be59be0	1349261	03_works/A5103108258.json
9b7f6669c932d58c6c321fda31b1d09834d2bcf0c8b517154ee7e54baee66e55	2155526	03_works/A5103147397.json
e08cfd4d520673f03d94089ceeec44dcec8f2730a9e513613a27ba049cc7e57a	4138238	03_works/A5103206776.json
88da2f77016de2c2478cd2249e29bba3b798e18b9b67e8b9c3d907a03e7c83c1	86173	03_works/A5103283293.json
97a87283f51fa95cec241395857afccd848081186075c4a20ffa011f057c7fc5	281931	03_works/A5103487818.json
a4df6f2eb8369112ac0495c5b8ba20bccf45a91a283e70c46c9a53fe9045497b	915242	03_works/A5107835766.json
969963ade18a74de19b738d36b95e4e6b19182e1a84c5553492be0b07bbd0bc1	68098	03_works/A5108295899.json
2ab19c71194b1e832dff18393fdce69d094114fbb6f3572a19d9ed174e72bb88	153284	03_works/A5108322539.json
793e145636865694eaafed76a1814454b5c972704c30051e4d7d568e83937379	866958	03_works/A5108501222.json
968699633dca3fc20122ee9422540d489bee53dd51c4af36fab6b2ec38bb7ae9	237571	03_works/A5108973227.json
d80de199e5d476880c8716f77429c46d6b1dfa60dbd38c5bc9ee5f7495d3cb49	1110338	03_works/A5109074641.json
32f25188a650d986ca461d0eafcf23b1cf86403ca80b02710aa82ac817a1f89a	116434	03_works/A5109481311.json
c8d798b3b8eb066234be9eabeb84f6db34f3e27257a05f2a6c8ecfede5021ba1	16013	03_works/A5109900536.json
5610b2bf4c323737d1f5e1cee3b618a0d6eb9432bad049b56b73d38b0de4e583	47836	03_works/A5110324582.json
63818092d7ae5b5a79739c5d1e52f7c169a2f47e9216833c03417711cbb07be5	470068	03_works/A5111827091.json
3fa97dc621f5cb7bcc31474d5feb7bb042f4e56bee39f79dc1544ab6554e893b	369548	03_works/A5112107099.json
4c4c7522732f5d07268e79204a8f451d25f199d467b1d7846d27fcbb65e1ab52	106021	03_works/A5112963139.json
ce50054b1858ee4f30ce741a46641cb9e71e6e1862124b3daeb1b3154208751b	860768	03_works/A5113241600.json
cbfaeac60e85ff3bb1e07a45e68f7d015f00acf800d6293a5163467a05f16f95	306087	03_works/A5113279604.json
7e3128cdc6aafdcdd985ec0a7aa90004d4c52ffc5faae844daa0706bd49609ec	1161427	03_works/A5113714864.json
2e37b3aee56588085cedf1f15d6060edf6a8b360fe8f346136af2b44008a9917	33927	03_works/A5113768554.json
2289a21450f11522cbecce19454706b5702ebb655ea4bb37f32e4e6c9521fede	22154	03_works/A5117116214.json
75959a8078bd835de3d7c7f52eea1772ef2fc86ebd6e8db8fb7cf8593a5b2881	64309	03_works/A5117152200.json
b9fd16990bbf5d26e75dbca47f3e3f27996a5a60a6649f2aa01f27ae167be204	23170	03_works/A5121250490.json
e464d6e9d4af298f91a33382a20d6006d0b781b0ae8131bbd0575376cb49c3b1	94341	03_works/A5121459836.json
556508d57dcdb554558efabd4e538d69f16a52603769edd0b104d6a8182d5c2b	563083	03_works/A5121462085.json
1c2b79df1c7717f45a382454b31eb364ed4166a4a81b4aa63d61173f747a2ecc	166560	03_works/A5121515935.json
6dd3d179a2452dcd95ec49d525c9947ed64a52398447bf271d5da7bc0a8c882b	64034	03_works/A5123300040.json
ed790656fb1a8671ed2ebbf793d7b439fc4df7ad5f8914a6b580483a776b4425	12255	03_works/A5123457578.json
b0a0e8dc16b0808182ae9043c63a6037ece7f0a15f240896e976d2ebad52b503	130090	03_works/A5125645599.json
c9411ebc54563787e09950a9db934cea53902b669879ad20892a8761f05f0a02	53198	03_works/A5126529010.json
ee1a8674e2141d96c5b9f49dea47b8b4c4c3d3dc507588c094bff4db3f1c779d	53202	03_works/A5126533651.json
f49932554f27eba44440483a5cf64512c4e88f7abcde9272c3bdf40a5eb81b2b	130830	03_works/A5126745824.json
03ecc55cabdd76426053e77695e2606c68918053ecb8b57c6f275846b195d4b4	19095	03_works/A5128721368.json
7cf2ead81a024e5e613689d6ddfb7649d90bd814020d1ce45886a2812ddf30ed	19030	03_works/A5129501642.json
f24f350d17f586530e64d0ff450fa85b4f685317597eebf5b0c6c184fa83de2c	65105	03_works/A5129518673.json
e753690a8cf911be874713cb9926491c4af7396b31b11ffa02a511b07d022760	32506	03_works/A5132606393.json
e79956bd4e7483545da9ed05a993b862fca7e75e99b43546bdfe32c8a267705f	33731	03_works/A5135197841.json
ba91ddc46e829f8223b9ba1b1792776adec0ac6797cbe46d1ef9479688a542bc	40945	03_works/A5136664917.json
dc78d21227f4fb37b0809c0b498673bef13b350fb57e6d1d6f23a294d2df217e	23640	03_works/A5137004902.json
db03edb40eb8f95bf74e3aebfb71109e294c467b71dce434b5053f65f2eda005	56537	03_works/A5137019908.json
6282cef038ebd27a30e1c7f74a160164188137984aef6808a3ffeb1c0acd8a12	23498	03_works/A5137593163.json
993d10f8245e65bbee5b349776a3525485ba875858141d9dcf97340cb5a2e243	24602	03_works/A5138651068.json
71da91eb3bbff72fe57c45c278c95571d6f0c9da2420bec16243cf77419e9e39	18552	03_works/A5139409824.json
625c08f3db9655524fc7f13139709780330640a5de121b04ded9466df5f7f4d0	83166	03_works/A5139685966.json
fde0fd13aaf94d28af9d7e7d7b90594b182458ea89ec3321a3ccff329b363ae8	9574019	04_papers.csv
0f81e937c50b6c55e13ae569eb520138e315a87f828061edf51239679f7d8e96	118338755	04_papers.jsonl
649b8a8c95e09c07f34ed455862429066406b5d41cf36208ad1de27620962c9a	21420106	05_matches.jsonl
6659be3d6020dc77f4975097487541bf292c6a39c1d3f7e4afc8d902466f01b7	766	orcid_openalex_check.csv
c37c078dfd6edaa937a7698ebab9a5060beb015bd198b2223946ac377bfe18d2	548965	orcid_openalex_check.json
421e213f9fbc5043902496bdef0966839604a2ee66fdb2d081c2f43f330713e3	92510	papers_preview_from_cache.csv
966783cd7dd67396ddda7df365146f6835e5861102cf408b864ae996f66ce7a6	22572	review_suspect_funded_tags.json
