3efe20c303b6604846567887d301ad4325ca8914c39bedf3e73e34c9c1387f7b	2839	SUMMARY.json
855da35b768c4fc20b78b70ff42ee75d4819cf0d03c1a3cee118a5ad807a61ec	9872	records/P009.md
be37535ce03f01e9533c687218037b43fc660abd0b6f33153bfa2f4b80a88795	10868	records/P037.md
8dd2d8abdf1aa8dc22b049afaad0257a1ede048e59dff3ea48e6bc8c7003a5b7	10794	records/P038.md
2a5c8cde32ceef47fa629e0d7566c0480d66687704746dd187d60f298c3b50ed	10307	traces/P009.jsonl
c55e2d57a2e1e48a46985d853031a4f1dfa1d123df4b91eddd5709f04ededce3	694	traces/P009.run.json
e3b0c44298fc1c149afbf4c8996fb92427ae41e4649b934ca495991b7852b855	0	traces/P009.stderr.txt
9e7c207586406955f1c7f9b7fa7a4f4c55681bc3b444180ccaee205c72ac8f54	11311	traces/P037.jsonl
45614dd4b1d68fc14a2dfc828805570ade86a1efedc9b63761dd788799ecf733	695	traces/P037.run.json
e3b0c44298fc1c149afbf4c8996fb92427ae41e4649b934ca495991b7852b855	0	traces/P037.stderr.txt
1ab94c2786ea07a9f2f122c6da8c9890dbd6cb2bdf226830b4099698037e96b4	11250	traces/P038.jsonl
fb3f7d7b47d92e65d5f54ea3e19d632f55cde6b5b6515ef9889e288b68124068	693	traces/P038.run.json
e3b0c44298fc1c149afbf4c8996fb92427ae41e4649b934ca495991b7852b855	0	traces/P038.stderr.txt
