name,scale_status,next_action,review_reason,resolution_status,chosen_id,additional_profile_ids_held,chosen_name,orcid,affiliation,member_affiliation,total_works,eq_works,alternatives,project_ids,is_member,cached_profile_path
Jeffrey Johnson,needs_review,manually_verify_profile,High-work-count profile: verify identity,ok,A5067514299,,Jeffrey Johnson,0000-0001-8290-2857,Dakota State University,University of Alberta,1277,142,A5068867603=Jeffrey L. Johnson(1 eq); A5056814298=Jeffrey G. Johnson(2 eq); A5016249965=Jeffrey D. Johnson(4 eq),1871-RA;1989-SG;2016500;2016520;20170610;20180170R1;20190690;20190810;216-RA;2257-RA;2553-RA;367-RA;445-RA,1,artefacts/03_works/A5067514299.json
Richard Xu,needs_review,manually_verify_profile,High-work-count profile: verify identity,ok,A5057171540,,Richard Huan Xu,0000-0002-4720-5172,Hong Kong Polytechnic University,The Hong Kong Polytechnic University,143,50,A5101613292=Rui‐Hua Xu(12 eq),1495-RA;1549-RA;1804-RA;1897-RA;2181-RA;2183-RA;2184-RA;2351-BT;2375-RA;2409-RA;444-RA;85-RA,1,artefacts/03_works/A5057171540.json
Samar Farid,needs_review,manually_verify_profile,ambiguous,ambiguous,A5091305227,,Samar Farid,0000-0002-6048-847X,Cairo University,,81,10,A5003458011=Samar M. Farid(1 eq); A5001251189=Samar Farid(5 eq); A5137593163=Samar Farid(2 eq); A5140654507=Samar F. Farid(1 eq),1492-RA;1594-RA;20180130;2063-RA;2145-RA;2341-RA;2402-BT;2492-RA;2522-EO;335-RA;338-EO,0,artefacts/03_works/A5091305227.json
pei wang,needs_review,manually_verify_profile,ambiguous,ambiguous,A5100462615,,Pei Wang,0000-0001-7787-6498,Southwest University,,228,4,A5051368106=Pei Wang(3 eq),1863-RA;20170530;2454-RA;401-RA,0,artefacts/03_works/A5100462615.json
Clement Cheuk Wai Ng,needs_review,manually_verify_profile,ambiguous,ambiguous,A5102680222,,Clement Cheuk Wai Ng,,Chinese University of Hong Kong,,3,3,A5001642847=Charis Wei Ling Ng(2 eq); A5079557144=Clement Cheuk-Wai Ng(1 eq),1691-RA;1703-RA;211-RA,0,artefacts/03_works/A5102680222.json
Jonathan Nazari,needs_review,manually_verify_profile,ambiguous,ambiguous,A5076426425,,Jonathan Nazari,0000-0002-4758-7588,Pfizer (United States),,19,3,A5083342500=Jonathan L. Nazari(2 eq); A5120416926=Jonathan Nazari(1 eq); A5058527781=J Nazari(2 eq); A5137981527=Jonathan L. Nazari(1 eq),2264-EO;2414-RA;2583-EO,0,artefacts/03_works/A5076426425.json
Paul Schneider,needs_review,manually_verify_profile,ambiguous,ambiguous,A5086411644,,Paul M. Schneider,0000-0003-2776-4441,The University of Melbourne,,354,2,A5009816526=Bryan P. Schneider(2 eq); A5028665038=Paul Schneider(1 eq),1508-RA;1596-RA;2582-SG,0,artefacts/03_works/A5086411644.json
yaling Yang,needs_review,manually_verify_profile,Common-name OpenAlex profile appears contaminated,ok,A5008455417,,Yaling Yang,0000-0002-9529-1685,Shanghai Public Health Clinical Center,Oxford University,163,28,A5000074603=Yi Yang(2 eq),1807-RA;2130-PHD;2172-RA,1,artefacts/03_works/A5008455417.json
Jarinne Woudstra-de Jong,needs_review,find_and_verify_profile,unresolved,unresolved,,,,,,,,,,2289-BT;2326-RA,0,
Maresa Buchholz,needs_review,manually_verify_profile,ambiguous,ambiguous,A5061680498,,Maresa Buchholz,0000-0002-4486-8632,Universitätsmedizin Greifswald,,40,16,A5126533651=Maresa Buchholz(8 eq); A5121100821=Maresa Buchholz(1 eq); A5125998044=Maresa Buchholz(1 eq); A5134006794=Maresa Buchholz(1 eq),1582-RA;2057-TVG,0,artefacts/03_works/A5061680498.json
Wojciech Trzebiński,needs_review,find_and_verify_profile,unresolved,unresolved,,,,,,,,,,1698-RA;2343-RA,0,
Abdulhamid Musa,needs_review,find_and_verify_profile,unresolved,unresolved,,,,,,,,,,20210010,0,
Afewerki Gebremeskel,needs_review,find_and_verify_profile,unresolved,unresolved,,,,,,,,,,396-RA,0,
Ahmed Hamdan AlJedai,needs_review,find_and_verify_profile,not_found,not_found,,,,,,,,,,1666-VS,0,
Aysenur Ahsen,needs_review,find_and_verify_profile,not_found,not_found,,,,,,,,,,2206-RA,0,
Bosiljka Djikanovic,needs_review,find_and_verify_profile,unresolved,unresolved,,,,,,,,,,2128-VS,0,
Carrie-Anne Ng,needs_review,manually_verify_profile,ambiguous,ambiguous,A5035818265,,Carrie‐Anne Ng,0000-0001-9326-8492,University of Technology Sydney,,23,5,A5135197841=Carrie-Anne Ng(2 eq),2157-RA,0,artefacts/03_works/A5035818265.json
Chris Flood,needs_review,find_and_verify_profile,not_found,not_found,,,,,,,,,,2005-SG,0,
Cristina Guttierez,needs_review,find_and_verify_profile,unresolved,unresolved,,,,,,,,,,20180290,0,
Daliya Kaskirbayeva,needs_review,find_and_verify_profile,unresolved,unresolved,,,,,,,,,,2013-RA,0,
Edwine Barasa,needs_review,find_and_verify_profile,unresolved,unresolved,,,,,,,,,,2233-VS,0,
Elizabeth Tompkins,needs_review,find_and_verify_profile,unresolved,unresolved,,,,,,,,,,1572-RA,0,
Emma Pleeging,needs_review,find_and_verify_profile,not_found,not_found,,,,,,,,,,2186-RA,0,
Esther de Bekker-Grob,needs_review,manually_verify_profile,weak_via_works,weak_via_works,A5007711014,,Esther W. de Bekker‐Grob,0000-0001-7645-6168,Erasmus University Rotterdam,,202,4,,2095-EO,0,artefacts/03_works/A5007711014.json
Felix Masiye,needs_review,find_and_verify_profile,unresolved,unresolved,,,,,,,,,,2238-VS,0,
Frank De Charro,needs_review,manually_verify_profile,OpenAlex profile also assigned to Rosalind de Charro,ok,A5080909830,,Frank de Charro,0000-0002-5280-5551,,,64,18,A5111927574=Frank T. de Charro(1 eq),2013080,1,artefacts/03_works/A5080909830.json
Gordon Liu,needs_review,manually_verify_profile,ambiguous,ambiguous,A5074307362,,Gordon G. Liu,0000-0002-4339-2644,Peking University,,171,8,A5064540278=Gordon Liu(4 eq),2012010,0,artefacts/03_works/A5074307362.json
Hajer Falfel,needs_review,find_and_verify_profile,not_found,not_found,,,,,,,,,,20190040,0,
Hoang Van Mi,needs_review,find_and_verify_profile,unresolved,unresolved,,,,,,,,,,20170220,0,
Julia Fox-Rushby,needs_review,find_and_verify_profile,not_found,not_found,,,,,,,,,,2109-RA,0,
Lyazzat Kosherbayeva,needs_review,find_and_verify_profile,unresolved,unresolved,,,,,,,,,,2232-VS,0,
Meles Tekie,needs_review,find_and_verify_profile,unresolved,unresolved,,,,,,,,,,223-RA,0,
Merhawit Gerezgiher,needs_review,find_and_verify_profile,not_found,not_found,,,,,,,,,,1490-RA,0,
Nadine Zawadzkli,needs_review,find_and_verify_profile,not_found,not_found,,,,,,,,,,140-RA,0,
Nicholas Smeele,needs_review,find_and_verify_profile,unresolved,unresolved,,,,,,,,,,2320-TR,0,
Norma Bulamu,needs_review,find_and_verify_profile,not_found,not_found,,,,,,,,,,2205-RA,0,
Priyanka Banik,needs_review,find_and_verify_profile,unresolved,unresolved,,,,,,,,,,2530-RA,0,
Raf Van Gestel,needs_review,find_and_verify_profile,unresolved,unresolved,,,,,,,,,,1672-SG,0,
Rini Noviyani,needs_review,find_and_verify_profile,unresolved,unresolved,,,,,,,,,,2598-RA,0,
Sandjar Djalalov,needs_review,find_and_verify_profile,unresolved,unresolved,,,,,,,,,,59-VS,0,
Sesil Lim,needs_review,find_and_verify_profile,unresolved,unresolved,,,,,,,,,,20180420,0,
Sofia Vallejo,needs_review,find_and_verify_profile,unresolved,unresolved,,,,,,,,,,2517-RA,0,
Teresa Bago d'Uva,needs_review,find_and_verify_profile,unresolved,unresolved,,,,,,,,,,1463-PHD,0,
Johannes Clouth,needs_review,manually_verify_profile,ambiguous,ambiguous,A5029021088,,Johannes Clouth,0000-0001-8941-6739,Eli Lilly (Germany),Retired,52,4,A5004580198=Felix J. Clouth(4 eq),,1,
Rosalind de Charro,needs_review,manually_verify_profile,OpenAlex profile also assigned to Frank De Charro,ok_via_works,A5080909830,,Frank de Charro,0000-0002-5280-5551,,,,4,,,1,artefacts/03_works/A5080909830.json
Nan Luo,ready,use_cached_profile,,ok,A5064398143,,Nan Luo,0000-0001-7980-6979,National University of Singapore,National University of Singapore,477,263,,128-RA;1504-RA;1505-RA;1517-RA;1522-RA;1535-RA;1599-RA;1608-RA;1738-TVG;1741-RA;180-RA;1818-RA;188-RA;2012060;2014100;2015220;2015410;2016010;2016070;2016130;2016230;2016290;2016310;2016600;20170330;20170430;20170450;20170460;20170640;20180060;20180160;20180250;20180270;20180600;2019-EO;20190010;20190600;20190820;20190830;2120-RA;2176-RA;2222-EO;232-RA;2362-BT;2418-BT;2451-RA;2455-PHD;274-RA;320-VS;321-VS;364-RA;402-RA;439-PHD;69-RA;76-RA,1,artefacts/03_works/A5064398143.json
Feng Xie,ready,use_cached_profile,,ok,A5102994482,A5015716999,Feng Xie,0000-0003-3454-6266,Qingdao University,McMaster University,385,110,A5015716999=Feng Xie(36 eq),137-RA;1587-TVG;1704-RA;1793-RA;2013050;2013180;2013230;2013270;2015120;2016-RA;2016060;2016080;2016540;20170100;20180310;20191110;2023-RA;2170-RA;2566-RA;2593-RA;342-RA;345-PHD,1,artefacts/03_works/A5102994482.json
Zhihao Yang,ready,use_cached_profile,,ok,A5028809099,A5051597671,Zhihao Yang,0000-0001-5468-0847,Guiyang Medical University,Guizhou Medical University,108,76,A5051597671=Zhihao Yang(5 eq); A5103097710=Zhihao Yang(1 eq),1485-RA;1534-EO;1598-RA;1941-RA;20180070R1;20180230;20180610;20190150R1;20190151;20190370;20190900;20191020;215-2020RA;2180-RA;221-RA;2225-BT;2276-RA;2348-BT;353-RA;456-RA;75-EO;92-2020RA,1,artefacts/03_works/A5028809099.json
Nancy Devlin,ready,use_cached_profile,,ok,A5103206776,A5108295899,Nancy Devlin,0000-0002-1561-5361,The University of Melbourne,University of Melbourne,380,198,A5029151069=Nancy Devlin(1 eq); A5108295899=Nancy Devlin(4 eq),1404-RA;1497-RA;2012050;2013040;2014020;2014170;2015060;2015100;2016320;2016570;2016571;2016630;2016631;20170010;20180210;20180650;20190220;202-RA;2274-TVG;370-RA;399-RA,1,artefacts/03_works/A5103206776.json
Marcel Jonker,ready,use_cached_profile,,ok,A5063358434,,Marcel F. Jonker,0000-0001-8433-1402,Erasmus University Rotterdam,,61,11,,1413-RA;1484-RA;1489-RA;1611-RA;1612-RA;163-RA;1679-RA;1693-RA;1695-RA;1919-RA;20180320;20190170;20191070;20191180;2178-RA;2204-RA;356-PHD;415-RA,1,artefacts/03_works/A5063358434.json
Juanita Haagsma,ready,use_cached_profile,,ok,A5060133399,,Juanita A. Haagsma,0000-0002-2055-548X,Erasmus MC,Erasmus MC,360,94,A5108136368=Juanita A. Haagsma(1 eq); A5108548502=J Haagsma(1 eq); A5114155705=J A Haagsma(1 eq),141-RA;1498-PHD;151-RA;1604-RA;1954-RA;20180330;20180380;20180630;20190120;2159-RA;2426-PHD;243-RA;2456-BT;315-RA;420-RA;460-RA;77-RA,1,artefacts/03_works/A5060133399.json
Fredrick Purba,ready,use_cached_profile,,ok,A5059806422,,Fredrick Dermawan Purba,0000-0002-7336-3043,Padjadjaran University,Universitas Padjadjaran,148,62,A5126954425=Fredrick Purba(1 eq),1644-RA;1910-RA;1914-RA;2016420;20180140;20180430;20190130;20190440;2035-RA;2113-EOI;2177-RA;2203-RA;242-RA;2463-RA;2466-RA;442-RA,1,artefacts/03_works/A5059806422.json
Benjamin Matthew Craig,ready,use_cached_profile,,ok,A5029949490,,Benjamin M. Craig,0000-0003-1121-1316,University of South Florida,"University of South Florida, Tampa, USA",118,43,A5008541510=Benjamin Thomas(3 eq); A5085528800=Joshua D. Stein(2 eq),1769-RA;1850-RA;2013100;2013130;2015030;2015290;2016020;2016720;20170260;2266-TVG;2337-RA;2501-RA;302-EO;304-PHD;464-RA,1,artefacts/03_works/A5029949490.json
Kim Rand,ready,use_cached_profile,,ok,A5041551368,,Kim Rand,0000-0001-7692-4099,Akershus University Hospital,"Maths in Health and the Health Services Research Centre, Akershus University Hospital",66,33,A5043214580=and Kim Rand(1 eq),1507-VS;1854-EO;2014070;2015070;2015250;2015260;2015270;20190580;20191190;209-RA;2471-RA;2540-EO;2626-RA;309-RA,1,artefacts/03_works/A5041551368.json
Michał Jakubczyk,ready,use_cached_profile,,ok,A5015781187,,Michał Jakubczyk,0000-0002-0006-6769,SGH Warsaw School of Economics,"SGH Warsaw School of Economics, Poland",128,30,,1530-RA;1574-RA;1585-RA;1689-RA;1930-RA;2009-RA;2015320;2016640;20190070;2132-RA;2143-RA;2144-RA;404-RA;431-RA,1,artefacts/03_works/A5015781187.json
Brendan Mulhern,ready,use_cached_profile,,ok,A5090013218,,Brendan Mulhern,0000-0003-3656-8063,University of Technology Sydney,University of Technology Sydney,294,164,A5009868132=Brendan J. Mulhern(1 eq); A5132596277=Brendan Mulhern(1 eq); A5122901134=Mulhern Brendan(1 eq),1903-RA;1926-RA;1976-TVG;2014010;2015460;2016260;2016650;20170670;20180300;20180460;234-VS;322-RA;99-RA,1,artefacts/03_works/A5090013218.json
Fatima Al Sayah,ready,use_cached_profile,,ok,A5026033494,A5058978537,Fatima Al Sayah,0000-0003-3891-5452,University of Alberta,"University of Alberta (Canada), Centre for Clinical, Health Economics, and Outcomes Research, CCHO (Lebanon, UAE, KSA)",103,66,A5058978537=Fatima Hussein Al Sayah(6 eq); A5130247173=Fatima Al Sayah(1 eq),102-RA;1465-VS;1696-RA;1931-RA;1974-VS;1984-RA;20190050;2116-EOI;2413-RA;2487-TVG;2490-EO;2560-RA;96-EO,1,artefacts/03_works/A5026033494.json
Janine Verstraete,ready,use_cached_profile,,ok,A5006452129,,Janine Verstraete,0000-0002-1148-4747,University of Cape Town,University of Cape Town,88,46,A5095559141=Verstraete Janine(1 eq),142-RA;147-RA;1681-RA;1859-TVG;1928-RA;20180730;20190200;20190670;2226-TR;2633-TVG;365-RA;425-RA;426-RA,1,artefacts/03_works/A5006452129.json
Paul Kind,ready,use_cached_profile,,ok,A5013594779,,Paul Kind,0000-0003-2377-1652,University of Leeds,"Health Economics Policy Lab (HEPL), University College London",240,139,A5136640933=Paul Kind(1 eq),1583-RA;1786-RA;2009018;2010011;2014120;2014220;2015350;2015420;2016050;2016200;20191040;20191050;78-RA,1,artefacts/03_works/A5013594779.json
Tessa Peasgood,ready,use_cached_profile,,ok,A5022446221,A5137019908,Tessa Peasgood,0000-0001-8024-7801,University of Sheffield,University of Sheffield,121,62,A5137019908=Tessa Peasgood(4 eq); A5140631355=Tessa Peasgood(1 eq),1823-RA;1916-RA;20180350;20190260;2207-RA;224-RA;2366-EO;2470-RA;2488-TVG;2493-RA;282-RA;348-PHD,1,artefacts/03_works/A5022446221.json
Wolfgang Greiner,ready,use_cached_profile,,ok,A5001823062,A5076750502,Wolfgang Greiner,0000-0001-9552-6969,Bielefeld University,Bielefeld University,570,85,A5076750502=Wolfgang Greiner(4 eq),1603-RA;2012020;2013200;2014030;2014160;2015200;2016530;20170020;20180010;20180260;20180510;2433-RA,1,artefacts/03_works/A5001823062.json
Elly Stolk,ready,use_cached_profile,,ok,A5033903811,A5078693305,Elly Stolk,0000-0001-5968-0416,,EuroQol Research Foundation,161,79,A5078693305=EA Stolk(5 eq),1721-RA;1761-EO;2013090;2013300;2014060;2015430;2016410;2138-TR;2219-PCG;2262-RA;2644-EO,1,artefacts/03_works/A5033903811.json
Jennifer Jelsma,ready,use_cached_profile,,ok,A5064611767,A5139685966,Jennifer Jelsma,0000-0003-4049-8395,University of Cape Town,University of Cape Town,162,49,A5139685966=Jennifer Jelsma(3 eq),1713-RA;2013110;2014200;2016120;2016180;20170250;20170540;20170650;20190030;20190500;20191210,1,artefacts/03_works/A5064611767.json
Stefan Lipman,ready,use_cached_profile,,ok,A5078862538,,Stefan A. Lipman,0000-0002-8784-9650,National Institute for Public Health and the Environment,"Erasmus School of Health Policy & Management (ESHPM), Erasmus University Rotterdam",56,21,,120-RA;1783-RA;1992-RA;20190080R1;20190860;20190890;205-RA;2404-RA;245-RA;416-RA;417-RA,1,artefacts/03_works/A5078862538.json
You-Shan Feng,ready,use_cached_profile,,ok,A5091571513,,You‐Shan Feng,0000-0003-1509-3409,Universitätsklinikum Tübingen,"Medical University Tübingen, Germany",67,20,A5140621214=You-Shan Feng(1 eq),127-RA;1593-RA;1600-RA;1898-RA;1901-RA;1902-RA;2200-RA;2312-BT;2373-RA;2544-RA;329-RA,1,artefacts/03_works/A5091571513.json
Abraham Gebregziabiher,ready,use_cached_profile,,ok,A5061701004,,Abraham Gebregziabiher Welie,0000-0003-4661-7287,Mekelle University,"1School of Pharmacy, College of Health Science, Mekelle University.",6,4,A5113330806=Abraham Gebregziabiher(1 eq),133-RA;1798-RA;20170480;20180500;20191010;2124-RA;225-RA;313-PHD;340-RA;89-RA,1,artefacts/03_works/A5061701004.json
Bas Janssen,ready,use_cached_profile,,ok,A5020933378,A5111827091,Mathieu F. Janssen,0000-0001-6602-6949,Erasmus MC,,117,92,A5111827091=Bas Janssen(37 eq); A5058167663=MF Bas Janssen(1 eq),155-RA;157-RA;2012040;2015450;2016620;20170600;240-RA;2594-RA;458-RA;461-RA,1,artefacts/03_works/A5020933378.json
Dominik Golicki,ready,use_cached_profile,,ok,A5035126117,,Dominik Golicki,0000-0001-7741-4760,Medical University of Warsaw,Medical Univeristy of Warsaw,162,97,,1575-VS;2015240;2015280;2016110;2038-RA;2100-EOI;214-RA;2479-RA;337-RA;339-RA,1,artefacts/03_works/A5035126117.json
Federico Augustovski,ready,use_cached_profile,,ok,A5053077563,,Federico Augustovski,0000-0002-2914-5022,Instituto de Efectividad Clínica y Sanitaria,Institute for Clinical Effectiveness and Health Policy (IECS),342,44,A5075446732=Federico Augustovski(1 eq),1605-RA;1891-RA;2012-RA;2013070;2015-RA;2016360;20170170;20170660;20180580;2119-RA,1,artefacts/03_works/A5053077563.json
Simon Pickard,ready,use_cached_profile,,ok,A5058888906,A5103487818,A. Simon Pickard,0000-0001-5645-7091,University of Illinois Chicago,University of Illinois - Chicago,306,140,A5103487818=AS Pickard(21 eq),2014130;2015190;2016090;2016210;2016470;20180080;20180520;20190360;20190410;20190800,1,artefacts/03_works/A5058888906.json
Cate Bailey,ready,use_cached_profile,,ok,A5020867003,,Cate Bailey,0000-0001-5030-430X,The University of Melbourne,University of Melbourne,88,13,A5018812334=Cate Bailey(1 eq); A5007805675=Cate Bailey(1 eq),1559-RA;1566-RA;1772-RA;1872-RA;2032-RA;2096-RA;2439-RA;2440-RA;295-RA,1,artefacts/03_works/A5020867003.json
Gouke Bonsel,ready,use_cached_profile,,ok,A5047977076,,Gouke J. Bonsel,0000-0002-8364-1086,,EuroQol Research Foundation,362,77,,2013150;2014090;2016160;2016670;2016750;20170360;238-RA;512-RA;645-RA,1,artefacts/03_works/A5047977076.json
Juan M. Ramos-Goñi,ready,use_cached_profile,,ok,A5047957689,A5049678494,Juan Manuel Ramos-Goñi,0000-0002-9568-5190,SGH Warsaw School of Economics,Maths in Health,96,72,A5049678494=Juan Manuel Ramos Goñi(9 eq); A5136612135=Juan M. Ramos-Goñi(1 eq),2013320;2014210;2016430;2016510;2016610;20170310R2;2588-TR;450-RA;74-RA,1,artefacts/03_works/A5047957689.json
Koonal Shah,ready,use_cached_profile,,ok,A5083575745,,Koonal Shah,0000-0002-4927-7858,National Institute for Health and Care Excellence,NICE,151,65,,117-RA;2015050;2015440;2016150;2016370;20190490;20190660;82-RA,1,artefacts/03_works/A5083575745.json
Ling Jie Cheng,ready,use_cached_profile,,ok,A5082193621,,Ling Jie Cheng,0000-0002-5338-578X,National University of Singapore,University of Oxford,150,32,A5002268768=Ling Cheng(1 eq); A5100430876=Xi Zhang(6 eq),1663-TVG;1961-EO;2078-RA;2246-EO;2267-EO;2329-RA;2531-EO;2605-RA,1,artefacts/03_works/A5082193621.json
Nils Gutacker,ready,use_cached_profile,,ok,A5023093255,,Nils Gutacker,0000-0002-2833-0621,University of York,"Centre for Health Economics, University of York",120,19,,123-RA;1479-TVG;1925-TVG;2016450;20190910;2192-RA;2415-TVG;2653-TVG,1,artefacts/03_works/A5023093255.json
Paula Lorgelly,ready,use_cached_profile,,ok,A5027424571,,Paula Lorgelly,0000-0002-8990-9514,University of Auckland,University of Auckland | Waipapa Taumata Rau,203,23,,1573-RA;1655-EO;1680-RA;1881-RA;20191030;2053-EO;2443-BT;291-RA,1,artefacts/03_works/A5027424571.json
Zhuxin Mao,ready,use_cached_profile,,ok,A5002022038,A5123300040,Zhuxin Mao,0000-0002-7444-1584,University of Antwerp,University of Antwerp,69,34,A5116549914=Zhuxin Mao(1 eq); A5123300040=Zhuxin Mao(2 eq),103-RA;1580-RA;1588-RA;20190990;20191000;2084-RA;2422-RA;398-RA,1,artefacts/03_works/A5002022038.json
Bram Roudijk,ready,use_cached_profile,,ok,A5028508726,,Bram Roudijk,0000-0001-5000-0875,Erasmus MC,EuroQol Research Foundation,58,48,,100-RA;169-RA;1694-RA;1923-RA;20180340R1;20190780;2647-RA,1,artefacts/03_works/A5028508726.json
Maja Kuharic,ready,use_cached_profile,,ok,A5007210675,A5137004902;A5139409824,Maja Kuharić,0000-0003-3696-9086,Northwestern University,Northwestern University,84,43,A5060066674=Bruce W. Sherman(1 eq); A5137004902=Maja Kuharic(2 eq); A5139409824=Maja Kuharic(2 eq),1514-RA;1811-RA;1915-RA;2037-RA;2040-RA;2042-RA;414-PHD,1,artefacts/03_works/A5007210675.json
Nick Bansback,ready,use_cached_profile,,ok,A5052496992,A5108322539,Nick Bansback,0000-0002-1510-3462,Providence Health Care,School of Population and Public Health,335,53,A5108322539=Nick Bansback(3 eq),1624-EO;1880-TVG;2013290;2015040;2016030;20190470;2133-TVG,1,artefacts/03_works/A5052496992.json
Bernhard Michalowsky,ready,use_cached_profile,,ok,A5088093819,A5113279604,Bernhard Michalowsky,0000-0002-3425-0089,,"German Center for Neurodegenerative Diseases (DZNE), Greifswald, Germany & McMaster University, Hamilton, Canada",174,34,A5113279604=Bernhard Michalowsky(4 eq),152-RA;1592-RA;1791-RA;2002-RA;244-RA;349-RA,1,artefacts/03_works/A5088093819.json
Carlos Wong,ready,use_cached_profile,,ok,A5041610413,,Carlos King Ho Wong,0000-0002-6895-6071,University of Leicester,London School Hygiene & Tropical Medicine,487,79,,2012030;2014050;20180530;20190250;2421-RA;333-RA,1,artefacts/03_works/A5041610413.json
Clara Mukuria,ready,use_cached_profile,,ok,A5043083823,,Clara Mukuria,0000-0003-4318-1481,University of Sheffield,University of Sheffield,128,80,A5140592939=Clara Mukuria(1 eq),1892-RA;2016240;20190310;2217-TR;2234-TVG;326-RA,1,artefacts/03_works/A5043083823.json
Eleanor Pullenayegum,ready,use_cached_profile,,ok,A5029465719,A5023955515,Eleanor Pullenayegum,0000-0003-4265-1330,University of Toronto,The Hospital for Sick Children,327,56,A5023955515=E. Pullenayegum(7 eq),109-RA;2015130;2015140;20190270;20190430;2340-RA,1,artefacts/03_works/A5029465719.json
Fanni Rencz,ready,use_cached_profile,,ok,A5024021740,,Fanni Rencz,0000-0001-9674-620X,Semmelweis University,"Corvinus University of Budapest, Department of Health Policy",245,148,A5117412551=Fanni Rencz(1 eq); A5123176482=Fanni Rencz(1 eq); A5128705474=Fanni Rencz(1 eq); A5124885266=Fanni Rencz(1 eq),119-RA;1700-RA;1800-RA;192-VS;2000-RA;20170500,1,artefacts/03_works/A5024021740.json
Henry Bailey,ready,use_cached_profile,,ok,A5090969739,,Henry Bailey,0000-0002-4479-9948,University of the West Indies,The University of the West Indies,41,34,,1414-EO;1767-RA;20170390;20180040R1;341-RA;357-RA,1,artefacts/03_works/A5090969739.json
Lidia Engel,ready,use_cached_profile,,ok,A5039737173,A5126529010,Lidia Engel,0000-0002-7959-3149,Australian Regenerative Medicine Institute,Monash University,141,51,A5117412550=Lidia Engel(1 eq); A5126529010=Lidia Engel(8 eq); A5133152037=Lidia Engel(1 eq),1481-PHD;150-RA;2008-RA;20190960;2173-RA;2453-RA,1,artefacts/03_works/A5039737173.json
Richard Norman,ready,use_cached_profile,,ok,A5101841802,,Richard Norman,0000-0002-3112-3893,Curtin University,Curtin University,468,103,A5063203369=Richard N. Jones(8 eq),1578-RA;2015310;2016250;20170410;20170560;83-VS,1,artefacts/03_works/A5101841802.json
victor zarate,ready,use_cached_profile,,ok,A5074565937,,V Zárate,0000-0001-9145-3694,"Merck & Co., Inc., Rahway, NJ, USA (United States)",MSD,43,21,A5036153783=Víctor Zárate(1 eq),2015370;2016380;2016390;20170470;20170630;462-RA,1,artefacts/03_works/A5074565937.json
Alexander Arons,ready,use_cached_profile,,ok,A5044999875,,Alexander M. M. Arons,,Novartis (Netherlands),,13,8,,2013120;2013250;2013260;2014140;2016220,0,artefacts/03_works/A5044999875.json
Alice Yu,ready,use_cached_profile,,ok,A5055148154,,Alice L. Yu,0000-0003-2444-0505,Chang Gung University,Centre for Health Economics and Research Evaluation (CHERE),492,2,,1888-RA;1890-RA;20180150;2335-RA;2584-RA,1,artefacts/03_works/A5055148154.json
Donna Rowen,ready,use_cached_profile,,ok,A5067226056,,Donna Rowen,0000-0003-3018-5109,,University of Sheffield,274,123,A5141744635=Donna Rowen(1 eq),134-RA;1524-VS;20190140;2201-RA;222-RA,1,artefacts/03_works/A5067226056.json
Jan Busschbach,ready,use_cached_profile,,ok,A5020122364,A5136664917,Jan J.V. Busschbach,0000-0002-8602-0381,Erasmus MC,Erasmus MC,523,145,A5136664917=Jan Busschbach(2 eq),2013240;2015230;2016040;2016421;20170160,1,artefacts/03_works/A5020122364.json
Lucky Ngwira,ready,use_cached_profile,,ok,A5063482306,,Lucky G. Ngwira,0000-0002-2695-8917,Kamuzu Central Hospital,,41,6,,1734-TVG;1943-EO;20200030;2025-RA;2252-EO,0,artefacts/03_works/A5063482306.json
Mark Oppe,ready,use_cached_profile,,ok,A5023709885,,Mark Oppe,0000-0003-4286-8855,Erasmus MC,EuroQol Research Foundation,109,59,,2013220;2015300;2016140;2016590;452-RA,1,artefacts/03_works/A5023709885.json
Sarah Derrett,ready,use_cached_profile,,ok,A5021576811,,Sarah Derrett,0000-0003-2867-0498,University of Otago,University of Otago,237,60,,1543-RA;1812-PHD;2014190;2015170;2229-TR,1,artefacts/03_works/A5021576811.json
Sarah Dewilde,ready,use_cached_profile,,ok,A5043932217,,Sarah Dewilde,0000-0002-7315-3230,Department of Health Services,SHE,85,25,A5124247816=Sarah Dewilde(1 eq),124-VS;1601-RA;20180640;20180641;2167-RA,1,artefacts/03_works/A5043932217.json
Tianxin Pan,ready,use_cached_profile,,ok,A5044860561,,Tianxin Pan,0000-0002-2243-8818,The University of Melbourne,,50,22,,1472-PD;2284-BT;233-RA;2347-RA;428-RA,1,artefacts/03_works/A5044860561.json
Valentina Prevolnik Rupel,ready,use_cached_profile,,ok,A5091343801,,Valentina Prevolnik Rupel,0000-0002-1238-7156,,Institute for Economic Research,104,47,A5109424218=Valentina Prevolnik-Rupel(1 eq),1687-RA;2013160;2013210;20170280;377-VS,1,artefacts/03_works/A5091343801.json
Yan Feng,ready,use_cached_profile,,ok,A5053760337,,Feng Yan,0000-0001-8663-6859,State Key Laboratory of Hydrology-Water Resources and Hydraulic Engineering,Queen Mary University of London,545,1,,1650-RA;2015090;2015330;2016330;20180740,1,artefacts/03_works/A5053760337.json
Yared Belete Belay,ready,use_cached_profile,,ok,A5086002810,,Yared Belete Belay,0000-0001-5473-3857,Monash Health,,33,9,,1846-EO;229-RA;323-RA;327-RA;79-RA,0,artefacts/03_works/A5086002810.json
Arthur Attema,ready,use_cached_profile,,ok,A5082166488,,Arthur E. Attema,0000-0003-3607-6579,Erasmus University Rotterdam,,119,9,,1602-RA;236-RA;237-RA;435-RA,0,artefacts/03_works/A5082166488.json
Aureliano Finch,ready,use_cached_profile,,ok,A5055927783,A5101780892;A5128721368,Aureliano Paolo Finch,0000-0003-1438-321X,EuroQol Research Foundation,"EuroQol Office, EuroQol Research Foundation",47,37,A5101780892=Aureliano Paolo Finch(6 eq); A5132652328=Aureliano Finch(1 eq); A5128721368=Aureliano Finch(2 eq),122-RA;1927-RA;20170210;20190460,1,artefacts/03_works/A5055927783.json
Elske van den Akker-van Marle,ready,use_cached_profile,,ok,A5032469209,A5018584587,M. Elske van den Akker‐van Marle,0000-0002-5269-509X,Leiden University Medical Center,,209,27,A5018584587=Elske M van den Akker-van Marle(4 eq); A5098757921=M. Elske van den Akker – van Marle(1 eq),1447-RA;1792-SG;2408-RA;2420-BT,0,artefacts/03_works/A5032469209.json
Gisela Cristiane Miyamoto,ready,use_cached_profile,,ok,A5024629360,,Gisela Cristiane Miyamoto,0000-0002-6826-4278,Universidade Cidade de São Paulo,,61,11,A5140658737=Gisela Cristiane Miyamoto(1 eq),2308-VS;2410-RA;2468-RA;2482-EO,0,artefacts/03_works/A5024629360.json
Goitom Molalign Takele,ready,use_cached_profile,,ok,A5009462612,,Goitom Molalign Takele,0000-0002-9344-3390,Mekelle University,,8,2,,1735-RA;227-RA;317-RA;449-RA,0,artefacts/03_works/A5009462612.json
Jia Jia Lee,ready,use_cached_profile,,ok_via_works,A5050544932,A5066191705;A5083334093,Jia Jia Lee,0000-0001-7821-9131,,,,5,A5066191705=Beatrice Lee(2 eq); A5083334093=Kai Yi Lee(2 eq); A5100755625=Anna Lee(1 eq); A5037128541=Kyoung Suk Lee(1 eq); A5036716004=Huey-Er Lee(1 eq); A5014379458=Shaun Wen Huey Lee(1 eq); A5047279366=Rachel Lee-Yin Tan(1 eq); A5114057860=Yanni Jia(1 eq); A5072736104=Yung Seng Lee(1 eq); A5013850344=Nicole Kim Luan Lee(1 eq); A5077558407=P. Lee(1 eq); A5084226720=Misook L. Chung(1 eq); A5029678714=Eleena Shi Lynn Lee(1 eq); A5045869662=Chris Ban Loong Lee(1 eq); A5039183742=Shaun Qing Wei Lee(1 eq); A5086600809=Kheng Hock Lee(1 eq); A5014071868=Melanie Yee Lee Siaw(1 eq); A5044352202=Michelle Jia Xin Lee(1 eq); A5013704489=Joyce V. Lee(1 eq); A5115589358=Deborah Lee(1 eq); A5049216605=Sheldon Shao Guang Lee(1 eq); A5059757998=Kai Lee Woo(1 eq); A5050328284=Si Jia Lee(1 eq),1971-EO;2125-RA;2179-RA;2299-EO,0,artefacts/03_works/A5050544932.json
Katy Gallop,ready,use_cached_profile,,ok,A5091811569,,Katy Gallop,0000-0002-6826-3865,Lloyd's,,77,46,,1884-RA;2011-RA;2014-RA;2432-BT,0,artefacts/03_works/A5091811569.json
Kim Dalziel,ready,use_cached_profile,,ok,A5078953009,,Kim Dalziel,0000-0003-4972-8871,The University of Melbourne,,237,58,A5138004883=Kim Dalziel(1 eq),111-RA;2017-RA;330-PHD;361-RA,0,artefacts/03_works/A5078953009.json
Lan Gao,ready,use_cached_profile,,ok,A5043687438,,Lan Gao,0000-0001-9734-1140,Deakin University,,211,25,,1771-RA;198-RA;2141-RA;2363-BT,0,artefacts/03_works/A5043687438.json
Louise Longworth,ready,use_cached_profile,,ok,A5046647690,,Louise Longworth,0000-0003-2512-4862,Arrow International (United States),Arrow Health Economics,217,78,,2013190;2016300;20200020;2115-EOI,1,artefacts/03_works/A5046647690.json
Ning Yan Gu,ready,use_cached_profile,,ok,A5063972558,A5088843664,Ning Yan Gu,0000-0002-1250-7605,Exact Sciences (United States),University of San Francisco,84,28,A5088843664=Ning Yan Gu(3 eq),246-RA;358-RA;409-RA;84-RA,1,artefacts/03_works/A5063972558.json
Peep Stalmeier,ready,use_cached_profile,,ok,A5013523692,,Peep F. M. Stalmeier,0000-0002-7553-562X,Radboud University Nijmegen,Radboudumc,163,24,,115-RA;1487-RA;2013010;2015150,1,artefacts/03_works/A5013523692.json
Rainer Reile,ready,use_cached_profile,,ok,A5036883637,,Rainer Reile,0000-0001-9488-887X,National Institute for Health Development,,59,3,,1960-RA;1987-SG;2569-RA;2621-VS,0,artefacts/03_works/A5036883637.json
Stevanus Pangestu,ready,use_cached_profile,,ok,A5033743427,,Stevanus Pangestu,0000-0003-2546-9449,Corvinus University of Budapest,,36,11,A5143329800=Setiawan Stevanus Pangestu(1 eq),1883-RA;2003-RA;2323-RA;2500-RA,0,artefacts/03_works/A5033743427.json
Wenjing Zhou,ready,use_cached_profile,,ok_via_works,A5080372262,A5025879429;A5045524881,Wenjing Zhou,0000-0003-0770-4564,,,,7,A5025879429=Huifen Zhou(2 eq); A5045524881=Zhou Wenjing(2 eq); A5101270720=Wenjing Zhou(1 eq); A5102868531=Huifen Zhou(1 eq); A5100733635=Zhou Ying(1 eq); A5033264921=Sisi Zhou(1 eq),1654-TVG;1742-EO;1874-TVG;2152-RA,0,artefacts/03_works/A5080372262.json
Aki Tsuchiya,ready,use_cached_profile,,ok,A5015417862,,Aki Tsuchiya,0000-0003-4245-5399,University of Sheffield,University of Sheffield,272,73,,2013170;2015180;20190840,1,artefacts/03_works/A5015417862.json
Andrew Lloyd,ready,use_cached_profile,,ok,A5031114648,A5004304607;A5079822735,Andrew Lloyd,0000-0002-7597-6556,Lloyd's,Acaster Lloyd,235,99,A5004304607=Andrew R. Lloyd(10 eq); A5079822735=Andrew W. Lloyd(2 eq),1475-RA;1806-RA;20190510,1,artefacts/03_works/A5031114648.json
Annette Regan,ready,use_cached_profile,,ok,A5010948852,,Annette K. Regan,0000-0002-3879-6193,Kaiser Permanente,,226,4,A5055830496=A Regan(1 eq),1796-RA;260-RA;384-RA,0,artefacts/03_works/A5010948852.json
Asrul Shafie,ready,use_cached_profile,,ok,A5089160643,,Asrul Akmal Shafie,0000-0002-5629-9270,Universiti Sains Malaysia,,416,76,A5122335686=Asrul Akmal Shafie(1 eq),2016100;2016190;20190290,0,artefacts/03_works/A5089160643.json
Chris Sampson,ready,use_cached_profile,,ok,A5002636040,,Chris Sampson,0000-0001-9470-2369,Office Of Health Economics,Office of Health Economics,98,13,,116-RA;2112-EOI;427-RA,1,artefacts/03_works/A5002636040.json
Emily McDool,ready,use_cached_profile,,ok,A5006458172,,Emily McDool,0000-0002-3530-7921,University of Sheffield,,25,14,,1455-RA;1665-RA;2097-RA,0,artefacts/03_works/A5006458172.json
Fernando Argento,ready,use_cached_profile,,ok,A5021426515,,Fernando Argento,0000-0002-2492-8933,Instituto de Efectividad Clínica y Sanitaria,,45,8,,2169-RA;2171-RA;2436-RA,0,artefacts/03_works/A5021426515.json
Hannah Penton,ready,use_cached_profile,,ok,A5056335393,,Hannah Penton,0000-0001-9492-7875,Patient-Centered Outcomes Research Institute,,26,13,,1453-RA;1493-RA;1494-RA,1,artefacts/03_works/A5056335393.json
Irina Kinchin,ready,use_cached_profile,,ok,A5054485095,,Irina Kinchin,0000-0003-0133-2763,Trinity College Dublin,,93,6,,1676-RA;1912-RA;235-RA,0,artefacts/03_works/A5054485095.json
Jan Abel Olsen,ready,use_cached_profile,,ok,A5052181611,A5125645599,Jan Abel Olsen,0000-0001-9472-2669,UiT The Arctic University of Norway,"Department of Community Medicine, UiT The Arctic University of Norway",191,43,A5110162663=Jan-Abel Olsen(1 eq); A5125645599=Jan Abel Olsen(2 eq),1830-RA;1973-TVG;2295-RA,1,artefacts/03_works/A5052181611.json
John Brazier,ready,use_cached_profile,,ok,A5007276743,,John Brazier,0000-0001-8645-4780,Novartis (Switzerland),University of Sheffield,860,268,,2014080;2016660;2016710,1,artefacts/03_works/A5007276743.json
John Hartman,ready,use_cached_profile,,ok,A5108501222,,Karen Hartman,,,GSK,239,1,,2016680;2016690;20180560,1,artefacts/03_works/A5108501222.json
Joshua Bonsel,ready,use_cached_profile,,ok,A5090783923,,Joshua M. Bonsel,0000-0002-9143-5506,Erasmus MC,,14,6,,145-RA;1483-TVG;287-PHD,0,artefacts/03_works/A5090783923.json
Ling-Hsiang Chuang,ready,use_cached_profile,,ok,A5057802030,,Ling‐Hsiang Chuang,,Dutch Health Care Inspectorate,,136,34,A5108613850=L Ling-Hsiang Chuang(1 eq),1482-RA;2407-BT;241-RA,1,artefacts/03_works/A5057802030.json
Maksat Jumamyradov,ready,use_cached_profile,,ok,A5067862987,,Maksat Jumamyradov,0009-0008-0180-7224,University of South Florida,,10,6,A5140589336=Maksat Jumamyradov(1 eq),1716-TVG;207-RA;2428-RA,0,artefacts/03_works/A5067862987.json
Marufa Sultana,ready,use_cached_profile,,ok,A5035318354,,Marufa Sultana,0000-0003-2475-6497,Deakin University,,107,6,,1646-RA;2106-RA;2417-RA,0,artefacts/03_works/A5035318354.json
María Belizán,ready,use_cached_profile,,ok,A5058351382,,María Belizán,0000-0002-8739-5249,Instituto de Efectividad Clínica y Sanitaria,,100,14,,1885-RA;2412-BT;2589-RA,0,artefacts/03_works/A5058351382.json
Mihir Gandhi,ready,use_cached_profile,,ok,A5087601665,A5112963139,Mihir Gandhi,0000-0002-8902-2710,Duke-NUS Medical School,Duke-NUS Medical School,168,23,A5112963139=Mihir Gandhi(4 eq),20170180;2224-RA;389-RA,1,artefacts/03_works/A5087601665.json
Mimmi Åström,ready,use_cached_profile,,ok,A5055089597,,Mimmi Åström,0000-0002-6711-5262,Karolinska Institutet,Karolinska Institutet,17,14,,1776-RA;2015400;20190980,1,artefacts/03_works/A5055089597.json
Mina Bahrampour,ready,use_cached_profile,,ok,A5068470091,,Mina Bahrampour,0000-0002-6915-1865,University of Technology Sydney,University of Technology Sydney,30,15,,2075-EOI;2416-BT;466-RA,1,artefacts/03_works/A5068470091.json
Minh Pham,ready,use_cached_profile,,ok,A5077706356,,Phạm Minh Khuê,0000-0003-2974-3484,Hai phong University Of Medicine and Pharmacy,,131,5,A5100633569=Ngoc Minh Pham(1 eq),1970-RA;2136-TVG;2305-BT,0,artefacts/03_works/A5077706356.json
Ole Marten,ready,use_cached_profile,,ok,A5033160244,,Ole Marten,0000-0002-2576-9110,Bielefeld University,Bielefeld University,19,13,,1951-RA;2024-RA;2623-RA,1,artefacts/03_works/A5033160244.json
Oliver Rivero-Arias,ready,use_cached_profile,,ok,A5121462085,,Oliver Rivero-Arias,,University of Oxford,University of Oxford,19,2,A5014510851=Oliver Rivero‐Arias(71 eq); A5140639649=Oliver Rivero-Arias(1 eq); A5091454927=O Rivero-Arias(1 eq),20180240;2021-RA;206-RA,1,artefacts/03_works/A5121462085.json
Philip Clarke,ready,use_cached_profile,,ok,A5072230333,,Philip Clarke,0000-0002-7555-5348,The University of Melbourne,,501,34,A5043755237=Graham Clarke(1 eq); A5101846816=Philip A. Clarke(1 eq),118-RA;1415-RA;310-RA,0,artefacts/03_works/A5072230333.json
Philip Powell,ready,use_cached_profile,,ok,A5072704582,,Philip A. Powell,0000-0003-1169-3431,Philips (Finland),,116,27,A5067487467=Philip Powell(1 eq),1711-RA;1877-RA;307-RA,0,artefacts/03_works/A5072704582.json
Rosalie Viney,ready,use_cached_profile,,ok,A5076742980,,Rosalie Viney,0000-0002-0039-9635,University of Technology Sydney,University of Technology Sydney,320,74,A5137922693=Rosalie Viney(1 eq),148-RA;2015360;2016280,1,artefacts/03_works/A5076742980.json
Sander van Kuijk,ready,use_cached_profile,,ok,A5087173002,,Sander M. J. van Kuijk,0000-0003-2796-729X,Maastricht University Medical Centre,,669,46,A5113240423=Sander M J van Kuijk(1 eq),1569-RA;1983-PHD;2368-RA,0,artefacts/03_works/A5087173002.json
Shankar Prinja,ready,use_cached_profile,,ok,A5071690494,A5108973227,Shankar Prinja,0000-0001-7719-6986,Post Graduate Institute of Medical Education and Research,,324,25,A5108973227=Shankar Prinja(3 eq),20170520;2033-RA;2220-VS,0,artefacts/03_works/A5071690494.json
Suzana Karim,ready,use_cached_profile,,ok,A5003389681,,Suzana Karim,0000-0002-3370-1554,University of Dhaka,,6,3,,138-RA;139-RA;20190230R1,0,artefacts/03_works/A5003389681.json
Thao Thai,ready,use_cached_profile,,ok,A5050171927,,Thao Phuong Thi Thai,,,,8,2,,1797-RA;1887-RA;1896-RA,0,artefacts/03_works/A5050171927.json
Titi Fitriana,ready,use_cached_profile,,ok,A5049547434,,Titi Sahidah Fitriana,0000-0001-5062-6886,Yarsi University,,18,12,,20180490;20200010;2444-RA,0,artefacts/03_works/A5049547434.json
Vivian Reckers-Droog,ready,use_cached_profile,,ok,A5121459836,,Vivian Reckers-droog,,Erasmus University Rotterdam,,9,1,A5011536590=Vivian Reckers‐Droog(16 eq),1462-PHD;20190920;2154-RA,0,artefacts/03_works/A5121459836.json
Yiting Luo,ready,use_cached_profile,,ok,A5101270824,,Yiting Luo,,Anhui Polytechnic University,,52,1,A5102541048=Yiting Luo(1 eq),1867-RA;2036-RA;2458-RA,0,artefacts/03_works/A5101270824.json
madeeha malik,ready,use_cached_profile,,ok,A5053689562,A5101765730,Madeeha Malik,0000-0001-5824-9405,Health Services Academy,,104,16,A5101765730=Madeeha Malik(3 eq),1670-VS;20180660;344-VS,0,artefacts/03_works/A5053689562.json
Agota Szende,ready,use_cached_profile,,ok,A5002095623,,Ágota Szende,0000-0002-5880-3354,Genesis Research Trust,Covance Health Economics & Outcomes Services,113,33,,2015470;20191120,1,artefacts/03_works/A5002095623.json
Akanksha Akanksha,ready,use_cached_profile,,ok,A5101596594,,Akanksha Akanksha,,University of Technology Sydney,,135,3,A5100727879=Ajay Singh(7 eq),1799-RA;2511-RA,0,artefacts/03_works/A5101596594.json
Alex Bató,ready,use_cached_profile,,ok,A5009546494,,Alex Bató,0000-0002-1450-4790,Semmelweis University,,16,9,,2260-RA;2441-RA,0,artefacts/03_works/A5009546494.json
Annushiah Vasan Thakumar,ready,use_cached_profile,,ok,A5007225491,,Annushiah Vasan Thakumar,0000-0001-7261-1255,Taylor's University,,32,25,,2297-EO;2629-RA,0,artefacts/03_works/A5007225491.json
Arto Ohinmaa,ready,use_cached_profile,,ok,A5087246819,,Arto Öhinmaa,0000-0002-7094-1573,University of Alberta,"School of Public Health, University of Alberta, Edmonton, Canada",317,83,A5142884152=Arto Ohinmaa(1 eq); A5138243837=Arto Ohinmaa(1 eq),1744-EO;2015380,1,artefacts/03_works/A5087246819.json
Begashaw Melaku Gebresillassie,ready,use_cached_profile,,ok,A5013305477,,Begashaw Melaku Gebresillassie,0000-0003-0071-732X,Hunter Medical Research Institute,,58,6,,1591-RA;436-RA,0,artefacts/03_works/A5013305477.json
Ben Van Hout,ready,use_cached_profile,,ok,A5032690231,A5061316225,Ben van Hout,0000-0001-9698-6094,The Open Group,Open Health/University of Sheffield,120,42,A5061316225=Ben A. van Hout(9 eq),2014025;20190940,1,artefacts/03_works/A5032690231.json
Christine Mpundu-Kaambwa,ready,use_cached_profile,,ok_via_works,A5020619329,A5057576997,Christine Mpundu‐Kaambwa,0000-0002-8152-6068,The University of Melbourne,,49,20,A5057576997=Billingsley Kaambwa(4 eq),1709-RA;2129-RA,0,artefacts/03_works/A5020619329.json
David Mott,ready,use_cached_profile,,ok,A5009132187,,David Mott,0000-0001-5959-8447,University of Wisconsin–Madison,Office of Health Economics,63,20,A5089519347=David A. Mott(1 eq),104-RA;432-RA,1,artefacts/03_works/A5009132187.json
Edward Webb,ready,use_cached_profile,,ok,A5011344482,,Edward Webb,0000-0001-7918-839X,University of Leeds,University of Leeds,61,6,,2316-RA;289-RA,1,artefacts/03_works/A5011344482.json
Gerard De Pouvourville,ready,use_cached_profile,,ok,A5085975930,,Gérard de Pouvourville,0000-0002-5941-6823,École Supérieure des Sciences Économiques et Commerciales,,357,26,A5122802732=Gérard de Pouvourville(1 eq),20170510;20190020,0,artefacts/03_works/A5085975930.json
Guangjie Zhang,ready,use_cached_profile,,ok,A5030831609,,Guangjie Zhang,0000-0003-1311-8510,Murdoch University,,71,6,A5102899697=Guangjie Zhang(1 eq),1758-EO;1985-EO,0,artefacts/03_works/A5030831609.json
Haode Wang,ready,use_cached_profile,,ok,A5073060343,,Haode Wang,0000-0002-0759-7087,Shanghai Medical Information Center,,7,1,A5081456702=Haode Wang(1 eq),1963-RA;2107-TVG,0,artefacts/03_works/A5073060343.json
Ines Buchholz,ready,use_cached_profile,,ok,A5043257626,,Ines Buchholz,0000-0001-9729-6992,Universität Hamburg,None,41,12,,1785-RA;2016170,1,artefacts/03_works/A5043257626.json
Jahangir Khan,ready,use_cached_profile,,ok,A5052565475,,Jahangir Khan,0000-0002-6151-764X,Liverpool School of Tropical Medicine,,125,5,,1669-VS;2480-EO,0,artefacts/03_works/A5052565475.json
Jan Faller,ready,use_cached_profile,,ok,A5043601549,,Jan Faller,0000-0001-7645-2079,Monash Health,,14,4,A5133161132=Jan Faller(1 eq); A5124626660=Jan Faller(1 eq),1851-TVG;2197-EO,0,artefacts/03_works/A5043601549.json
Jan Heijdra Suasnabar,ready,use_cached_profile,,ok,A5050459768,,Jan M. Heijdra Suasnabar,0000-0002-8057-1318,Leiden University Medical Center,,7,5,A5120850706=Jan Heijdra Suasnabar(1 eq); A5138766947=Jan Heijdra Suasnabar(1 eq),2265-EO;2301-RA,0,artefacts/03_works/A5050459768.json
Jessica Roydhouse,ready,use_cached_profile,,ok,A5010221662,,Jessica Roydhouse,0000-0002-8025-5841,University of Tasmania,,123,15,,1557-RA;2134-RA,0,artefacts/03_works/A5010221662.json
Jill Carlton,ready,use_cached_profile,,ok,A5051490866,A5003198517,Jill Carlton,0000-0002-9373-7663,University of Sheffield,,171,63,A5003198517=J. Carlton(2 eq); A5140632085=Jill Carlton(1 eq),1988-RA;2148-RA,0,artefacts/03_works/A5051490866.json
Lucila Rey Ares,ready,use_cached_profile,,ok,A5045433583,,Lucila Rey Ares,,Pfizer (United States),,25,2,A5059615453=Lucila Rey‐Ares(12 eq); A5121517102=Lucila Rey-Ares(1 eq),2015340;2016340,1,artefacts/03_works/A5045433583.json
Marisa Da Santos,ready,use_cached_profile,,ok,A5070231679,,Marisa Santos,0000-0002-2174-6800,Instituto Nacional de Cardiologia,Instituto Nacional de Cardiologia,164,25,,1445-RA;20190630,1,artefacts/03_works/A5070231679.json
Martine Hoogendoorn,ready,use_cached_profile,,ok,A5033706754,,Martine Hoogendoorn,0000-0002-7122-9780,Erasmus MC,,106,10,,20190850;2339-BT,0,artefacts/03_works/A5033706754.json
Matthijs Versteegh,ready,use_cached_profile,,ok,A5086031530,,Matthijs Versteegh,0000-0003-4804-235X,Huygens Institute for History and Culture of the Netherlands,Huygens & Versteegh,104,34,,2013310;2359-PHD,1,artefacts/03_works/A5086031530.json
Michael Herdman,ready,use_cached_profile,,ok,A5006750775,A5107835766;A5101442953,Michael Herdman,0000-0002-8189-5357,National University of Singapore,Insight Consulting & Research,87,67,A5107835766=Michael Herdman(29 eq); A5101442953=Michael Herdman(29 eq),2014110;2016730,1,artefacts/03_works/A5006750775.json
Michela Meregaglia,ready,use_cached_profile,,ok,A5038451583,,Michela Meregaglia,0000-0003-0092-5970,Bocconi University,,73,24,,2043-RA;351-RA,0,artefacts/03_works/A5038451583.json
Mihretab Gebreslassie,ready,use_cached_profile,,ok,A5085631323,,Mihretab Gebreslassie,0000-0001-9556-0075,Stockholm County Council,,21,6,,1781-RA;2564-RA,0,artefacts/03_works/A5085631323.json
Milad Karimi,ready,use_cached_profile,,ok,A5076374306,,Milad Karimi,0000-0002-5298-174X,Yazd University,,56,9,,2016560;20190550,1,artefacts/03_works/A5076374306.json
Minghui Li,ready,use_cached_profile,,ok_via_works,A5100400064,A5103108258;A5126745824;A5132606393,Minghui Li,0000-0003-3673-5925,,University of Tennessee,,3,A5103108258=Minghui Li(2 eq); A5126745824=Minghui Zeng(2 eq); A5132606393=Linguo Li(2 eq); A5114833165=LI Ming-hui(1 eq); A5016268972=Minghui Li(1 eq); A5044045569=Li Chen(1 eq); A5065633769=Ting Li(1 eq); A5100656423=Zhifang Li(1 eq); A5003200680=Qian Li(1 eq); A5101562655=Yangchun Li(1 eq); A5024828661=Dongyun Li(1 eq); A5082645897=Yuneng Li(1 eq); A5007642188=Ruijiang Li(1 eq); A5085750703=Meng Li(1 eq); A5100683085=Bingyu Li(1 eq); A5016360933=Linguo Li(1 eq),2016580;20180620,1,artefacts/03_works/A5100400064.json
Narcis Gusi,ready,use_cached_profile,,ok,A5042480120,,Narcís Gusi,0000-0002-1001-8883,Complejo Hospitalario de Cáceres,University of Extremadura (Spain),254,71,,20170290;355-RA,1,artefacts/03_works/A5042480120.json
Patricia Cubi-Molla,ready,use_cached_profile,,ok_via_works,A5087726711,,Patricia Cubí‐Mollá,0000-0002-2803-7337,Office Of Health Economics,,53,13,,2016460;20180190,0,artefacts/03_works/A5087726711.json
Shitong Xie,ready,use_cached_profile,,ok,A5113241600,A5103283293,Shitong Xie,,Tianjin University of Science and Technology,,61,35,A5103283293=Shitong Xie(4 eq); A5121097943=Shitong Xie(1 eq),2209-RA;2211-RA,0,artefacts/03_works/A5113241600.json
Shunya Ikeda,ready,use_cached_profile,,ok,A5064794823,,Shunya Ikeda,0000-0002-1866-2155,Hiroshima University,,300,34,A5071966276=Shunya Ikeda(1 eq),2013140;2014040,0,artefacts/03_works/A5064794823.json
Stirling Bryan,ready,use_cached_profile,,ok,A5015667412,,Stirling Bryan,0000-0001-7093-3058,Vancouver Coastal Health,University of British Columbia,367,54,,164-RA;1787-RA,1,artefacts/03_works/A5015667412.json
Takeru Shiroiwa,ready,use_cached_profile,,ok,A5007564965,,Takeru Shiroiwa,0000-0003-3055-9932,National Institute of Public Health,,166,70,A5131473235=Shiroiwa Takeru(1 eq),20180280;2098-RA,0,artefacts/03_works/A5007564965.json
Tie Parma Yamato,ready,use_cached_profile,,ok,A5034831401,,Tiê Parma Yamato,0000-0002-5228-1292,The University of Sydney,,112,8,,218-RA;220-VS,0,artefacts/03_works/A5034831401.json
Trudy Sullivan,ready,use_cached_profile,,ok,A5022698267,,Trudy Sullivan,0000-0001-8452-2591,University of Otago,University of Otago,82,18,A5066639875=T Sullivan(1 eq),20180470;441-RA,1,artefacts/03_works/A5022698267.json
Xin Zhang,ready,use_cached_profile,,ok,A5100427821,,Lixin Zhang,0000-0003-0894-9520,University of Science and Technology Liaoning,,1125,2,,1972-RA;2649-EO,0,artefacts/03_works/A5100427821.json
Xuejing Jin,ready,use_cached_profile,,ok,A5008581679,,Xuejing Jin,0000-0003-3513-2364,Beijing University of Chinese Medicine,Beijing University of Chinese Medicine,61,33,,217-EO;318-RA,1,artefacts/03_works/A5008581679.json
Aaron Winn,ready,use_cached_profile,,ok,A5066367734,,Aaron N. Winn,0000-0003-2906-3913,University of Illinois Chicago,,177,1,,2349-BT,0,artefacts/03_works/A5066367734.json
Abdelghafour MARFAK,ready,use_cached_profile,,ok,A5024805890,,Abdelghafour Marfak,0000-0002-4212-8438,National School of Architecture,,79,21,,1411-VS,0,artefacts/03_works/A5024805890.json
Abdulmuminu Isah,ready,use_cached_profile,,ok,A5024575926,,Abdulmuminu Isah,0000-0002-1349-6434,University of Nigeria,,103,8,A5128234390=Isah Abdulmuminu(1 eq),2236-VS,0,artefacts/03_works/A5024575926.json
Abdulrasheed Hassan Yusuf,ready,use_cached_profile,,ok,A5138651068,,Abdulrasheed Hassan Yusuf,,Mahidol University,,1,1,,1731-VS,0,artefacts/03_works/A5138651068.json
Abeer Al Rabayah,ready,use_cached_profile,,ok,A5058964513,,Abeer Al Rabayah,0000-0003-2952-9103,King Hussein Cancer Center,,28,9,A5133668877=Abeer Al Rabayah(1 eq),60-VS,0,artefacts/03_works/A5058964513.json
Ademola Itiola,ready,use_cached_profile,,ok,A5093433205,,Ademola Itiola,,University of Alberta,,2,2,A5009099235=Ademola Joshua Itiola(1 eq),1753-PHD,0,artefacts/03_works/A5093433205.json
Alexander Geissler,ready,use_cached_profile,,ok,A5089010455,A5121250490,Alexander Geißler,0000-0002-7445-2929,University of St.Gallen,,232,11,A5121250490=Alexander Geissler(2 eq),301-SG,0,artefacts/03_works/A5089010455.json
Alexander van Heusden,ready,use_cached_profile,,ok,A5070658848,,Alexander van Heusden,0009-0007-8055-5450,Murdoch Children's Research Institute,,37,6,,1739-EO,0,artefacts/03_works/A5070658848.json
Andrea L. Monteiro,ready,use_cached_profile,,ok,A5024494805,,A Monteiro,0000-0001-9763-3485,Clinton College,,53,20,,161-RA,0,artefacts/03_works/A5024494805.json
Andrew Lenny,ready,use_cached_profile,,ok,A5029564514,,Andrew Lenny,0000-0002-9325-0062,People's History Museum,,10,4,,239-RA,0,artefacts/03_works/A5029564514.json
Ann Charlotte Egmar,ready,use_cached_profile,,ok,A5037683865,,Ann‐Charlotte Egmar,0000-0003-2504-343X,Röda Korsets Högskola,,32,16,,2013060,0,artefacts/03_works/A5037683865.json
Anna Krabbe-Lugner,ready,use_cached_profile,,ok,A5047866823,,Anna K. Lugnér,,,"Ministry of Infrastructure and Water Management, the Netherlands",36,3,A5086897701=Anna Norinder(2 eq); A5034856594=Lugnér Norinder Anna(1 eq),2015010,1,artefacts/03_works/A5047866823.json
Antony Martin,ready,use_cached_profile,,ok,A5070568819,A5006233066,Antony P. Martin,0000-0003-4383-6038,,,125,13,A5006233066=Martin M. Antony(2 eq),319-RA,0,artefacts/03_works/A5070568819.json
Arjun Bhadhuri,ready,use_cached_profile,,ok,A5064578943,,Arjun Bhadhuri,0000-0003-1220-0731,University of Basel,,23,12,,2506-RA,0,artefacts/03_works/A5064578943.json
Ava Hoogenboom,ready,use_cached_profile,,ok,A5117116214,,Ava F H Hoogenboom,0009-0004-2252-454X,Erasmus University Rotterdam,,2,2,,1934-TVG,0,artefacts/03_works/A5117116214.json
Beata Koń,ready,use_cached_profile,,ok,A5070682056,,Beata Koń,0000-0003-2190-4546,National Health Insurance Fund,,34,1,,91-RA,0,artefacts/03_works/A5070682056.json
Benedicte Lescrauwaet,ready,use_cached_profile,,ok,A5076552397,,Bénédicte Lescrauwaet,0000-0002-7976-0330,Ghent University Hospital,,81,3,,2403-BT,0,artefacts/03_works/A5076552397.json
Bernhard Slaap,ready,use_cached_profile,,ok,A5001372652,,Bernhard Slaap,0000-0002-4301-4790,EuroQol Research Foundation,,8,8,,20200050,0,artefacts/03_works/A5001372652.json
Birol Yetim,ready,use_cached_profile,,ok,A5048427287,,Birol Yetim,0000-0002-1294-1874,Muş Alparslan University,,28,1,,2247-VS,0,artefacts/03_works/A5048427287.json
Brigitte Essers,ready,use_cached_profile,,ok,A5056962219,,Brigitte A.B. Essers,0000-0002-7703-7114,Maastricht University Medical Centre,,114,16,A5027908703=Brigitte Essers(1 eq); A5121223439=Brigitte A. B. Essers(1 eq); A5133815045=Brigitte A B Essers(1 eq),2016740,0,artefacts/03_works/A5056962219.json
Camilla Falivena,ready,use_cached_profile,,ok,A5014952669,,Camilla Falivena,0000-0003-3259-095X,Libera Università Maria SS. Assunta,,21,1,,354-RA,0,artefacts/03_works/A5014952669.json
Cathrine Elgaard Jensen,ready,use_cached_profile,,ok,A5102727513,A5003573062,Cathrine Elgaard Jensen,0000-0001-7300-254X,Aalborg University,,12,9,A5003573062=Cathrine Elgaard Jensen(3 eq),1606-RA,0,artefacts/03_works/A5102727513.json
Ciaran O'Neill,ready,use_cached_profile,,ok_via_works,A5016414995,A5026057829;A5013966743,Ciarán O’Neill,0000-0001-7668-3934,Queen's University Belfast,,306,27,A5074975521=Ciaran O’Neill(1 eq); A5026057829=Ciaran O'Neill(3 eq); A5013966743=Linda O’Neill(2 eq); A5077308157=Stephen O’Neill(1 eq); A5027267415=Brian Patrick O’Neill(1 eq),2013280,0,artefacts/03_works/A5016414995.json
Claire Gudex,ready,use_cached_profile,,ok,A5047944478,,Claire Gudex,0000-0003-3881-9890,University of Southern Denmark,University of Southern Denmark,125,40,,20170400,1,artefacts/03_works/A5047944478.json
Corneliu Bolbocean,ready,use_cached_profile,,ok,A5018646670,A5060530858,Corneliu Bolbocean,0000-0001-5782-1844,John Radcliffe Hospital,,44,12,A5060530858=C Bolbocean(2 eq),1869-SG,0,artefacts/03_works/A5018646670.json
Cynthia L. Gong,ready,use_cached_profile,,ok,A5101451604,,Cynthia L. Gong,0000-0003-0159-1335,Children's Hospital of Los Angeles,,83,9,,328-RA,0,artefacts/03_works/A5101451604.json
Darshini Govindasamy,ready,use_cached_profile,,ok,A5050754442,,Darshini Govindasamy,0000-0001-5984-3588,South African Medical Research Council,,65,2,,144-RA,0,artefacts/03_works/A5050754442.json
David Parkin,ready,use_cached_profile,,ok,A5081956728,A5113714864,David Parkin,0000-0002-9990-8208,,,221,44,A5113714864=David E. Parkin(8 eq); A5062986955=David G. Marrero(18 eq),20170440,1,artefacts/03_works/A5081956728.json
David Whitehurst,ready,use_cached_profile,,ok,A5045933977,,David G. T. Whitehurst,0000-0002-7890-6756,Simon Fraser University,Simon Fraser University,107,46,A5139456769=David G. Whitehurst(1 eq),2016350,1,artefacts/03_works/A5045933977.json
Deborah Marshall,ready,use_cached_profile,,ok,A5049401142,A5007980923,Deborah A. Marshall,0000-0002-8467-8008,University of Calgary,,548,27,A5007980923=Deborah Marshall(3 eq),1752-RA,0,artefacts/03_works/A5049401142.json
Deborah Street,ready,use_cached_profile,,ok,A5053497885,,Deborah J. Street,0000-0002-4476-0656,University of Technology Sydney,University of Technology Sydney,187,21,,20190350,1,artefacts/03_works/A5053497885.json
Des Scott,ready,use_cached_profile,,ok,A5038664789,,Des Scott,0000-0003-3943-7392,University of Cape Town,University of Cape Town,20,15,,2248-TR,1,artefacts/03_works/A5038664789.json
Elena Olariu,ready,use_cached_profile,,ok,A5018887750,,Elena Olariu,0000-0002-8718-5516,Matia Fundazioa,,33,7,,20180030R1,0,artefacts/03_works/A5018887750.json
Eliza Wong,ready,use_cached_profile,,ok,A5033480820,A5053432946,Eliza Lai‐Yi Wong,0000-0001-9983-6219,Department of Health,,373,44,A5053432946=Eliza Mi Ling Wong(6 eq),20180750,0,artefacts/03_works/A5033480820.json
Emelie Heintz,ready,use_cached_profile,,ok,A5052327641,,Emelie Heintz,0000-0002-0715-7591,Stockholm School of Economics,,81,30,,20180760,0,artefacts/03_works/A5052327641.json
Eri Hoshino,ready,use_cached_profile,,ok,A5068533812,,Eri Hoshino,0000-0003-2308-2048,National Center For Child Health and Development,,77,4,,2085-VS,0,artefacts/03_works/A5068533812.json
Erwin Birnie,ready,use_cached_profile,,ok,A5023843843,,Erwin Birnie,0000-0002-4534-4857,University Medical Center Groningen,,341,31,,20200060,0,artefacts/03_works/A5023843843.json
Eszter Szlávicz,ready,use_cached_profile,,ok,A5086041403,,Eszter Szlávicz,0000-0002-1083-0994,Veszprémi Érseki Hittudományi Fõiskola,,33,1,,2400-RA,0,artefacts/03_works/A5086041403.json
Gerkens Sophie,ready,use_cached_profile,,ok,A5063513647,,Sophie Gerkens,0000-0001-6211-3471,Belgian Health Care Knowledge Centre (KCE),,154,4,,20170491,0,artefacts/03_works/A5063513647.json
Girma Tekle Gebremariam,ready,use_cached_profile,,ok,A5008650274,,Girma Tekle Gebremariam,0000-0002-2747-7955,Addis Ababa University,,22,10,,343-RA,0,artefacts/03_works/A5008650274.json
Hannah Hussain,ready,use_cached_profile,,ok,A5015275165,,Hannah Hussain,0009-0002-5645-184X,Office Of Health Economics,,12,5,,1967-RA,0,artefacts/03_works/A5015275165.json
Helen Harcombe,ready,use_cached_profile,,ok,A5081829233,,Helen Harcombe,0000-0002-2612-1789,University of Otago,,56,2,,2015160,0,artefacts/03_works/A5081829233.json
Hesam Ghiasvand,ready,use_cached_profile,,ok,A5011771775,,Hesam Ghiasvand,0000-0002-3110-6954,University of Warwick,,60,1,,2423-BT,0,artefacts/03_works/A5011771775.json
Hilton Lam,ready,use_cached_profile,,ok,A5071601943,,Hilton Y. Lam,0000-0003-4042-5997,University of the Philippines Manila,,104,6,,20170230,0,artefacts/03_works/A5071601943.json
Hsiang-Wen Lin,ready,use_cached_profile,,ok,A5003956817,A5100874069,Hsiang‐Wen Lin,0000-0002-6771-6746,China Medical University,,68,13,A5100874069=Hsiang-Wen Lin(4 eq); A5108671876=Hsiang-Wen Lin(1 eq),2016440,0,artefacts/03_works/A5003956817.json
Ilan Koppen,ready,use_cached_profile,,ok,A5031557006,,Ilan J.N. Koppen,0000-0002-1856-0968,Emma Kinderziekenhuis,,98,5,,1468-RA,0,artefacts/03_works/A5031557006.json
Ilias Goranitis,ready,use_cached_profile,,ok,A5023451391,,Ilias Goranitis,0000-0001-7946-8324,The University of Melbourne,,153,14,,454-RA,0,artefacts/03_works/A5023451391.json
Iwan van der Horst,ready,use_cached_profile,,ok,A5024802434,,Iwan C.C. van der Horst,0000-0003-3891-8522,Cardiovascular Institute Hospital,,342,11,A5109996343=Iwan C. van der Horst(1 eq); A5109591436=Iwan van der Horst(1 eq); A5104342410=Iwan C. C. van der Horst(1 eq),1539-SG,0,artefacts/03_works/A5024802434.json
Jan Henrik Terheyden,ready,use_cached_profile,,ok,A5069023369,,Jan Henrik Terheyden,0000-0002-0174-4066,University of Bonn,,97,3,,2357-BT,0,artefacts/03_works/A5069023369.json
Jan Verhaar,ready,use_cached_profile,,ok,A5035697100,,Jan A.N. Verhaar,0000-0003-3016-9600,Erasmus MC,,575,11,,200-RA,0,artefacts/03_works/A5035697100.json
Janine van Til,ready,use_cached_profile,,ok,A5070605387,,Janine A. van Til,0000-0002-5416-5893,University of Twente,,135,3,,285-PHD,0,artefacts/03_works/A5070605387.json
Jenny Downs,ready,use_cached_profile,,ok,A5045593878,,Jenny Downs,0000-0001-7358-9037,The Kids Research Institute Australia,,334,11,,429-RA,0,artefacts/03_works/A5045593878.json
Jeremy Dietz,ready,use_cached_profile,,ok,A5078556304,,Jeremy Dietz,,National Institute for Health and Care Excellence,,6,1,A5123048171=Jeremy Dietz(1 eq),1879-EO,0,artefacts/03_works/A5078556304.json
Jermaine Dambi,ready,use_cached_profile,,ok,A5081348197,,Jermaine M. Dambi,0000-0002-2446-7903,University of Zimbabwe,,81,18,A5048329641=Jermaine Matewu Dambi(1 eq),212-RA,0,artefacts/03_works/A5081348197.json
Jeshika Singh,ready,use_cached_profile,,ok,A5036902866,,Jeshika Singh,0000-0003-3321-5481,Daiichi Sankyo (United States),,30,9,,2015390,0,artefacts/03_works/A5036902866.json
Jiabi Wen,ready,use_cached_profile,,ok,A5001767251,,Jiabi Wen,0000-0001-9579-9625,University of Alberta,,13,6,,2288-EO,0,artefacts/03_works/A5001767251.json
Jiyoung Park,ready,use_cached_profile,,ok_via_works,A5100409602,A5004062042;A5083008074,Jiyoung Park,0000-0003-1374-9187,,,,6,A5004062042=Hyeung-Keun Park(3 eq); A5083008074=Young-Kwon Park(3 eq); A5079480739=Danbee Park(1 eq); A5011904557=Chongwon Park(1 eq); A5101847622=Myungsook Park(1 eq); A5016509472=Hee‐Won Park(1 eq); A5012306986=Hue Jung Park(1 eq); A5067451446=Chun Wook Park(1 eq); A5080320128=Chul Jong Park(1 eq); A5080097273=Hai‐Jin Park(1 eq); A5070659323=Jiyoung Park(1 eq); A5068610788=Chaehyun Park(1 eq),2450-RA,0,artefacts/03_works/A5100409602.json
John Yfantopoulos,ready,use_cached_profile,,ok,A5050078092,,John Yfantopoulos,0000-0003-0424-6887,National and Kapodistrian University of Athens,University of Athens,125,26,,1710-VS,1,artefacts/03_works/A5050078092.json
Jose Luis Pinto-Prades,ready,use_cached_profile,,ok,A5017788431,,José Luis Pinto Prades,0000-0002-9684-3410,Universidad de Navarra,,171,22,,2015210,0,artefacts/03_works/A5017788431.json
Josephine Walker,ready,use_cached_profile,,ok,A5038317615,,Josephine G. Walker,0000-0002-9732-5738,At Bristol,,164,5,,1732-VS,0,artefacts/03_works/A5038317615.json
Juan Pedro Alonso,ready,use_cached_profile,,ok_via_works,A5109481311,,María del Mar Alonso Montejo,,,,,2,A5111943550=Juan Carlos Torre‐Alonso(1 eq); A5082257111=Mónica Alonso-Martín(1 eq); A5093199173=Rafael Alonso-Valente(1 eq); A5018990701=Ma José Catalán Alonso(1 eq); A5072403243=Javier Blasco‐Alonso(1 eq); A5093481784=Natalia Alonso‐Pérez(1 eq); A5056614217=José Ramón Alberto‐Alonso(1 eq); A5093481794=Pedro Alonso‐López(1 eq); A5079030463=Rafael Alonso Valente(1 eq); A5102667392=Alonso R. Valente(1 eq),2592-RA,0,artefacts/03_works/A5109481311.json
Judith Bosmans,ready,use_cached_profile,,ok,A5016039203,,Judith E. Bosmans,0000-0002-1443-1026,Department of Health,,377,54,,71-RA,0,artefacts/03_works/A5016039203.json
Julie Ratcliffe,ready,use_cached_profile,,ok,A5070505553,,Julie Ratcliffe,0000-0001-7365-1988,Flinders University,,507,140,A5103150407=Julie Ratcliffe(1 eq),194-RA,0,artefacts/03_works/A5070505553.json
Juntana Pattanaphesaj,ready,use_cached_profile,,ok,A5040546783,,Juntana Pattanaphesaj,0000-0003-1426-6777,Ministry of Public Health,,9,5,,2013030,0,artefacts/03_works/A5040546783.json
KM Vermeulen,ready,use_cached_profile,,ok,A5110324582,,KM Vermeulen,,University Medical Center Groningen,,4,1,A5093753904=Vermeulen KM(1 eq),2016700,0,artefacts/03_works/A5110324582.json
Katie Page,ready,use_cached_profile,,ok,A5103147397,,Karen Page,0000-0001-9183-9175,University of Technology Sydney,,276,3,A5055703081=Katie Page(1 eq),20180301,0,artefacts/03_works/A5103147397.json
Katie Spencer,ready,use_cached_profile,,ok,A5073760994,,Katie Spencer,0000-0002-6846-4341,University of Leeds,,89,1,,20180670,0,artefacts/03_works/A5073760994.json
Kelly de Ligt,ready,use_cached_profile,,ok,A5000687889,A5085064498,Kelly M. de Ligt,0000-0001-9218-617X,Tilburg University,,68,23,A5114124402=Kelly de Ligt(1 eq); A5085064498=K. de Ligt(2 eq),2317-RA,0,artefacts/03_works/A5000687889.json
Kidu Gidey,ready,use_cached_profile,,ok,A5040157120,,Kidu Gidey,0000-0002-7363-1327,Mekelle University,,40,2,,1627-RA,0,artefacts/03_works/A5040157120.json
Klas Goran Sahlen,ready,use_cached_profile,,ok,A5069574274,,Klas-Göran Sahlèn,0000-0002-3975-4868,,,71,13,,20180770,0,artefacts/03_works/A5069574274.json
Knut Stavem,ready,use_cached_profile,,ok,A5033845511,,Knut Stavem,0000-0003-4512-8000,University of Oslo,Akershus University Hospital,287,66,,1816-RA,1,artefacts/03_works/A5033845511.json
Kompal Sinha,ready,use_cached_profile,,ok,A5026880787,,Kompal Sinha,0000-0003-4318-6100,International Labour Organization,,93,6,,430-RA,0,artefacts/03_works/A5026880787.json
Kristina Burström,ready,use_cached_profile,,ok,A5005862614,,Kristina Burström,0000-0001-9996-4317,Karolinska Institutet,,89,60,,2016480,0,artefacts/03_works/A5005862614.json
Kristina Ludwig,ready,use_cached_profile,,ok,A5035184665,,Kristina Ludwig,0000-0002-4306-4667,Bielefeld University,"(1) Department of Health Economics & Health Care Management, School of Public Health, Bielefeld University, Germany; (2) EuroQol Research Foundation",46,28,A5106693152=Ludwig Kristina(1 eq),1762-RA,1,artefacts/03_works/A5035184665.json
Lars Ehlers,ready,use_cached_profile,,ok,A5054828864,,Lars Holger Ehlers,0000-0001-6512-5566,Nordic School of Public Health,,310,26,,20170401,0,artefacts/03_works/A5054828864.json
Lina Maria Serna Higuita,ready,use_cached_profile,,ok,A5022647682,,Lina María Serna-­Higuita,0000-0001-5182-8295,Institute for Medical Informatics and Biostatistics,,228,4,,2338-RA,0,artefacts/03_works/A5022647682.json
Luis Rajmil,ready,use_cached_profile,,ok,A5000326162,,Luís Rajmil,0000-0002-6625-0649,Agencia de Salud Pública de Barcelona,,211,66,,2016490,0,artefacts/03_works/A5000326162.json
Malin Regardt,ready,use_cached_profile,,ok,A5010406225,A5085481794,Malin Regardt,0000-0002-1908-5708,Karolinska University Hospital,,57,21,A5085481794=M Regardt(3 eq); A5137968190=Malin Regardt(1 eq); A5143489809=Malin Regardt(1 eq),352-RA,0,artefacts/03_works/A5010406225.json
Margreet Franken,ready,use_cached_profile,,ok,A5089696059,,M Franken,0000-0003-4207-510X,Radboud University Nijmegen,,104,9,,196-RA,0,artefacts/03_works/A5089696059.json
Mark Sculpher,ready,use_cached_profile,,ok,A5060049178,A5129518673,Mark Sculpher,0000-0003-3746-9913,University of York,,641,90,A5129518673=Mark Sculpher(2 eq),20180710,0,artefacts/03_works/A5060049178.json
Martijn Doeleman,ready,use_cached_profile,,ok,A5038383689,,Martijn J. H. Doeleman,0000-0003-4786-4108,Utrecht University,,13,2,,2101-EO,0,artefacts/03_works/A5038383689.json
Martin Härter,ready,use_cached_profile,,ok,A5048738092,,Martin Härter,0000-0001-7443-9890,Universität Hamburg,,856,24,,1719-RA,0,artefacts/03_works/A5048738092.json
Maureen Rutten-van Molken,ready,use_cached_profile,,ok,A5010272673,A5121515935,Maureen Rutten‐van Mölken,0000-0001-8706-3159,Erasmus University Rotterdam,,478,60,A5121515935=Maureen Rutten-van Mölken(2 eq),2015020,0,artefacts/03_works/A5010272673.json
Meixia Liao,ready,use_cached_profile,,ok,A5079423723,,Meixia Liao,0000-0001-7859-3684,National University of Singapore,,17,8,,1979-EO,0,artefacts/03_works/A5079423723.json
Min-Joo Woo,ready,use_cached_profile,,ok_via_works,A5028665396,A5101624294;A5024260821;A5083043316;A5053689286;A5100452176,Woo‐Jung Song,0000-0002-4630-9922,,,,4,A5101624294=Jae‐Woo Jung(3 eq); A5024260821=Jae‐Woo Kwon(3 eq); A5083043316=Woo‐Kie Min(2 eq); A5053689286=Woo Kyung Kim(2 eq); A5100452176=Sang Woo Kim(2 eq); A5087392818=Min Woo Woo(1 eq); A5052219459=Cheol Woo Ko(1 eq); A5049488372=Jin-Woo Han(1 eq); A5090604870=Jong‐Min Woo(1 eq); A5043314694=Ro Woo Lee(1 eq); A5089346856=Yu Ri Woo(1 eq); A5033724239=Heung‐Woo Park(1 eq); A5005485828=Kun Woo Park(1 eq); A5100742649=Jae Woo Kim(1 eq); A5102811811=Cheol-Woo Kim(1 eq); A5077513339=Young-Min Ye(1 eq); A5101923707=Joohee Kim(1 eq),2013020,0,artefacts/03_works/A5028665396.json
Nyantara Wickramasekera,ready,use_cached_profile,,ok,A5077076014,,Nyantara Wickramasekera,0000-0002-6552-5153,University of Sheffield,,58,4,,2102-RA,0,artefacts/03_works/A5077076014.json
Oriana Ciani,ready,use_cached_profile,,ok,A5008052793,,Oriana Ciani,0000-0002-3607-0508,University of Exeter,,259,28,,316-EO,0,artefacts/03_works/A5008052793.json
Paul Krabbe,ready,use_cached_profile,,ok,A5061371202,,Paul F. M. Krabbe,0000-0001-6042-1243,University Medical Center Groningen,University Medical Center Groningen,266,89,A5088926761=Krabbe Paul(1 eq),2014150,1,artefacts/03_works/A5061371202.json
Pedro Ferreira,ready,use_cached_profile,,ok,A5048178253,A5100602883,Pedro Lopes Ferreira,0000-0002-9448-9542,University of Lisbon,,349,53,A5100602883=João Pedro Ferreira(13 eq),2015110,0,artefacts/03_works/A5048178253.json
Piyameth Dilokthornsakul,ready,use_cached_profile,,ok,A5013970219,,Piyameth Dilokthornsakul,0000-0002-6981-1771,Nakornping Hospital,,176,11,,1982-VS,0,artefacts/03_works/A5013970219.json
Prudence Cheung,ready,use_cached_profile,,ok,A5011025629,A5129501642,Prudence Wing Hang Cheung,0000-0002-3213-7373,University of Hong Kong,,117,32,A5129501642=Prudence Cheung(4 eq),1808-RA,0,artefacts/03_works/A5011025629.json
Rebecca Addo,ready,use_cached_profile,,ok,A5005424373,,Rebecca Addo,0000-0002-5970-1122,University of Technology Sydney,,29,6,,1899-RA,0,artefacts/03_works/A5005424373.json
Sarega Gurudas,ready,use_cached_profile,,ok,A5067968462,,Sarega Gurudas,0000-0002-2656-0570,Moorfields Eye Hospital NHS Foundation Trust,,46,1,,2139-RA,0,artefacts/03_works/A5067968462.json
Sayem Ahmed,ready,use_cached_profile,,ok,A5011474576,,Sayem Ahmed,0000-0001-9499-1500,Department of Health and Social Care,,227,11,,2202-VS,0,artefacts/03_works/A5011474576.json
Seungjin Bae,ready,use_cached_profile,,ok,A5038405248,,SeungJin Bae,0000-0002-8993-8884,Ewha Womans University,,117,1,,2510-VS,0,artefacts/03_works/A5038405248.json
Simone Schieskow,ready,use_cached_profile,,ok,A5117152200,,Simone Schieskow,,Bielefeld University,"Bielefeld University, School of Public Health, Department of Health Economics and Health Care Management",4,3,,20180450,1,artefacts/03_works/A5117152200.json
Soumana Chamoun Nasser,ready,use_cached_profile,,ok,A5029600163,,Soumana C. Nasser,0000-0003-4202-7116,Lebanese American University,,38,5,,2585-RA,0,artefacts/03_works/A5029600163.json
Stella Heemskerk,ready,use_cached_profile,,ok,A5025807986,,Stella C M Heemskerk,0000-0002-1320-8084,Erasmus MC,,13,6,A5128901318=Stella C.M. Heemskerk(1 eq); A5140912878=Stella C.M. Heemskerk(1 eq),2638-RA,0,artefacts/03_works/A5025807986.json
Stephen Coons,ready,use_cached_profile,,ok,A5052220528,A5109900536,Stephen Joel Coons,0000-0001-7977-5156,Critical Path Institute,,203,47,A5109900536=Stephen Joel Coons(2 eq),2014180,0,artefacts/03_works/A5052220528.json
Sun Sun,ready,use_cached_profile,,ok_via_works,A5081188742,A5101892958,Sun Sun,0000-0001-5948-3025,,Parexel/Umeå University,,10,A5101892958=Sun Wook Kim(2 eq); A5100953230=Kui Sun(1 eq); A5068381333=In‐Sun Kwon(1 eq); A5007163195=Sun‐Seog Kweon(1 eq); A5067331756=Hongpeng Sun(1 eq); A5044140980=Xiaojie Sun(1 eq); A5027471073=Peng-ran Sun(1 eq); A5020991724=Shawn X. Sun(1 eq); A5102019997=Shumei S. Sun(1 eq); A5080077644=Yiyuan Sun(1 eq); A5102936644=Xibin Sun(1 eq); A5100702983=He Sun(1 eq); A5101603075=Yanping Sun(1 eq); A5079581260=Li‐Min Sun(1 eq); A5016760346=Ling Sun(1 eq),1561-RA,1,artefacts/03_works/A5081188742.json
Taavi Lai,ready,use_cached_profile,,ok,A5109074641,,Taavi Lai,,The Fourth People's Hospital,,46,1,,2602-SG,0,artefacts/03_works/A5109074641.json
Teresa Tsui,ready,use_cached_profile,,ok,A5089652474,,Teresa Tsui,0000-0002-9806-9393,Sunnybrook Health Science Centre,,17,5,,1456-PD,0,artefacts/03_works/A5089652474.json
Tomos Robinson,ready,use_cached_profile,,ok,A5048830550,,Tomos Robinson,0000-0001-8695-9738,St Nicholas Hospital,,63,7,,2196-RA,0,artefacts/03_works/A5048830550.json
Ulrike Ravens-Sieberer,ready,use_cached_profile,,ok,A5049804622,A5059696988,Ulrike Ravens‐Sieberer,0000-0002-2031-095X,Universität Hamburg,University Medical Center Hamburg-Eppendorf,462,131,A5036898038=U. Ravens-Sieberer(1 eq); A5059696988=Ulrike Ravens Sieberer(2 eq),2016270,1,artefacts/03_works/A5049804622.json
Vincent Lau,ready,use_cached_profile,,ok,A5022213392,,Vincent Lau,0000-0002-9939-7348,Alberta Health Services,,74,2,A5058547242=K. H. Vincent Lau(1 eq),299-RA,0,artefacts/03_works/A5022213392.json
Willem van Veghel,ready,use_cached_profile,,ok,A5003208889,,Willem H. P. van Veghel,,Sint Franciscus Gasthuis,,2,1,,1584-SG,0,artefacts/03_works/A5003208889.json
Yap Xin Yi,ready,use_cached_profile,,ok,A5058382403,,Yajun Yi,0000-0002-7135-6325,Beijing Children’s Hospital,,79,1,,2290-EO,0,artefacts/03_works/A5058382403.json
Yifan Ding,ready,use_cached_profile,,ok_via_works,A5076822287,,Yifan Ding,0009-0006-8112-628X,,,,5,A5061534385=Wei Ding(1 eq),2188-TVG,0,artefacts/03_works/A5076822287.json
Yirga Legesse Niriayo,ready,use_cached_profile,,ok,A5025678242,,Yirga Legesse Niriayo,0000-0002-6943-753X,Mekelle University,,28,1,,2563-RA,0,artefacts/03_works/A5025678242.json
thomas kohlmann,ready,use_cached_profile,,ok,A5031953969,,Thomas Kohlmann,0000-0002-5956-8309,Universitätsmedizin Greifswald,University of Greifswald,430,67,,20170130,1,artefacts/03_works/A5031953969.json
Ataru Igarashi,ready,use_cached_profile,,ok,A5071771037,,Ataru Igarashi,0000-0001-6307-6916,University of Tokyo Health Sciences,The University of Tokyo,371,52,A5073828554=A Igarashi(1 eq),,1,artefacts/03_works/A5071771037.json
Barbara Spady,ready,use_cached_profile,,ok_via_works,A5032609556,,Barbara Conner‐Spady,0000-0001-5674-4795,University of Calgary,University of Calgary,63,17,,,1,artefacts/03_works/A5032609556.json
Caitlyn Solem,ready,use_cached_profile,,ok,A5090387330,,Caitlyn T. Solem,,GlaxoSmithKline (United States),GSK,121,25,,,1,artefacts/03_works/A5090387330.json
Erica Lubetkin,ready,use_cached_profile,,ok,A5037314317,,Erica I. Lubetkin,0000-0001-9962-7775,CUNY School of Law,City University of New York School of Medicine,94,46,A5136506788=Erica Lubetkin(1 eq); A5138147876=Erica I. Lubetkin(1 eq),,1,artefacts/03_works/A5037314317.json
Ernest Law,ready,use_cached_profile,,ok,A5040405517,,Ernest H. Law,0000-0002-6111-8008,Pfizer (United States),Pfizer,126,21,,,1,artefacts/03_works/A5040405517.json
Fan Yang,ready,use_cached_profile,,ok_via_works,A5056976700,A5074244556;A5006311711;A5028809099,Fan Yang,0000-0003-4689-265X,,Analysis Group,,9,A5074244556=Wanting Yang(3 eq); A5006311711=Xiaofei Fan(3 eq); A5028809099=Zhihao Yang(2 eq); A5101540097=Xiao Yang(1 eq); A5072203049=Dazhi Fan(1 eq); A5101640116=Xue Yang(1 eq); A5050065410=Bin Yang(1 eq); A5040528059=Fengyan Fan(1 eq); A5085516779=Lei Yang(1 eq); A5059784345=Yang Cao(1 eq); A5037500856=Li Yang(1 eq); A5100532253=Wenyi Fan(1 eq); A5101040799=Yang-Chih Lin(1 eq); A5112634380=Kuo-Chia Yang(1 eq); A5100397590=Yang Yang(1 eq); A5078136185=Shengnuo Fan(1 eq); A5050534760=Zhao‐hui Yang(1 eq); A5063850097=Yang-Fan Chen(1 eq); A5100719711=Fan Yang(1 eq); A5100591300=Jingzhi Fan(1 eq); A5065665543=Zihao Fan(1 eq); A5040315632=Xiaoang Yang(1 eq); A5111264511=Qiulan Yang(1 eq); A5100712124=Yuying Fan(1 eq); A5023793312=Rong Fan(1 eq); A5059187721=Litao Yang(1 eq),,1,artefacts/03_works/A5056976700.json
Harri Sintonen,ready,use_cached_profile,,ok,A5032927955,A5109039017,Harri Sintonen,0000-0003-1252-0946,University of Helsinki,University of Helsinki/Department of Public Health,488,291,A5109039017=Sintonen Harri(3 eq); A5091222738=H Sintonen(1 eq); A5070129016=Harri Sintonen P x E ivi Vaara(1 eq),,1,artefacts/03_works/A5032927955.json
James Shaw,ready,use_cached_profile,,ok,A5055862397,A5091413872,James W. Shaw,0000-0002-7019-3720,Bristol-Myers Squibb (United States),Takeda Pharmaceuticals,156,45,A5091413872=James Shaw(5 eq),,1,artefacts/03_works/A5055862397.json
Juan Cabasés,ready,use_cached_profile,,ok,A5039017875,,Juan Manuel Cabasés Hita,0000-0003-0207-4137,Universidad de Navarra,"Department of Economics, Universidad Pública de Navarra",141,31,A5141830454=Juan Cabases(1 eq),,1,artefacts/03_works/A5039017875.json
Kristina Secnik Boye,ready,use_cached_profile,,ok,A5039006946,,Kristina S. Boye,0000-0002-5953-5929,Eli Lilly (United States),Eli Lilly and Company,243,41,,,1,artefacts/03_works/A5039006946.json
Leida Lamers,ready,use_cached_profile,,ok,A5091647381,,Leida M. Lamers,,Institut für Forschung und Transfer,"Ministry of Health, Welfare and Sports",51,11,,,1,artefacts/03_works/A5091647381.json
Liv Ariane Augestad,ready,use_cached_profile,,ok,A5054297438,,Liv Ariane Augestad,0000-0003-3330-5081,University of Oslo,University of Oslo,31,23,,,1,artefacts/03_works/A5054297438.json
Min-Woo Jo,ready,use_cached_profile,,ok,A5015763173,,Min‐Woo Jo,0000-0002-4574-1318,Ulsan College,"Department of Preventive Medicine, University of Ulsan College of Medicine",231,79,A5112107115=Min Woo Jo(1 eq); A5112212980=Min-Woo Jo(1 eq),,1,artefacts/03_works/A5015763173.json
Márta Péntek,ready,use_cached_profile,,ok,A5064557440,A5031376763;A5124456882,Márta Péntek,0000-0001-9636-6012,Obuda University,Obuda University,349,125,A5031376763=Márta Péntek(3 eq); A5056245079=M Péntek(1 eq); A5124456882=Márta Péntek(2 eq); A5138970384=Márta Péntek(1 eq),,1,artefacts/03_works/A5064557440.json
Rachel Tan,ready,use_cached_profile,,ok,A5047279366,,Rachel Lee-Yin Tan,0000-0002-4610-1195,,IQVIA,37,21,,,1,artefacts/03_works/A5047279366.json
Richard Brooks,ready,use_cached_profile,,ok,A5112107099,A5016131855,Richard Brooks,,Guiyang Medical University,Retirement Association,66,22,A5016131855=Richard R. Brooks(2 eq),,1,artefacts/03_works/A5112107099.json
Ruixuan Jiang,ready,use_cached_profile,,ok,A5049026946,,Ruixuan Jiang,0000-0003-1737-2989,"Merck & Co., Inc., Rahway, NJ, USA (United States)","Merck & Co., Inc.,",58,19,,,1,artefacts/03_works/A5049026946.json
