aa31848f9246a3cd31b6dcd6e1188c3abcd548b4e1c0e40edc1e01a6936e89d1	34892	EVALUATION.json
a8b4d430d32c11fd0601c448ab52102161635eafddc258d611fb3abd5d533a3f	3636	EVALUATION.md
e8a6bdf3929538b7453da3ba097123efe6a80bd1b2eb25a0865f21735d86ef89	23867	SUMMARY.json
01aea0695235ec15f0532f029a31bb7190d41b83f2637c1287b30ae643af480b	21393	VALIDATION.json
9b3f1b84c1556a51ea24e021a7e26953304a4a63d39d2cfc1158fbea3e8585d2	2034	VALIDATION.md
f78eb488db9f2daa0736da644f8b1bf9664e41e863ebc0580341756716e8bbe2	2523136	calibration-30-final.sqlite
0518dec57312b5083e55c1f183fe163ce64c817841f46daf0145fb0ee058976e	11425	records/B01.md
0f58d705a021a1f70398f0a6514f06b01db7621aef41e323a20820fb2d02eeb5	10805	records/B02.md
21b824895bd33931405c5adaf7ba4642abcaff975b34d35cd8712752fe5e0202	10620	records/B03.md
ae4b0e622abc5035242231c76ac3653c10265d4ab31810f7dc2a247bd0ac8258	10878	records/B04.md
ad1a19ace1078e5797249218081f8bc45ec582976a846b6f36b8e9cb1b9d4f56	10920	records/B05.md
7e80010d3eab5b1095e9eb8cfb41846ff58a59ccb0e48e0b4cdf9d4ed7de8e5b	12153	records/B06.md
98397d7cc7a6b99749fb4432a5a38e051e5370148a34cc22973072d85c70f15c	10112	records/B07.md
d0ec61a1fa6f2ab560519fcd7c7170df0075fd585067e8baa8b78afa0346a928	9709	records/B08.md
3aefd99f71ae1039af72cac276aa91aca6159014a470c1de21cd90a76fbf3b54	8217	records/B09.md
4936d9e79e2c06a029c05473b22eaf51b3483b326f7a249f53e248293800a3a6	11266	records/B10.md
fa5a15e8ff4a5633c0fb89e2fe8066c0aa172b7b9b4deeb6e924b8133288f36a	11146	records/B11.md
682f090be293cec1ee5223255a96b02ca26625ebb9676ea49b9d052ceb30ae5c	12689	records/B12.md
c0c192f9b895fe44a1d134ffa73509ce09029e76ac4351f23ac8cbf2845d1a5f	8738	records/B13.md
0a58200c97c9c423edb11c321d21433fd2528186d4102382babf0764627a0946	9672	records/B14.md
d8f05382fb34133daba50c2b2b87de20e5db34123197471b11608755baaddc74	8386	records/B15.md
21f49ee0d6797c691da8550ab64d552138bc512b31329d8ade6785b1f46ea6aa	10750	records/B16.md
cdeb7e71d9289750db594097bb84ff896ded120fc99537064fb45780d3b891f7	1051	records/B17.md
5e1734513f62287d2d98051c2bbc6f03f876aa890dd30587b336d79cc4ecbdf7	9907	records/B18.md
68cc943069432377dea6faa8c62717d04a8ff04b680c9cdd2e55aae8c8ee0788	13178	records/B19.md
88c47f69d6ba277a00a61834137c0d957628322cf288c8115029c0943a13b502	12507	records/B20.md
59986cce1343062e46cadef51b9dccdc01391fd9bfd9fb63c96d1418abfb017c	9678	records/H01.md
d507517ab4d72bc979c7594cf67b3935ce92ddf4fc156efd961ab4e2644bd465	11111	records/H02.md
05e5ec0c46e924ed2a61626f2b93c2935731a6ea1fd31c625df4d07a07b6cd56	14318	records/H03.md
e2b6915d2084cacf8a413277512b3a52fdbc4519e36b2d238c574a3353411b9e	10168	records/H04.md
fbddb000cd7915edd9145daf0c9e26ab681c24663310023d9422dd80a4152d81	10923	records/H05.md
49267925c9ff0e00a727c86a827684248702900261f8c8b171021b9daa69b09a	10288	records/H06.md
8dd3e360737875527a7de71bb338413b1d96cc5be714e3b9a771a400d1ef2925	13384	records/H07.md
1a74ce27ce550058d4678d4c76538a3d4025718d442a5045cb638bce626641fe	15689	records/H08.md
2c3e18e5d03ff5b7852d254beb9636f3e44953ee747d041aa06728d72d298a0c	1648	records/H09.md
a7a6212acc8a8861f73aec5c77d45cef2c17b23a58b25a126e26ce85cc478e04	10303	records/H10.md
163c99ef3c047a6ac9ae84ad1ed403229f67a28a567ca74e6e1dc596b63014b4	11858	traces/B01.jsonl
879a4bf59f787dcd663eb39ba073f4ac59b1b4f7624e0f3c70e3dfd6086805a9	684	traces/B01.run.json
e3b0c44298fc1c149afbf4c8996fb92427ae41e4649b934ca495991b7852b855	0	traces/B01.stderr.txt
36177afae548d6539be2966e02eb4eb2a0e972b607d539998d83e637a1153532	11246	traces/B02.jsonl
cf134c13d3847416bd3f902c05e6b0ecd52a6a5a6e14155cdb4bd3c9f2f12a19	684	traces/B02.run.json
e3b0c44298fc1c149afbf4c8996fb92427ae41e4649b934ca495991b7852b855	0	traces/B02.stderr.txt
fe9834586e6fd17e2bbf8841a5ea1c4b8dd1614ce314971bbe8507317265d477	11063	traces/B03.jsonl
7aef98d743a43bdb89fa3b3b0c35192213c8dffd1afb710b1ccfc8f8e2cb771c	688	traces/B03.run.json
e3b0c44298fc1c149afbf4c8996fb92427ae41e4649b934ca495991b7852b855	0	traces/B03.stderr.txt
c23ca1a2623b4971e63a2910836df90c8e9b652b04e6d5a1f98c5875311d1c90	11328	traces/B04.jsonl
c9f5beb82c0a773f2794ebc0bdc56ea1ce362864f26738ed47eff4996f0fe56f	688	traces/B04.run.json
e3b0c44298fc1c149afbf4c8996fb92427ae41e4649b934ca495991b7852b855	0	traces/B04.stderr.txt
faa77d1215ad5efec77c221199bdf1ef086fe04c328c5bdd04f4e453236f791e	11376	traces/B05.jsonl
916994bbbb292f5e623974385919227dcf5df001f201fbbd31c99df7462a82ce	684	traces/B05.run.json
e3b0c44298fc1c149afbf4c8996fb92427ae41e4649b934ca495991b7852b855	0	traces/B05.stderr.txt
7f7ef650664e9012d9a44b7d5b71817e83e0edb5d0aceee3c857074b68926261	12596	traces/B06.jsonl
5141a1ad86afbfb2e7327104d6cd0ae95725c16fa067cfd08cdb88d895c7eabf	685	traces/B06.run.json
e3b0c44298fc1c149afbf4c8996fb92427ae41e4649b934ca495991b7852b855	0	traces/B06.stderr.txt
9ae15f726d27c04185f206088d1da83f5a1b575a19e0d912bbd3e512532b7ef2	10549	traces/B07.jsonl
2479d9855472d884c4cf066fe30124663560dccb2de415116cce8e029d1ec434	683	traces/B07.run.json
e3b0c44298fc1c149afbf4c8996fb92427ae41e4649b934ca495991b7852b855	0	traces/B07.stderr.txt
8cf832d6821d4ff8149c5f919bbf1994227aeaa0082e5b3360d0f6b9f13cd534	10138	traces/B08.jsonl
857679402e158a857302c172e8e4bf7f8d11bc98ecdf02c1f3a8c3015e832d28	683	traces/B08.run.json
e3b0c44298fc1c149afbf4c8996fb92427ae41e4649b934ca495991b7852b855	0	traces/B08.stderr.txt
c7d24987871c8e689466626a5c0cc9966dfc4cd8a51088a29726e977f440e5af	8648	traces/B09.jsonl
e65751b6d7e191e39c9d044959a621eee8075b64518682d4fc9a4a5b06277304	687	traces/B09.run.json
e3b0c44298fc1c149afbf4c8996fb92427ae41e4649b934ca495991b7852b855	0	traces/B09.stderr.txt
b095f790bd9174ec99748076758f63f3fac8f434dc399c46627a086466cea2ea	11716	traces/B10.jsonl
66a049baa73ac494652c98f605f4547817c3a323ccbdb4645ce64a49404019f5	684	traces/B10.run.json
e3b0c44298fc1c149afbf4c8996fb92427ae41e4649b934ca495991b7852b855	0	traces/B10.stderr.txt
784735e3ee80da330cb09e746b6285dc470ed77942bb6c56d941b34b96b57779	11591	traces/B11.jsonl
13c64f426c9b0dc1eea8d51a8cd3c336c26b8efe0090a49049a3e9a1a9e03424	686	traces/B11.run.json
e3b0c44298fc1c149afbf4c8996fb92427ae41e4649b934ca495991b7852b855	0	traces/B11.stderr.txt
06ec8a8249d52727c7467f62721cd1721838a51c8ba23c29ec5f7b8214ddec86	13147	traces/B12.jsonl
3d49d1534b8bb3a2ab4a18dd17c0efa0295773627f3a6fb54283b4ba99880241	685	traces/B12.run.json
e3b0c44298fc1c149afbf4c8996fb92427ae41e4649b934ca495991b7852b855	0	traces/B12.stderr.txt
17abc1ac48d46f51762134b6b9e209406a6205e8e9bd640fd523406616f97423	9174	traces/B13.jsonl
fa9c5a07426200fec94a8868cf8290028f9a13053f41a201eeb9a7d2f5a98a04	685	traces/B13.run.json
e3b0c44298fc1c149afbf4c8996fb92427ae41e4649b934ca495991b7852b855	0	traces/B13.stderr.txt
36f916ee7e349a060dc0863236772896cfdd8d398a36c7a3ecd2c821a0b74a3a	10115	traces/B14.jsonl
fcada52bc3b8892c43cd75e6d912cb8f1d0a0a7f52ce3dbc383a86ea9f39a761	685	traces/B14.run.json
e3b0c44298fc1c149afbf4c8996fb92427ae41e4649b934ca495991b7852b855	0	traces/B14.stderr.txt
97c1749b8121b7496ee5e65e1d05a58034908f0447ca20609cbefb7fb2451278	8805	traces/B15.jsonl
161b48834b0d318b17a23ca59809fb89d9afbb3d80570a049e113b89e70e226d	685	traces/B15.run.json
e3b0c44298fc1c149afbf4c8996fb92427ae41e4649b934ca495991b7852b855	0	traces/B15.stderr.txt
a1b559280e4e5bd20b2ea685ab8cda56d8c3a40761ccee0798e120ccfdf23c2e	11190	traces/B16.jsonl
d11a75ee80c2ad05d28f971a54c7dcbdb93fe6ab4ef12134f9d63a8ed69a546a	684	traces/B16.run.json
e3b0c44298fc1c149afbf4c8996fb92427ae41e4649b934ca495991b7852b855	0	traces/B16.stderr.txt
d7f0b2fa953331d7cd5ff8e2d3448c20bea22b0a0212630a283f1265c0605835	1402	traces/B17.jsonl
1b3cc06ed23f081de719628faf33fa781c5086fae1edaf68eaaa72c779191647	682	traces/B17.run.json
e3b0c44298fc1c149afbf4c8996fb92427ae41e4649b934ca495991b7852b855	0	traces/B17.stderr.txt
ea94b36b5743acfb33e52f8c6522de4f9adbf22428de1f7c06217923b9ec2922	10339	traces/B18.jsonl
f530cd85329452af3c39bf20317ecf4d8b1adcb374defd6a946b99afc74a346a	684	traces/B18.run.json
e3b0c44298fc1c149afbf4c8996fb92427ae41e4649b934ca495991b7852b855	0	traces/B18.stderr.txt
eba4f9343df2076b24af14a0bbad65e1bb4acdeccb4d7c37f5dfdeb88eca87e2	13642	traces/B19.jsonl
98aaae766846d41b66e287029c8704106bee12f0ad4ffe91b4c689e7c0a2e70a	686	traces/B19.run.json
e3b0c44298fc1c149afbf4c8996fb92427ae41e4649b934ca495991b7852b855	0	traces/B19.stderr.txt
05a0507e9cb6fd133e4cefdbc8b62273092ba9385e88c3fccf78ebf08eefb640	12960	traces/B20.jsonl
21fff168e4abea47935247802977c5c0f3b48e73db41349067bd5fcc910395e3	687	traces/B20.run.json
e3b0c44298fc1c149afbf4c8996fb92427ae41e4649b934ca495991b7852b855	0	traces/B20.stderr.txt
0df6813bb6fe348b98b3bd3c7e980ce692b9696efc9d2b9287d50c88387dc453	10115	traces/H01.jsonl
4bad6fc739005b6f4d2fb7a826dc608899d2c030423cd62b773c5b98e1459a50	684	traces/H01.run.json
e3b0c44298fc1c149afbf4c8996fb92427ae41e4649b934ca495991b7852b855	0	traces/H01.stderr.txt
193f21ce2686e925991d830f285b99730aa83051bb34fa35fc1db6020a97756c	11547	traces/H02.jsonl
8bb0e91ad2eecc7550efdabf3dd09d467424c7ac8831a05de418e37b71ef4973	684	traces/H02.run.json
e3b0c44298fc1c149afbf4c8996fb92427ae41e4649b934ca495991b7852b855	0	traces/H02.stderr.txt
324659946e3e47b7b96417c1e51554a66b988a3a16dab426456c0309b6f8c02d	14789	traces/H03.jsonl
5361b400f0b08151a30e0fca997d44aec3dce11c3b0015237e460a306ccfb1ed	685	traces/H03.run.json
e3b0c44298fc1c149afbf4c8996fb92427ae41e4649b934ca495991b7852b855	0	traces/H03.stderr.txt
a34e9df7ef05da61f26ae0318e0ae86c56108bc7ffd9112ddcbe44ce220deb88	10606	traces/H04.jsonl
15f74b292e809e49984ac67783968758dbbcc80dcbc581978b4f49fa0999eff4	685	traces/H04.run.json
e3b0c44298fc1c149afbf4c8996fb92427ae41e4649b934ca495991b7852b855	0	traces/H04.stderr.txt
4dab95b97b722e3b16b73e8fc19bfa8bd1d782b21572e5f6ac5a49202f328fd0	11370	traces/H05.jsonl
3b953bddffd4001f687520d3ca5d4b89686013946df81047293bd31011e26d65	685	traces/H05.run.json
e3b0c44298fc1c149afbf4c8996fb92427ae41e4649b934ca495991b7852b855	0	traces/H05.stderr.txt
527f55da2274aca79afb84b167f7d4c1ab29466d95092b43cf8b893feaaa9cf9	10728	traces/H06.jsonl
951e59262c75e1257821104a6e11d7c60c1315720971d94ae28babe99fd4bc93	685	traces/H06.run.json
e3b0c44298fc1c149afbf4c8996fb92427ae41e4649b934ca495991b7852b855	0	traces/H06.stderr.txt
f707502b9d833728a30d7c6eff8fbac08b215d37c72968a9a3c174f5c8970c43	13850	traces/H07.jsonl
6f1402f1316b70fb34e2909e7a76f4db0ee623043dcd5f5ef01837530236cc90	686	traces/H07.run.json
e3b0c44298fc1c149afbf4c8996fb92427ae41e4649b934ca495991b7852b855	0	traces/H07.stderr.txt
d51a52473cd39c48a1ce70f58b0e79c334177ddf903eb65fe5990937c3499867	16156	traces/H08.jsonl
298205d6b23ccb3dc59aa9443c92b4bf24d2db6187c1e6f9832685f0e37c6196	684	traces/H08.run.json
e3b0c44298fc1c149afbf4c8996fb92427ae41e4649b934ca495991b7852b855	0	traces/H08.stderr.txt
946f22948a5313471e6eabc9d123b70507739f29000240e2ab59a11b93b4d1f7	2003	traces/H09.jsonl
5dfbc81bb0827bbfc65377b05f5cf95e397e0b6a273cc7bd4809ae5250ecee68	688	traces/H09.run.json
e3b0c44298fc1c149afbf4c8996fb92427ae41e4649b934ca495991b7852b855	0	traces/H09.stderr.txt
18bc0e04a6173cda905521b6662f1e278d76d12d0276d0d56e12fec99a859751	10745	traces/H10.jsonl
365e9c6b5f740aff396f65b1be4ee1ccd3d9b651bf3815f4cb646a946c14e4f4	684	traces/H10.run.json
e3b0c44298fc1c149afbf4c8996fb92427ae41e4649b934ca495991b7852b855	0	traces/H10.stderr.txt
